"GEOID","POP","WHITE","BLACK","ASIAN","HISPANIC","FOREIGN_BORN","UNEMPL","PUBLIC_ASSIST","VACANT","OCCUPIED","OWNER","RENTER","MEDIAN_INCOME","MEDIAN_BUILT_YEAR","MEDIAN_HOME_VALUE","OTHER","SEX_RATIO","EDU_HIGH","HOME_VALUES_CAT","INCOME_CAT","BUILT_YEAR_CAT"
"17031822400",6214,0.699871258448664,0.00724171226263276,0.0439330543933054,0.242034116511104,0.294818152558738,0.0338785046728972,0.166412988330797,0.159129692832765,0.999919271006366,0.661593099949264,0.338406900050736,51782,1972,204900,0.993080141615706,0.000973951715374841,0.208534417068834,"medium","medium","medium"
"17031740100",2962,0.838284942606347,0,0.0135043889264011,0.143484132343011,0.0229574611748818,0.0554428668018932,0.0564924114671164,0.0883935434281322,0.999925474742094,0.850758853288364,0.149241146711636,84800,1954,245200,0.99527346387576,0.00103155006858711,0.329545454545455,"medium","medium","medium"
"17031530501",5073,0.0195150798344175,0.94066627242263,0,0.0264143504829489,0.0199093238714764,0.259273277819833,0.4314171883893,0.236418948283355,0.999865459794861,0.566875355719977,0.433124644280023,45651,0,121100,0.986595702739996,0.000799574317133735,0.142125042705842,"low","low","old"
"17031830300",4536,0.227733686067019,0.747574955908289,0.01168430335097,0.0125661375661376,0.0423280423280423,0.1521262604121,0.182966775854001,0.107351712614871,0.999949767749136,0.41553579784745,0.58446420215255,48491,1958,26000,0.999559082892416,0.000714933837429112,0.321384039900249,"low","medium","medium"
"17031750300",2523,0.892191835116924,0.0420134760206104,0.0103051922314705,0.0289338089575902,0.0257629805786762,0.0248833592534992,0.0387029288702929,0.0459081836327345,0.99995198119333,0.828451882845188,0.171548117154812,102543,1947,285700,0.973444312326595,0.000940769230769231,0.61928004881025,"medium","high","old"
"17031826303",3759,0.0548018089917531,0.93269486565576,0,0.00585262037776004,0.0170258047353019,0.171009771986971,0.153652392947103,0.125550660792952,0.999894594939448,0.794290512174643,0.205709487825357,53433,1963,126100,0.993349295025273,0.000816819719671339,0.189287152637938,"low","medium","medium"
"17031826500",5909,0.0626163479438145,0.897613809443222,0.00321543408360129,0.00930783550516162,0.0208157048569978,0.166260162601626,0.251590797846304,0.124303471924561,0.999939160103126,0.682329906999511,0.317670093000489,42581,1956,92100,0.9727534269758,0.000736409050837496,0.144477611940299,"low","low","medium"
"17031827801",5263,0.204446133384002,0.751472544176325,0.0144404332129964,0.0266007980239407,0.0419912597377921,0.113808197373657,0.146482122260669,0.0477759472817133,0.999972448309704,0.806228373702422,0.193771626297578,65833,1962,134400,0.996959908797264,0.000892484717727436,0.293715846994536,"low","medium","medium"
"17031825900",3529,0.0796259563615755,0.760555398129782,0,0.154718050439218,0.129215075092094,0.133152173913043,0.345940959409594,0.148468185388845,0.999863055485715,0.644833948339483,0.355166051660517,53922,1958,107000,0.994899404930575,0.000904479222881813,0.153015301530153,"low","medium","medium"
"17031822601",4214,0.766018035121025,0.0109159943046986,0.00996677740863787,0.206929283341243,0.179164689131467,0.0318761384335155,0.0643466841759685,0.0342422320862397,0.999977517096375,0.936309914642154,0.0636900853578464,85954,1960,218600,0.993830090175605,0.000831377661886137,0.324780553679946,"medium","medium","medium"
"17031819900",3255,0.930875576036866,0.00122887864823349,0.0175115207373272,0.0436251920122888,0.0298003072196621,0.0254645560908465,0.00380589914367269,0.0366636113657195,0.999965116715111,0.982873453853473,0.0171265461465271,193194,1959,624100,0.993241167434716,0.00110816062176166,0.761642463695543,"high","high","medium"
"17031500200",2140,0.0126168224299065,0.933644859813084,0,0,0,0.246651785714286,0.592875318066158,0.17696335078534,0.999774906466311,0.426208651399491,0.573791348600509,33909,0,144600,0.946261682242991,0.000579335793357934,0.184489795918367,"low","low","old"
"17031491400",3455,0.0237337192474674,0.953111432706223,0,0.000578871201157742,0.00926193921852388,0.309231762427372,0.454058876003568,0.278171281390856,0.999751915904086,0.24085637823372,0.75914362176628,33999,0,157500,0.977424023154848,0.000818421052631579,0.164490861618799,"low","low","old"
"17031817900",5570,0.108797127468582,0.78294434470377,0.00771992818671454,0.0750448833034111,0.0644524236983842,0.15963952365626,0.252670692057594,0.0392681838464971,0.999981761510611,0.680445889456572,0.319554110543428,54320,1956,183000,0.974506283662478,0.0012387459807074,0.152664649755643,"medium","medium","medium"
"17031815800",1587,0.826717076244486,0.00504095778197858,0.00819155639571519,0.132325141776938,0.0674228103339635,0.0399484536082474,0.0113268608414239,0.060790273556231,0.999901643536505,0.786407766990291,0.213592233009709,92917,1950,360800,0.972274732199118,0.000993718592964824,0.483950617283951,"high","high","old"
"17031720300",3930,0.564631043256997,0.325699745547074,0.00483460559796438,0.0585241730279898,0.0511450381679389,0.0426997245179063,0.0268500327439424,0.00779727095516569,0.999994893758258,0.940406024885396,0.0595939751146038,127112,0,370900,0.953689567430025,0.000988866396761134,0.679099462365591,"high","high","old"
"17031691400",3080,0,0.953896103896104,0.00941558441558442,0.013961038961039,0.0298701298701299,0.139929328621908,0.453100158982512,0.232458816351434,0.999815249706266,0.452305246422893,0.547694753577107,33939,0,141300,0.977272727272727,0.000532338308457711,0.217922606924644,"low","low","old"
"17031812801",3107,0.549404570325072,0.276472481493402,0.0514966205342774,0.0444158352108143,0.131960090119086,0.0811105062602069,0.111565420560748,0.0546659304251795,0.999968069985432,0.457943925233645,0.542056074766355,64760,1959,187900,0.921789507563566,0.000961489898989899,0.603029095257074,"medium","medium","medium"
"17031811000",4000,0.76025,0.002,0.0455,0.18375,0.218,0.026452527161077,0.0324483775811209,0.0418315432447711,0.999975321232511,0.906784660766962,0.0932153392330383,89022,1954,343400,0.9915,0.00094647201946472,0.394736842105263,"medium","medium","medium"
"17031670100",978,0.0316973415132924,0.7280163599182,0,0.240286298568507,0.1359918200409,0.32258064516129,0.602040816326531,0.315881326352531,0.999194829112488,0.35969387755102,0.64030612244898,24625,1947,161600,1,0.000862857142857143,0.100946372239748,"low","low","old"
"17031640800",1682,0.196195005945303,0.0267538644470868,0.014268727705113,0.762782401902497,0.269916765755054,0.0927601809954751,0.133333333333333,0.0222984562607204,0.999960881431619,0.810526315789474,0.189473684210526,46944,1951,214300,1,0.000958090803259604,0.274442538593482,"medium","medium","medium"
"17031690400",2958,0,0.987491548343475,0,0.00878972278566599,0.00270453008789723,0.123501199040767,0.345781466113416,0.255023183925811,0.999823666518119,0.257952973720609,0.742047026279391,23750,0,172900,0.996281271129141,0.000657142857142857,0.236030397854269,"medium","low","old"
"17031671200",1031,0.0242483026188167,0.975751697381183,0,0,0,0.238961038961039,0.32013201320132,0.30184331797235,0.999004808824535,0.270627062706271,0.729372937293729,36397,0,108300,1,0.00079304347826087,0.154696132596685,"low","low","old"
"17031580200",3377,0.0580396801895173,0.00236896653834765,0.116967722830915,0.822031388806633,0.404797157240154,0.0715317919075144,0.273170731707317,0.122994652406417,0.999850029016125,0.528048780487805,0.471951219512195,41837,0,168600,0.999407758365413,0.000930817610062893,0.0963350785340314,"low","low","old"
"17031560400",1640,0.24390243902439,0.0292682926829268,0.0347560975609756,0.692073170731707,0.455487804878049,0.10978835978836,0.134199134199134,0,1,0.906926406926407,0.0930735930735931,61719,1960,196400,1,0.000954707985697259,0.18732782369146,"medium","medium","medium"
"17031630300",5178,0.0453843182696022,0.00424874468906914,0.00888373889532638,0.941483198146002,0.520084974893781,0.185104529616725,0.447562776957164,0.0863697705802969,0.999936215464162,0.5096011816839,0.4903988183161,53173,1942,174300,1,0.000978601452044326,0.113575067425832,"medium","medium","old"
"17031610400",1812,0.0286975717439294,0.0204194260485651,0,0.950883002207506,0.346578366445916,0.195945945945946,0.310734463276836,0.207462686567164,0.999609450730383,0.273069679849341,0.726930320150659,42518,0,132100,1,0.00100442477876106,0.11318795430945,"low","low","old"
"17031440700",1392,0.00933908045977012,0.99066091954023,0,0,0.0193965517241379,0.163663663663664,0.205546492659054,0.119252873563218,0.999805498077243,0.765089722675367,0.234910277324633,65903,0,126600,1,0.000601841196777906,0.39980449657869,"low","medium","old"
"17031491200",1962,0.0402650356778797,0.884811416921509,0,0.0443425076452599,0.0107033639143731,0.0995607613469985,0.228486646884273,0.177045177045177,0.99973739067755,0.688427299703264,0.311572700296736,43667,1946,108500,0.969418960244648,0.000971859296482412,0.187711006076975,"low","low","old"
"17031460200",2242,0.0731489741302409,0.22078501338091,0,0.706066012488849,0.192239072256913,0.11866028708134,0.457297297297297,0.255832662912309,0.999723500621254,0.450810810810811,0.549189189189189,24263,0,75600,1,0.000917878528656972,0.146110056925996,"low","low","old"
"17031350400",2018,0.00445986124876115,0.995540138751239,0,0,0.0327056491575818,0.338048090523338,0.654191616766467,0.0773480662983425,0.999884222887481,0,1,19318,1955,,1,0.000760907504363002,0.113861386138614,,"low","medium"
"17031841200",4682,0.142674070909868,0.0561725758222982,0.0309696710807347,0.763562580093977,0.246048697137975,0.0406698564593301,0.231875,0.117971334068357,0.999926273352227,0.191875,0.808125,52745,0,222300,0.993378897906877,0.0007877052310042,0.319006685768863,"medium","medium","old"
"17031310400",1061,0.362865221489161,0.0216776625824694,0.123468426013195,0.451460885956645,0.31573986804901,0.0132802124833997,0.00897666068222621,0.156060606060606,0.999719897857898,0.412926391382406,0.587073608617594,69738,0,294700,0.95947219604147,0.00112625250501002,0.618247298919568,"medium","medium","old"
"17031840800",3243,0.0166512488436633,0.00986740672217083,0,0.973481344434166,0.406413814369411,0.0962223806129722,0.362047440699126,0.0897727272727273,0.999887936745258,0.424469413233458,0.575530586766542,42902,0,178500,1,0.000955971049457177,0.106051873198847,"medium","low","old"
"17031420300",2665,0.340712945590994,0.372983114446529,0.168480300187617,0.0780487804878049,0.118574108818011,0.164705882352941,0.319942611190818,0.118836915297092,0.999829531338125,0.163558106169297,0.836441893830703,33293,1956,236700,0.960225140712946,0.000961000735835173,0.491471215351812,"medium","low","medium"
"17031400500",2110,0.00758293838862559,0.975355450236967,0,0.0042654028436019,0.0431279620853081,0.108602150537634,0.351137487636004,0.161691542288557,0.999840093287116,0.109792284866469,0.890207715133531,22015,1944,81700,0.987203791469194,0.000839581517000872,0.222402597402597,"low","low","old"
"17031381500",433,0.0300230946882217,0.944572748267898,0,0,0.0115473441108545,0.120689655172414,0.372693726937269,0.0875420875420875,0.9996770707836,0.14760147601476,0.85239852398524,21677,0,220000,0.97459584295612,0.000789256198347107,0.269592476489028,"medium","low","old"
"17031260900",1419,0.0993657505285412,0.832276250880902,0,0.0500352360817477,0.00634249471458774,0.203152364273205,0.77023498694517,0.374183006535948,0.999023974427278,0.315926892950392,0.684073107049608,17019,0,217800,0.981677237491191,0.00101276595744681,0.104945717732207,"medium","low","old"
"17031300800",3973,0.0140951422099169,0,0,0.982884470173672,0.424867858041782,0.0804054054054054,0.469010175763182,0.133119486768244,0.999876870401647,0.295097132284921,0.704902867715079,27474,0,187500,0.996979612383589,0.00142403904820012,0.0564705882352941,"medium","low","old"
"17031291200",1959,0.00153139356814701,0.968351199591628,0,0.0301174068402246,0.0153139356814701,0.157096424702059,0.431318681318681,0.241666666666667,0.999668150453718,0.243131868131868,0.756868131868132,28214,1959,206900,1,0.000526890101325019,0.11996336996337,"medium","low","medium"
"17031807900",3793,0.705510150276826,0.019773266543633,0.193250725019773,0.0648563142631163,0.256525177959399,0.0370792926411865,0.0422641509433962,0.104124408384043,0.999921421715874,0.951698113207547,0.0483018867924528,104943,1958,490700,0.983390456103348,0.00114536199095023,0.656441717791411,"high","high","medium"
"17031811600",6345,0.623167848699764,0.0126083530338849,0.0937746256895193,0.24602048857368,0.517888100866824,0.0315879339783722,0.126571668063705,0.0253267973856209,0.999989385361043,0.508382229673093,0.491617770326907,57089,1967,228500,0.975571315996848,0.00107692307692308,0.26432354357246,"medium","medium","medium"
"17031810000",5440,0.776470588235294,0.0316176470588235,0.0720588235294118,0.0479779411764706,0.136580882352941,0.0336021505376344,0.00961182994454714,0.0594575799721836,0.999978019862075,0.544177449168207,0.455822550831793,108125,0,289700,0.928125,0.000812729090303232,0.788068709377902,"medium","high","old"
"17031806201",4444,0.642439243924392,0.0324032403240324,0.124437443744374,0.196219621962196,0.423942394239424,0.0523828278849941,0.059860788863109,0.0622280243690165,0.999971124720409,0.722505800464037,0.277494199535963,57509,1996,211500,0.995499549954995,0.000838642945800579,0.423854848304581,"medium","medium","medium"
"17031805801",2333,0.829404200600086,0,0.04029147021003,0.057865409344192,0.170167166738105,0.0450997398091934,0.0306878306878307,0.0843023255813953,0.999910799147363,0.947089947089947,0.0529100529100529,106838,1961,384400,0.927561080154308,0.00100601891659501,0.620464009518144,"high","high","medium"
"17031805111",7779,0.468440673608433,0.0656896773364186,0.142948965162617,0.286797788918884,0.356472554312894,0.0293136320305052,0.182378535170413,0.0654015587936293,0.999976287161734,0.366207396664249,0.63379260333575,62683,1974,217200,0.963877105026353,0.00103798794865077,0.358475585549821,"medium","medium","medium"
"17031803400",6407,0.818791946308725,0.0583736538161386,0.0309036990791322,0.0298111440611831,0.0936475729670673,0.0217391304347826,0.0728021978021978,0.0412642669007902,0.999981106461871,0.791666666666667,0.208333333333333,118364,1961,396600,0.937880443265179,0.0010674411100355,0.641402179062056,"high","high","medium"
"17031770901",4650,0.773763440860215,0.00838709677419355,0.0980645161290323,0.0956989247311828,0.438494623655914,0.0511841100076394,0.0132485426603074,0.0569715142428786,0.999969809330029,0.858505564387917,0.141494435612083,83990,1962,287800,0.975913978494624,0.00110980036297641,0.292607223476298,"medium","medium","medium"
"17031360200",1456,0.00480769230769231,0.891483516483517,0.0597527472527473,0.043956043956044,0.166208791208791,0.193415637860082,0.365814696485623,0.101865136298422,0.999837302614845,0.110223642172524,0.889776357827476,27083,1995,187500,1,0.000829145728643216,0.224366706875754,"medium","low","medium"
"17031801300",4279,0.821687310119187,0.00958167796214069,0.111007244683337,0.0147230661369479,0.109838747370881,0.0654008438818565,0.0854952830188679,0.0428893905191874,0.999974712083764,0.778891509433962,0.221108490566038,137143,0,865600,0.956999298901613,0.000928346101847679,0.85688983351045,"high","high","old"
"17031230800",1170,0.141880341880342,0.0547008547008547,0,0.803418803418803,0.297435897435897,0.0633802816901408,0.305921052631579,0.133903133903134,0.999559723093929,0.700657894736842,0.299342105263158,57105,0,225500,1,0.00107815275310835,0.221938775510204,"medium","medium","old"
"17031222900",1045,0.164593301435407,0.0755980861244019,0,0.745454545454545,0.139712918660287,0.0773286467486819,0.304985337243402,0.155940594059406,0.999542905236274,0.366568914956012,0.633431085043988,70855,0,340700,0.985645933014354,0.000975425330812854,0.163690476190476,"medium","medium","old"
"17031222800",972,0.275720164609054,0.0606995884773663,0,0.655349794238683,0.219135802469136,0.0775444264943457,0.160098522167488,0.0793650793650794,0.999804557714107,0.236453201970443,0.763546798029557,72125,0,238900,0.991769547325103,0.000940119760479042,0.407914764079148,"medium","medium","old"
"17031221600",3190,0.708150470219436,0.0307210031347962,0.0554858934169279,0.163322884012539,0.100313479623824,0.0133851468048359,0.0121863799283154,0.0947436729396496,0.999932088000927,0.568458781362007,0.431541218637993,147344,0,611000,0.957680250783699,0.00106205559146736,0.809304274937133,"high","high","old"
"17031210800",1131,0.406719717064545,0.00707338638373121,0.00707338638373121,0.542882404951371,0.26525198938992,0.0837378640776699,0.0380047505938242,0.0475113122171946,0.999887159261269,0.370546318289786,0.629453681710214,63355,0,391100,0.963748894783378,0.00138105263157895,0.428403755868545,"high","medium","old"
"17031242400",3004,0.853861517976032,0.0246338215712383,0.0179760319573901,0.0562583222370173,0.205392809587217,0.019434628975265,0.0444753300903405,0.0949685534591195,0.999934008140162,0.250868658790827,0.749131341209173,90893,0,401400,0.952729693741678,0.000898862199747156,0.7572,"high","high","old"
"17031241100",3441,0.526009880848591,0.0793374019180471,0.047369950595757,0.305434466724789,0.107236268526591,0.0604373757455268,0.151578947368421,0.13109756097561,0.999908010174503,0.369122807017544,0.630877192982456,87454,0,394400,0.958151700087184,0.00108041112454655,0.639625585023401,"high","medium","old"
"17031061200",2161,0.732993984266543,0.015733456732994,0.0541416011105969,0.141138361869505,0.138361869504859,0.00952380952380952,0.0187265917602996,0.136853448275862,0.999829175942054,0.398252184769039,0.601747815230961,101683,0,809600,0.944007403979639,0.000877497827975673,0.883928571428571,"high","high","old"
"17031050300",2550,0.636862745098039,0.00235294117647059,0.127843137254902,0.156078431372549,0.10156862745098,0.0284675953967293,0.0478011472275335,0.0735163861824624,0.999929721587411,0.588910133843212,0.411089866156788,129583,0,637300,0.923137254901961,0.00110569777043765,0.664890783164624,"high","high","old"
"17031040300",2844,0.534458509142053,0.0179324894514768,0.316104078762307,0.111814345991561,0.397679324894515,0.109857482185273,0.118691588785047,0.0237226277372263,0.9999778298114,0.605607476635514,0.394392523364486,83000,1954,372000,0.980309423347398,0.00098050139275766,0.58320914058619,"high","medium","medium"
"17031030400",2606,0.528396009209516,0.0368380660015349,0.0341519570222563,0.330775134305449,0.186108979278588,0.0208803611738149,0.15422477440525,0.0765151515151515,0.99993723515254,0.370795734208368,0.629204265791632,68102,0,426100,0.930161166538757,0.00107814992025518,0.583176691729323,"high","medium","old"
"17031020400",4011,0.356768885564697,0.221141859885315,0.0962353527798554,0.283221141859885,0.361007230117178,0.0396565821749796,0.0921212121212121,0.09688013136289,0.999941288216147,0.493333333333333,0.506666666666667,65776,1954,292400,0.957367240089753,0.00115413533834586,0.547760210803689,"medium","medium","medium"
"17031191000",2735,0.0493601462522852,0.0186471663619744,0.046800731261426,0.885191956124314,0.317733089579525,0.0379550735863672,0.349865951742627,0.0508905852417303,0.999931786710687,0.630026809651475,0.369973190348525,59826,0,253400,1,0.00124180327868852,0.0965749578888265,"medium","medium","old"
"17031161000",2228,0.5991921005386,0.0233393177737881,0.0511669658886894,0.300718132854578,0.107719928186715,0.067577828397874,0.0648379052369077,0.0823798627002288,0.999897292516619,0.524937655860349,0.475062344139651,92105,0,609800,0.974416517055655,0.000824733824733825,0.599606815203146,"high","high","old"
"17031160800",5640,0.282624113475177,0.00780141843971631,0.0528368794326241,0.626241134751773,0.346276595744681,0.0828082808280828,0.0633387010198604,0.0758928571428571,0.999959264752749,0.413848631239936,0.586151368760064,70035,0,363200,0.969503546099291,0.0010865704772475,0.349261744966443,"high","medium","old"
"17031150600",4384,0.436587591240876,0.0200729927007299,0.0951186131386861,0.429060218978102,0.282390510948905,0.0524225575853852,0.0857142857142857,0.0894670050761421,0.999937657541824,0.650871080139373,0.349128919860627,83049,0,326700,0.980839416058394,0.000891285591026747,0.26720375965089,"medium","medium","old"
"17031130300",5617,0.376891579134769,0.0418372796866655,0.32330425494036,0.228413743991455,0.456471426028129,0.0678021618080576,0.150964187327824,0.0965654554504729,0.99994679872284,0.401101928374656,0.598898071625344,65995,1945,371800,0.970446857753249,0.00105977264393106,0.42976094547408,"high","medium","old"
"17031110200",3107,0.610556807209527,0.0637270679111683,0.085291277759897,0.240424847119408,0.218860637270679,0.136449778900821,0.226544622425629,0.0780590717299578,0.999940461918961,0.44698703279939,0.55301296720061,65034,1943,281100,1,0.000952859836580767,0.318260869565217,"medium","medium","old"
"17031081500",4645,0.620021528525296,0.0219590958019376,0.259418729817008,0.0986006458557589,0.235952637244349,0.00843078596682078,0,0.257938334100322,0.999920025517639,0.52,0.48,115938,1995,,1,0.000719096965210955,0.937052932761087,,"high","medium"
"17031080400",4440,0.281081081081081,0.494594594594595,0.0822072072072072,0.0463963963963964,0.0130630630630631,0.0555555555555556,0.333163784333672,0.0474806201550388,0.999975849708299,0.393184130213632,0.606815869786368,43844,1991,595400,0.904279279279279,0.000831683168316832,0.59302726958923,"high","low","medium"
"17031070700",3880,0.648969072164948,0.0847938144329897,0.125257731958763,0.107474226804124,0.174226804123711,0.010655090765588,0.0781156827668456,0.237033666969973,0.999858676107067,0.582587954680978,0.417412045319022,143393,1981,576900,0.966494845360825,0.00132753449310138,0.793115318416523,"high","high","medium"
"17031030702",2352,0.524659863945578,0.0123299319727891,0.328231292517007,0.105442176870748,0.412414965986395,0.136819484240688,0.0859269282814614,0.0949173300673607,0.999935784008892,0.583897158322057,0.416102841677943,60992,1972,169900,0.970663265306122,0.00104878048780488,0.667299477930707,"low","medium","medium"
"17031063400",2628,0.799847792998478,0.0407153729071537,0.0795281582952816,0.0506088280060883,0.0795281582952816,0.00750750750750751,0.0570962479608483,0.0965364775239499,0.999921265190259,0.283849918433931,0.716150081566069,104878,1951,459800,0.970700152207002,0.00103248259860789,0.851296829971182,"high","high","medium"
"17031071800",2579,0.696006203955021,0.0678557580457542,0.143466459868166,0.0818146568437379,0.16285381930981,0.0113065326633166,0.148713060057197,0.0393772893772894,0.999962463478274,0.674928503336511,0.325071496663489,142450,1980,760500,0.989143078712679,0.000893538913362702,0.787422037422037,"high","high","medium"
"17031220701",3283,0.237892171794091,0.0277185501066098,0.0179713676515382,0.699360341151386,0.212305817849528,0.0423204945316215,0.0885275519421861,0.0705289672544081,0.999936292254731,0.357723577235772,0.642276422764228,62449,0,352400,0.982942430703625,0.00104931335830212,0.328874538745387,"medium","medium","old"
"17031838200",2200,0.315,0.325,0.158636363636364,0.179545454545455,0.190909090909091,0.111932418162619,0.154040404040404,0.0364963503649635,0.999907845992222,0.512626262626263,0.487373737373737,75500,0,364600,0.978181818181818,0.00115475024485798,0.56483300589391,"high","medium","old"
"17031010502",2960,0.518243243243243,0.2125,0.0851351351351351,0.157094594594595,0.242905405405405,0.0301612064482579,0.127899271040424,0.112874779541446,0.999925204548031,0.222001325381047,0.777998674618953,40492,1941,237900,0.972972972972973,0.00111882605583393,0.607027027027027,"medium","low","old"
"17031804405",3472,0.105990783410138,0.137960829493088,0.0751728110599078,0.632776497695853,0.402649769585253,0.0658938377059182,0.153414405986904,0.0183654729109275,0.999982820245653,0.429373246024322,0.570626753975678,69010,1992,214100,0.951900921658986,0.0010507974010632,0.220588235294118,"medium","medium","medium"
"17031825304",4201,0.79100214234706,0,0.028326588907403,0.172101880504642,0.128302785051178,0.0365805168986083,0.0674292594822396,0,1,0.800120409391933,0.199879590608067,80508,1980,223000,0.991430611759105,0.00104926829268293,0.267540983606557,"medium","medium","medium"
"17031190701",2870,0.232752613240418,0.0250871080139373,0.0125435540069686,0.716376306620209,0.443205574912892,0.0407433881343817,0.264705882352941,0.146288209606987,0.999812965666638,0.40537084398977,0.59462915601023,55921,0,251700,0.986759581881533,0.00103980099502488,0.185584562996595,"medium","medium","old"
"17031251700",1262,0.0309033280507132,0.771790808240888,0,0.197305863708399,0.113312202852615,0.029585798816568,0.378865979381443,0.154684095860566,0.999601488524553,0.47680412371134,0.52319587628866,52692,0,135600,1,0.000889221556886227,0.136363636363636,"low","medium","old"
"17031310300",1891,0.232681121099947,0.0349021681649921,0.0497091485986251,0.659439450026441,0.325753569539926,0.0618034447821682,0.180939226519337,0.0560625814863103,0.999922571490823,0.255524861878453,0.744475138121547,58333,1948,440600,0.976731887890005,0.00143685567010309,0.430369787568843,"high","medium","old"
"17031520600",2727,0.127979464613128,0,0.0055005500550055,0.866519985331866,0.253392005867253,0.0216322517207473,0.12258064516129,0.0300375469336671,0.999961243377058,0.860645161290323,0.139354838709677,60871,1949,122500,1,0.000632934131736527,0.104693140794224,"low","medium","old"
"17031670500",944,0,0.765889830508475,0,0.222457627118644,0.115466101694915,0.255050505050505,0.355742296918768,0.192307692307692,0.99946161300743,0.361344537815126,0.638655462184874,27986,1952,91100,0.988347457627119,0.00111659192825112,0.0358814352574103,"low","low","medium"
"17031671900",1136,0.0378521126760563,0.668133802816901,0,0.266725352112676,0.122359154929577,0.0470588235294118,0.197324414715719,0.229381443298969,0.999233426068682,0.585284280936455,0.414715719063545,49653,0,94600,0.972711267605634,0.00111545623836127,0.149273447820343,"low","medium","old"
"17031813701",3304,0.0299636803874092,0.0472154963680387,0,0.922820823244552,0.452481840193705,0.104921579232017,0.177874186550976,0.114313160422671,0.999876031465089,0.351409978308026,0.648590021691974,51716,0,174100,1,0.00122641509433962,0.0686465433300876,"medium","medium","old"
"17031802003",2275,0.591208791208791,0.0602197802197802,0.144615384615385,0.174945054945055,0.184175824175824,0.0786825251601098,0.0680359435173299,0.0973348783314021,0.999875067114244,0.888318356867779,0.111681643132221,118438,1968,460200,0.970989010989011,0.000976542137271937,0.593869731800766,"high","high","medium"
"17031831300",908,0.0198237885462555,0.422907488986784,0.0231277533039648,0.534140969162996,0.212555066079295,0.104444444444444,0.323170731707317,0.106267029972752,0.999676120084707,0.518292682926829,0.481707317073171,46850,0,262100,1,0.000841784989858012,0.200568990042674,"medium","medium","old"
"17031835800",1798,0,0.852057842046719,0,0.10734149054505,0.00444938820912125,0.168059424326834,0.237482117310443,0.0850785340314136,0.99987830017169,0.459227467811159,0.540772532188841,76473,1942,210900,0.959399332591769,0.000592559787422498,0.461067366579178,"medium","medium","old"
"17031829903",4336,0.0860239852398524,0.828874538745387,0.0422047970479705,0.0378228782287823,0.119926199261993,0.174275680421422,0.134045077105575,0.0993589743589744,0.999941071696736,0.81435349940688,0.18564650059312,78032,1975,129500,0.994926199261993,0.000733013589128697,0.328144458281445,"low","medium","medium"
"17031844600",2188,0.0370201096892139,0.940585009140768,0,0.00959780621572212,0.0347349177330896,0.299176578225069,0.489230769230769,0.18648310387985,0.999713185203436,0.143076923076923,0.856923076923077,48955,2003,,0.987202925045704,0.000562857142857143,0.18454363757495,,"medium","new"
"17031803604",4381,0.693905501027163,0.0152933120292171,0.105227117096553,0.14380278475234,0.2540515863958,0.0398550724637681,0.0582959641255605,0.0251366120218579,0.999985910169366,0.706838565022421,0.293161434977578,79875,1974,304300,0.958228714905273,0.000690852952527981,0.516500151377536,"medium","medium","medium"
"17031803005",2595,0.782658959537572,0.0123314065510597,0.0670520231213873,0.126782273603083,0.2,0.0625390869293308,0.0625566636446056,0.0707666385846672,0.999935845785488,0.71532184950136,0.28467815049864,86548,1973,309100,0.988824662813102,0.00098394495412844,0.537460978147763,"medium","medium","medium"
"17031802504",6627,0.421910366681756,0.00331975252753886,0.108344650671495,0.409234947940244,0.330617172174438,0.0454545454545455,0.111493123772102,0,1,0.883104125736739,0.116895874263261,83958,1963,233700,0.942809717821035,0.000988298829882988,0.292509685751184,"medium","medium","medium"
"17031804508",2279,0.293549802544976,0.0416849495392716,0.161035541904344,0.463799912242212,0.359368143922773,0.060377358490566,0.172279792746114,0.0642424242424242,0.999916791348812,0.463730569948187,0.536269430051813,61090,1981,170300,0.960070206230803,0.000937925170068027,0.251533742331288,"medium","medium","medium"
"17031804000",4613,0.733362237155864,0.00433557337957945,0.0420550617819207,0.209841751571645,0.202254498157381,0.0750853242320819,0.065979381443299,0,1,0.897422680412371,0.102577319587629,79683,1960,228100,0.989594623889009,0.000984939759036144,0.351760176017602,"medium","medium","medium"
"17031770602",4787,0.407144349279298,0.0139962398161688,0.0917067056611657,0.466889492375183,0.536243994150825,0.0721324398896334,0.172436316133246,0.0496585971446307,0.999967565652188,0.476812540822992,0.523187459177008,69010,1973,299700,0.979736787131815,0.00110325131810193,0.234553089382124,"medium","medium","medium"
"17031839600",1688,0.0473933649289099,0.852488151658768,0,0.0888625592417062,0.087085308056872,0.0772251308900524,0.352808988764045,0.154795821462488,0.999826102356366,0.419101123595506,0.580898876404494,51359,0,265900,0.988744075829384,0.000967365967365967,0.301195219123506,"medium","medium","old"
"17031802100",3555,0.786779184247539,0.0185654008438819,0.0984528832630098,0.0374120956399437,0.132208157524613,0.0274064171122995,0.160272804774084,0.0928074245939675,0.999920886545373,0.768115942028985,0.231884057971014,132321,1958,636000,0.941209563994374,0.0010337528604119,0.770469181232751,"high","high","medium"
"17031801603",3821,0.565035331065166,0.0790369013347291,0.216435488092122,0.102852656372677,0.442030881968071,0.0446898002103049,0.0404040404040404,0.138131166569936,0.999906991030887,0.392592592592593,0.607407407407407,59671,1975,396300,0.963360376864695,0.00100577427821522,0.458810491318803,"high","medium","medium"
"17031800400",3517,0.906738697753767,0,0.0389536536821154,0.0102359965880011,0.0727893090702303,0.0456092579986385,0,0.156848828956707,0.999867989795193,0.898989898989899,0.101010101010101,250001,0,1191900,0.955928348023884,0.00101778542742398,0.936122357174989,"high","high","old"
"17031230900",4483,0.24403301360696,0.123354896274816,0.0140530894490297,0.603613651572608,0.217711354004015,0.0313626532083634,0.177616926503341,0.13695338779433,0.999923751144067,0.329621380846325,0.670378619153675,55123,0,323100,0.985054650903413,0.000949978251413658,0.270746268656716,"medium","medium","old"
"17031230200",2080,0.247115384615385,0.0966346153846154,0.0288461538461538,0.61875,0.216826923076923,0.0446584938704028,0.197037037037037,0.0506329113924051,0.999924993905755,0.355555555555556,0.644444444444444,65898,0,280000,0.991346153846154,0.00074496644295302,0.334030683403068,"medium","medium","old"
"17031222600",1615,0.540557275541796,0.0804953560371517,0.0173374613003096,0.319504643962848,0.211145510835913,0.0593220338983051,0.0876494023904383,0.0599250936329588,0.999920424535105,0.355909694555113,0.644090305444887,77760,0,396700,0.957894736842105,0.000927207637231504,0.616,"high","medium","old"
"17031220400",2712,0.682890855457227,0.00848082595870206,0.0837020648967552,0.203908554572271,0.186946902654867,0.0253583241455347,0.132735426008969,0.115079365079365,0.999896800458348,0.408968609865471,0.591031390134529,91637,0,555800,0.978982300884956,0.00129830508474576,0.739819004524887,"high","high","old"
"17031210700",3911,0.379442597801074,0.0153413449245717,0.030171311684991,0.541549475837382,0.168754794170289,0.0521144809910295,0.197293447293447,0.105162523900574,0.999925103527352,0.395299145299145,0.604700854700855,73286,0,472800,0.966504730248018,0.00100976361767729,0.419646081617913,"high","medium","old"
"17031250200",2922,0.0383299110198494,0.511635865845311,0,0.442505133470226,0.161875427789185,0.0692464358452139,0.273493975903614,0.0889132821075741,0.999892887038141,0.580722891566265,0.419277108433735,41552,0,210700,0.992470910335387,0.00084469696969697,0.170335429769392,"medium","low","old"
"17031240800",1373,0.426074289876184,0.034231609613984,0.0677348871085215,0.35469774217043,0.160233066278223,0.0427745664739884,0.0643478260869565,0.130105900151286,0.999773780056345,0.563478260869565,0.436521739130435,66250,0,587800,0.882738528769119,0.000840482573726542,0.660223804679552,"high","medium","old"
"17031062300",1616,0.775990099009901,0.021039603960396,0.0816831683168317,0.0488861386138614,0.0600247524752475,0.0107108081791626,0.00770416024653313,0.0935754189944134,0.999855836781416,0.587057010785824,0.412942989214176,166094,1993,805800,0.92759900990099,0.00109055627425614,0.906570841889117,"high","high","medium"
"17031061500",2051,0.811799122379327,0.0365675280351048,0.0385177961969771,0.0633837152608484,0.0546075085324232,0.0313460356484327,0.0103926096997691,0.11088295687885,0.999871976026325,0.342956120092379,0.657043879907621,124231,0,601800,0.950268161872257,0.00107381193124368,0.852728468113083,"high","high","old"
"17031832100",3590,0.512534818941504,0.347910863509749,0.0286908077994429,0.0838440111420613,0.174094707520891,0.0325387816874763,0.0696653867251783,0.0689479060265577,0.999962180308043,0.227646736149205,0.772353263850795,80785,1947,385100,0.972980501392758,0.00111300765155974,0.745679012345679,"high","medium","old"
"17031050900",1452,0.691460055096419,0.0172176308539945,0.0681818181818182,0.176997245179063,0.09366391184573,0.0289079229122056,0.00495867768595041,0.141843971631206,0.999765602109581,0.390082644628099,0.609917355371901,116399,0,689200,0.953856749311295,0.000815,0.711451758340848,"high","high","old"
"17031050600",2178,0.928833792470156,0,0.0151515151515152,0.0413223140495868,0.0440771349862259,0.0469973890339426,0.0311070448307411,0.0284444444444444,0.999973976482873,0.492223238792315,0.507776761207685,103125,0,599200,0.985307621671258,0.00102416356877323,0.869486404833837,"high","high","old"
"17031040202",7427,0.37727211525515,0.0413356671603608,0.163726942237781,0.262286252861182,0.44822943314932,0.0995762711864407,0.161290322580645,0.0803333333333333,0.999970884017996,0.255889815150417,0.744110184849583,46078,1954,243400,0.844620977514474,0.000757453857075249,0.446126622099882,"medium","medium","medium"
"17031031900",2553,0.72659616137877,0.105757931844888,0.0614962788875832,0.0763807285546416,0.0963572267920094,0.0293628808864266,0.0304182509505703,0.0345080763582966,0.999973758805456,0.35893536121673,0.64106463878327,73424,0,341800,0.970231100665883,0.00123164335664336,0.756743002544529,"medium","medium","old"
"17031031502",4693,0.348178137651822,0.360750053270829,0.0323886639676113,0.226933731088856,0.365011719582357,0.0402321083172147,0.389995760915642,0.0503220611916264,0.999978668508797,0.147944044086477,0.852055955913523,34201,0,255600,0.968250585979118,0.000956231763234681,0.44615849969752,"medium","low","old"
"17031030300",3722,0.369425040300913,0.176249328318109,0.137291778613649,0.279957012358947,0.35169263836647,0.0617900954111767,0.15497661990648,0.0247557003257329,0.999983463399499,0.295257181028724,0.704742818971276,48626,0,342000,0.962923159591617,0.00117026239067055,0.428518926865123,"medium","medium","old"
"17031020901",6094,0.242369543813587,0.202658352477847,0.278470626846078,0.227600918936659,0.477026583524778,0.0378299120234604,0.315957933241884,0.0799326882625158,0.99996345232423,0.373113854595336,0.626886145404664,44653,1940,186000,0.951099442074171,0.00111891515994437,0.397620228061477,"medium","low","old"
"17031020302",5116,0.686278342455043,0.0447615324472244,0.114542611415168,0.114347146207975,0.215402658326818,0.0615883306320908,0.101060511540861,0.102463605823068,0.999936084181673,0.668122270742358,0.331877729257642,90560,0,351700,0.959929632525411,0.000989887203422793,0.563696172248804,"medium","high","old"
"17031200402",4806,0.0986267166042447,0.0432792342904702,0.037037037037037,0.812317935913441,0.333125260091552,0.0408552882779687,0.214459788789602,0.0854383358098068,0.999930599182519,0.544272948822096,0.455727051177904,65645,0,268300,0.991260923845193,0.0008913813459268,0.227352221056313,"medium","medium","old"
"17031190900",2162,0.0578168362627197,0.043940795559667,0,0.898242368177613,0.30527289546716,0.0454545454545455,0.341935483870968,0.0577507598784195,0.999906862288541,0.388709677419355,0.611290322580645,58750,0,283900,1,0.000974429223744292,0.0911831198191409,"medium","medium","old"
"17031190402",5238,0.297250859106529,0.01508209240168,0.00267277586865216,0.676212294768996,0.36368843069874,0.0687455705173636,0.0718294051627385,0.0490928495197439,0.999972451460671,0.506172839506173,0.493827160493827,58056,1942,271100,0.991218022145857,0.000876746685775708,0.191379310344828,"medium","medium","old"
"17031190100",2470,0.094331983805668,0.0129554655870445,0.0307692307692308,0.861943319838057,0.397165991902834,0.0241758241758242,0.245073891625616,0.0698739977090493,0.999913955682945,0.298029556650246,0.701970443349754,48387,1954,3e+05,1,0.00112199312714777,0.161828289067326,"medium","medium","medium"
"17031170600",2363,0.688108336859924,0.0198899703766399,0.0782903089293271,0.204824375793483,0.217096910706729,0.0388349514563107,0.0522466039707419,0.0154320987654321,0.999983874764975,0.878787878787879,0.121212121212121,69011,1954,277200,0.991112991959374,0.000790151515151515,0.274266365688488,"medium","medium","medium"
"17031160601",3191,0.55750548417424,0.0247571294265121,0.0388592917580696,0.343465998119712,0.199623942337825,0.0256024096385542,0.0734545454545455,0.115186615186615,0.999916234933402,0.477090909090909,0.522909090909091,68092,0,285400,0.964587903478533,0.000900536033353186,0.54853072128228,"medium","medium","old"
"17031160100",2534,0.520126282557222,0,0.164956590370955,0.248224151539069,0.302288871349645,0.0739030023094688,0.103377686796315,0.0774315391879131,0.999920751890599,0.620266120777891,0.379733879222108,80156,0,347900,0.933307024467245,0.000785764622973925,0.463163906339235,"medium","medium","old"
"17031150800",4871,0.376719359474441,0.0217614452884418,0.0133442824881954,0.53479778279614,0.322110449599672,0.0810461737164998,0.122174709835064,0.0725212464589235,0.999955700651304,0.626145387904704,0.373854612095296,69155,0,312300,0.946622870047218,0.00101031778786628,0.236535258189895,"medium","medium","old"
"17031140400",5639,0.489980492995212,0.0168469586806171,0.154992019861678,0.314772122716794,0.31583614115978,0.0520013684570647,0.137445361826129,0.0576659038901602,0.999971994031617,0.753763963088878,0.246236036911122,74131,0,315600,0.9765915942543,0.000987663024321466,0.460112222493291,"medium","medium","old"
"17031100300",6343,0.845814283462084,0.00551789374113196,0.0320037836985653,0.081349519154974,0.148510168689894,0.0086292731496847,0.0515084621044886,0.0506461753405519,0.99998136672861,0.614422369389257,0.385577630610743,80339,1953,392300,0.964685480056755,0.000866137099146808,0.393981945837513,"high","medium","medium"
"17031071100",3397,0.745952310862526,0.0126582278481013,0.117456579334707,0.0797762731822196,0.132469826317339,0.0293333333333333,0.00846660395108184,0.135772357723577,0.999872290669495,0.470366886171214,0.529633113828786,175625,0,1245500,0.955843391227554,0.000889321468298109,0.891610532761788,"high","high","old"
"17031070300",3729,0.857334406006972,0.00563153660498793,0.0469294717082328,0.0557790292303567,0.142665593993028,0.0291052820697089,0.0181704260651629,0.0589622641509434,0.999963057590261,0.460526315789474,0.539473684210526,177500,1986,681700,0.96567444355055,0.0012518115942029,0.939451637471439,"high","high","medium"
"17031818100",2265,0.571302428256071,0.0971302428256071,0.0450331125827815,0.265783664459161,0.176600441501104,0.0232018561484919,0.0983240223463687,0.0313852813852814,0.999964933876173,0.968715083798883,0.0312849162011173,96750,1955,231100,0.97924944812362,0.000990333919156415,0.414118954974986,"medium","high","medium"
"17031817102",3200,0.031875,0.7675,0,0.1115625,0.0178125,0.104715248009798,0.247081712062257,0.0738738738738739,0.999928143418726,0.648832684824903,0.351167315175097,71250,1954,144000,0.9109375,0.000735357917570499,0.158406669754516,"low","medium","medium"
"17031816402",4952,0.104806138933764,0.0199919224555735,0,0.875201938610662,0.345315024232633,0.0411919368974584,0.193290734824281,0.0739644970414201,0.99994092641558,0.562300319488818,0.437699680511182,49177,1946,228200,1,0.00101710794297352,0.0720843250595036,"medium","medium","old"
"17031815900",5067,0.497730412472864,0.287546871916321,0.0728241563055062,0.11446615354253,0.0819025064140517,0.0428730512249443,0.12397617274758,0.0451475293281194,0.999983191820372,0.397617274758004,0.602382725241996,69718,1970,191700,0.972567594237221,0.000756934812760055,0.515923566878981,"medium","medium","medium"
"17031730100",2775,0.0241441441441441,0.964684684684685,0,0.00468468468468468,0.0154954954954955,0.143344709897611,0.347161572052402,0.0691056910569106,0.999924562797034,0.838427947598253,0.161572052401747,43429,1959,131800,0.993513513513513,0.000792635658914729,0.272179627601314,"low","low","medium"
"17031720100",3357,0.588918677390527,0.250521298778671,0.0214477211796247,0.11021745606196,0.0274054215072982,0.136725935009197,0.0391791044776119,0.0254545454545455,0.999976255652003,0.971082089552239,0.0289179104477612,148889,0,392200,0.971105153410783,0.000786588610963278,0.677285318559557,"high","high","old"
"17031710400",5743,0.00696500087062511,0.941145742643218,0,0.0456207557025945,0.0407452550931569,0.110671936758893,0.380321665089877,0.109519797809604,0.999948195778514,0.49526963103122,0.50473036896878,41121,1952,133500,0.993731499216437,0.000987885081343025,0.186436024162548,"low","low","medium"
"17031812600",3341,0.478898533373242,0.28644118527387,0.0859024244238252,0.0987728225082311,0.120323256510027,0.0983033932135729,0.107683352735739,0.0481994459833795,0.999971945230641,0.39755529685681,0.60244470314319,63056,0,308500,0.950014965579168,0.000701986754966887,0.657317073170732,"medium","medium","old"
"17031811100",6604,0.693821926105391,0.000454270139309509,0,0.293912780133253,0.375075711689885,0.0500438981562774,0.0993762993762994,0.0663819875776397,0.999972399103794,0.532224532224532,0.467775467775468,53934,1960,194200,0.988188976377953,0.000827843897038472,0.163162505475252,"medium","medium","medium"
"17031730300",983,0,0.987792472024415,0.0122075279755849,0,0.00508646998982706,0.349056603773585,0.251381215469613,0.158139534883721,0.999563341210315,0.676795580110497,0.323204419889503,42083,1942,153900,1,0.000950396825396825,0.173130193905817,"low","low","old"
"17031660600",5377,0.0124604798214618,0.380137623209968,0,0.599404872605542,0.271526873721406,0.199657973492946,0.409427966101695,0.1441523118767,0.999923653969057,0.33739406779661,0.66260593220339,29923,1958,161200,0.992002975636972,0.000948894527002537,0.0371046228710462,"low","low","medium"
"17031650400",6657,0.0408592459065645,0.0235841970857744,0.0067598017124831,0.928796755295178,0.378098242451555,0.153133903133903,0.179663131628197,0,1,0.811603243917654,0.188396756082346,52355,1959,179900,1,0.00100512048192771,0.122641509433962,"medium","medium","medium"
"17031490800",3947,0.0131745629592095,0.969850519381809,0.00228021281986319,0.00253356979984799,0.0197618444388143,0.214399152991001,0.351030110935024,0.175702155453952,0.999860794218147,0.624405705229794,0.375594294770206,41620,1949,124000,0.98783886496073,0.000982420894023104,0.254713625044468,"low","low","old"
"17031480200",930,0,0.889247311827957,0,0.0301075268817204,0,0.134122287968442,0.115241635687732,0.222543352601156,0.999586521680762,0.607806691449814,0.392193308550186,49286,1954,180600,0.919354838709677,0.000578947368421053,0.37997432605905,"medium","medium","medium"
"17031301701",4099,0.0978287387167602,0,0.0258599658453281,0.876311295437912,0.459136374725543,0.0660158066015807,0.171317829457364,0.0752688172043011,0.999941655483968,0.477519379844961,0.522480620155039,46763,0,169200,1,0.0010382894082546,0.0931496919173614,"low","medium","old"
"17031301600",3754,0.0162493340436867,0.027437400106553,0,0.95631326584976,0.507192328183271,0.1875808538163,0.265512265512266,0.0772303595206391,0.999944281344626,0.498556998556999,0.501443001443001,26554,0,180400,1,0.000865805168986083,0.129334965320277,"medium","low","old"
"17031430400",2893,0.02938126512271,0.91116488074663,0,0.0241963359834082,0.0273072934669893,0.139956490210297,0.297628781684383,0.20481144343303,0.999832561610683,0.422730989370401,0.577269010629599,37228,1953,154800,0.964742481852748,0.000730263157894737,0.159554730983302,"low","low","medium"
"17031411100",2254,0.624667258207631,0.0377107364685004,0.18189884649512,0.0474711623779947,0.208961845607808,0.0458958517210944,0.0148571428571429,0.126746506986028,0.999855167828555,0.510857142857143,0.489142857142857,114045,0,582900,0.891748003549246,0.000784639746634996,0.934765314240255,"high","high","old"
"17031410200",1466,0.399045020463847,0.319236016371078,0.139154160982265,0.113233287858117,0.16643929058663,0.072,0.0594594594594595,0.0326797385620915,0.999955840141311,0.186486486486486,0.813513513513514,44224,1946,277900,0.970668485675307,0.00102486187845304,0.825567502986858,"medium","low","old"
"17031390400",2324,0.114888123924269,0.842082616179002,0,0.00989672977624785,0.0524956970740103,0.239884393063584,0.32287954383464,0.172271386430678,0.999877227201575,0.271560940841055,0.728439059158945,20852,1961,305200,0.966867469879518,0.000887896019496344,0.380925822643614,"medium","low","medium"
"17031381800",1149,0.093124456048738,0.863359442993908,0.0174064403829417,0.0191470844212359,0.0191470844212359,0.0813953488372093,0.290322580645161,0.0945757997218359,0.999854743376405,0.225806451612903,0.774193548387097,36849,1954,300900,0.993037423846823,0.000751524390243902,0.325867861142217,"medium","low","medium"
"17031280900",782,0.0703324808184143,0.842710997442455,0.0588235294117647,0.0281329923273657,0.0524296675191816,0.344988344988345,0.410493827160494,0.129032258064516,0.999601910828026,0.197530864197531,0.802469135802469,18684,1978,292200,1,0.00116620498614958,0.435840707964602,"medium","low","medium"
"17031260700",1633,0.0110226576852419,0.936313533374158,0,0.0324556031843233,0.00612369871402327,0.253493013972056,0.606118546845124,0.278620689655172,0.999467548111773,0.244741873804971,0.755258126195029,27019,0,204400,0.979791794243723,0.000962740384615385,0.072041166380789,"medium","low","old"
"17031251800",5175,0.0340096618357488,0.881159420289855,0,0.0616425120772947,0.0419323671497585,0.237037037037037,0.554070473876063,0.167425392008093,0.999898293825145,0.19501822600243,0.80498177399757,25517,1944,225900,0.976811594202899,0.00101990632318501,0.104764910066267,"medium","low","old"
"17031301200",4654,0.0593038246669532,0.150193382036957,0.00709067468844005,0.76299957026214,0.297163730124624,0.140546006066734,0.27292899408284,0.115761935905821,0.999914384596967,0.20414201183432,0.79585798816568,33971,1952,183900,0.979587451654491,0.0012172463077656,0.132068311195446,"medium","low","medium"
"17031292500",3588,0.0197881828316611,0.856465997770346,0,0.0749721293199554,0.0248049052396878,0.22663252240717,0.408719346049046,0.146015125072717,0.999900544548316,0.326975476839237,0.673024523160763,46488,0,173500,0.951226309921962,0.00056544502617801,0.262441514249256,"medium","medium","old"
"17031824113",6891,0.785227107821796,0.0237991583224496,0.0888114932520679,0.0628355826440284,0.233783195472355,0.0420785088957921,0.0473815461346633,0.0187601957585644,0.999992202805702,0.955112219451372,0.0448877805486284,110568,1992,336400,0.960673342040342,0.0010983556638246,0.46674902203006,"medium","high","medium"
"17031823500",4448,0.423111510791367,0.215827338129496,0.00876798561151079,0.352293165467626,0.210206834532374,0.0598911070780399,0.169654289372599,0.0751924215512137,0.999951863763079,0.523047375160051,0.476952624839949,64804,1951,154100,1,0.00101266968325792,0.225203804347826,"low","medium","medium"
"17031825505",6023,0.0300514693674249,0.917815042337706,0.0288892578449278,0.0139465382699651,0.0431678565498921,0.20376402461093,0.180392156862745,0.0971168437025797,0.99994559576463,0.765826330532213,0.234173669467787,60204,1978,155400,0.990702307820023,0.000694233473980309,0.253812354613595,"low","medium","medium"
"17031820502",5647,0.678236231627413,0.0435629537807685,0.0432087834248273,0.214450150522401,0.225252346378608,0.0370514820592824,0.130281690140845,0.0524308865586273,0.999973627010161,0.640342052313883,0.359657947686117,54375,1969,214100,0.97945811935541,0.000852690288713911,0.204169662113587,"medium","medium","medium"
"17031823703",8236,0.695240407965032,0.0123846527440505,0.0599805730937348,0.222680913064594,0.331471588149587,0.073290703393999,0.163391933815926,0.0897395669909005,0.999969066945511,0.630127542226818,0.369872457773182,56853,1985,157100,0.990286546867411,0.00112432293010059,0.169815033451397,"low","medium","medium"
"17031823805",2918,0.777244688142563,0.0130226182316655,0.020904729266621,0.171350239890336,0.186086360520905,0.0411764705882353,0.00677966101694915,0.0397135416666667,0.999973076289877,0.951186440677966,0.0488135593220339,55655,1976,143800,0.982522275531186,0.000601536772777168,0.327072274397713,"low","medium","medium"
"17031829800",5399,0.442304130394517,0.476940174106316,0.0401926282644934,0.017595851083534,0.0705686238192258,0.0345475028163725,0.0511559272011805,0.0733819507748405,0.999963905901564,0.891785538612887,0.108214461387113,104083,1960,209400,0.977032783848861,0.000915897799858055,0.542739443872297,"medium","high","medium"
"17031828401",3581,0.561295727450433,0.309969282323373,0.00977380619938565,0.088802010611561,0.0667411337615191,0.039225181598063,0.0665722379603399,0.0567802271209085,0.99995978899155,0.686968838526912,0.313031161473088,67750,1955,155400,0.969840826584753,0.00114559616536848,0.4375,"low","medium","medium"
"17031829000",1305,0.0053639846743295,0.845977011494253,0,0.148659003831418,0.0720306513409962,0.374291115311909,0.517241379310345,0.252818035426731,0.999455430262122,0.329741379310345,0.670258620689655,20266,1951,63600,1,0.000817548746518106,0.096100278551532,"low","low","medium"
"17031828802",3221,0.404532753803167,0.152126668736417,0,0.427506985408258,0.163303321949705,0.0553314121037464,0.130984643179765,0.0306479859894921,0.999972315142273,0.931345980126468,0.0686540198735321,72074,1958,117700,0.984166407947842,0.00101943573667712,0.231850117096019,"low","medium","medium"
"17031691000",2102,0.00190294957183635,0.9895337773549,0,0.00856327307326356,0.000951474785918173,0.13184584178499,0.219579139981702,0.186150409530901,0.999829717555916,0.46843549862763,0.53156450137237,47664,0,176700,1,0.000829416884247171,0.27790973871734,"medium","medium","old"
"17031681300",2532,0.00552922590837283,0.971563981042654,0.0173775671406003,0.00552922590837283,0.0264612954186414,0.322033898305085,0.684210526315789,0.399096385542169,0.999500129211883,0.196741854636591,0.803258145363409,16310,1945,99200,1,0.000645224171539961,0.0888364779874214,"low","low","old"
"17031672000",3584,0.00753348214285714,0.972935267857143,0,0.00362723214285714,0.00362723214285714,0.2625,0.412745098039216,0.203747072599532,0.999800287860945,0.709803921568627,0.290196078431373,36548,0,107400,0.984095982142857,0.000838891739353515,0.179117911791179,"low","low","old"
"17031590600",3550,0.240281690140845,0,0.22112676056338,0.526197183098592,0.312394366197183,0.0438024231127679,0.210526315789474,0.06490727532097,0.999950492706379,0.602593440122044,0.397406559877956,62625,0,175000,0.987605633802817,0.0009821328866555,0.326691573266916,"medium","medium","old"
"17031580300",2524,0.0530903328050713,0.00316957210776545,0.132329635499208,0.797147385103011,0.440174326465927,0.099487929773226,0.233380480905233,0.0548128342245989,0.999922477248963,0.603960396039604,0.396039603960396,63146,0,175600,0.985736925515055,0.00117962003454231,0.0506410256410256,"medium","medium","old"
"17031570100",1309,0.13598166539343,0,0.0565317035905271,0.793735676088617,0.348357524828113,0.0663900414937759,0.117924528301887,0.0514541387024608,0.999878660624317,0.742924528301887,0.257075471698113,61042,1957,208300,0.986249045072574,0.00112845528455285,0.134253450439147,"medium","medium","medium"
"17031560200",1560,0.0198717948717949,0.614102564102564,0,0.345512820512821,0.135897435897436,0.276190476190476,0.264758497316637,0.0328719723183391,0.999941198498395,0.819320214669052,0.180679785330948,59107,1955,166400,0.979487179487179,0.00106896551724138,0.15370705244123,"low","medium","medium"
"17031630400",5869,0.0350996762651218,0.0134605554608962,0.00511160333958085,0.946328164934401,0.40023854148918,0.269583627381793,0.277003484320557,0.0835550824906865,0.999951480239014,0.531939605110337,0.468060394889663,31429,0,160200,1,0.00103502080443828,0.0669155657668007,"low","low","old"
"17031620300",7322,0.178229991805518,0.0125648729855231,0.0150232177000819,0.79240644632614,0.341436765910953,0.100925649447596,0.14440121054907,0.0477562783038287,0.999979353526889,0.651967142239516,0.348032857760484,43203,1954,186000,0.998224528817263,0.000982133188955062,0.173987941429802,"medium","low","medium"
"17031843800",1475,0.229152542372881,0.572203389830508,0.0474576271186441,0.145762711864407,0.0928813559322034,0.267139479905437,0.385083713850837,0.199756394640682,0.99969604919555,0.447488584474886,0.552511415525114,40966,0,161500,0.994576271186441,0.000836861768368618,0.155374887082204,"low","low","old"
"17031839800",2667,0.514810648668916,0.0281214848143982,0.24859392575928,0.201349831271091,0.332583427071616,0.0599348534201954,0.122047244094488,0.118820468343452,0.999883064395669,0.362204724409449,0.637795275590551,64348,0,355100,0.992875890513686,0.00101587301587302,0.469179826795721,"medium","medium","old"
"17031440900",2510,0.000796812749003984,0.999203187250996,0,0,0.0243027888446215,0.140684410646388,0.435550935550936,0.22168284789644,0.999769613539325,0.557172557172557,0.442827442827443,36538,1942,154400,1,0.000834795321637427,0.350943396226415,"low","low","old"
"17031431301",3720,0.0489247311827957,0.903763440860215,0.00645161290322581,0.0287634408602151,0.0551075268817204,0.185267857142857,0.334719334719335,0.251167618059159,0.999825970958005,0.17047817047817,0.82952182952183,31289,0,116700,0.987903225806452,0.0005809604759881,0.156821079473013,"low","low","old"
"17031843000",2494,0.0408981555733761,0.919005613472334,0,0.0196471531676022,0.00280673616680032,0.0767326732673267,0.594339622641509,0.204336947456214,0.999785856195005,0.19496855345912,0.805031446540881,25962,1966,118100,0.979550922213312,0.000727146814404432,0.124647887323944,"low","low","medium"
"17031809200",4555,0.0900109769484083,0.604390779363337,0.0425905598243688,0.169264544456641,0.241492864983535,0.06172224987556,0.282666666666667,0.123319696084161,0.99991779362772,0.440666666666667,0.559333333333333,43613,1949,237800,0.906256860592755,0.000828582898434364,0.230769230769231,"medium","low","old"
"17031808200",5339,0.589436224011987,0.000187300992695261,0.285259411874883,0.100580633077355,0.46956358868702,0.0751057827926657,0.0898237635019898,0.0398471615720524,0.999977347209254,0.823194997157476,0.176805002842524,81952,1960,273500,0.975463569956921,0.0010455938697318,0.357580824972129,"medium","medium","medium"
"17031807500",3201,0.487660106216807,0.0303030303030303,0.349578256794752,0.105279600124961,0.373008434864105,0.0839606253618992,0.0943214629451396,0,1,0.832531280076997,0.167468719923003,114904,1956,316500,0.97282099343955,0.00113827655310621,0.597112860892388,"medium","high","medium"
"17031806802",2941,0.43658619517171,0.142128527711663,0.257395443726624,0.146548792927576,0.43488609316559,0.0437076111529766,0.0730067243035543,0.0947826086956522,0.999908958713194,0.671469740634006,0.328530259365994,68870,1955,370500,0.982658959537572,0.000892535392535393,0.533632286995516,"high","medium","medium"
"17031806400",2381,0.663586728265435,0,0.0482990340193196,0.266694666106678,0.188996220075598,0.0212443095599393,0.122166246851385,0.0352369380315917,0.999955622954256,0.807304785894207,0.192695214105793,108250,1953,292700,0.978580428391432,0.00114504504504505,0.327700663850332,"medium","high","medium"
"17031811402",3773,0.383249403657567,0,0.0726212562947257,0.526371587596077,0.319109461966605,0.025034137460173,0.0792540792540792,0.10062893081761,0.99992181735557,0.706293706293706,0.293706293706294,66875,1955,205800,0.98224224754837,0.000944845360824742,0.209631728045326,"medium","medium","medium"
"17031810200",6398,0.33948108783995,0.384651453579244,0.0847139731165989,0.1734917161613,0.291966239449828,0.0264089300299483,0.125786163522013,0.0674486803519062,0.999973487856862,0.391116352201258,0.608883647798742,61775,1949,228300,0.982338230697093,0.000855568445475638,0.480606330806955,"medium","medium","old"
"17031805106",2842,0.798029556650246,0.0175932441942294,0.0668543279380718,0.0960591133004926,0.400774102744546,0.0278343516632722,0.0879478827361563,0.0524691358024691,0.999957274516259,0.862377850162866,0.137622149837134,70921,1974,184100,0.97853624208304,0.00112089552238806,0.470037453183521,"medium","medium","medium"
"17031805302",3727,0.614435202575798,0.00241481083981755,0.297021733297558,0.0499060906895627,0.330292460423933,0.010894495412844,0.0655858511422255,0.0230381569474442,0.999983023017075,0.91451731761238,0.0854826823876197,77266,1957,312800,0.963777837402737,0.00106711037160288,0.34402230742419,"medium","medium","medium"
"17031805110",4590,0.831372549019608,0,0.0366013071895425,0.108714596949891,0.270152505446623,0.0111731843575419,0.0300254452926209,0.044725328147788,0.999977239536805,0.659033078880407,0.340966921119593,85759,1969,273600,0.976688453159041,0.00101669595782074,0.416712630998345,"medium","medium","medium"
"17031827000",4096,0.01171875,0.90185546875,0.001953125,0.069091796875,0.036865234375,0.115318416523236,0.338037634408602,0.165451486259114,0.999888821846997,0.571908602150538,0.428091397849462,34280,1956,71200,0.984619140625,0.00087717690192484,0.146113602391629,"low","low","medium"
"17031826304",2860,0.056993006993007,0.912937062937063,0,0,0.0157342657342657,0.174418604651163,0.291472868217054,0.137123745819398,0.999893713820573,0.569767441860465,0.430232558139535,46364,1970,106200,0.96993006993007,0.000931127616475355,0.242438790206433,"low","medium","medium"
"17031827500",5163,0.0801859384079024,0.432500484214604,0.00251791594034476,0.476467170249855,0.252178965717606,0.193624557260921,0.346517119244392,0.197156398104265,0.999883628421073,0.570838252656435,0.429161747343566,47407,1958,79300,0.991671508812706,0.000716993681410043,0.0582356995175741,"low","medium","medium"
"17031821700",4694,0.688112484022156,0.166808691947167,0,0.141244141457179,0.0924584576054538,0.0224517287831163,0.048014226437463,0.0511811023622047,0.999969662389063,0.800829875518672,0.199170124481328,85446,1955,223700,0.996165317426502,0.000774669187145558,0.382857142857143,"medium","medium","medium"
"17031823602",6369,0.818652849740933,0.0315591144606689,0.037525514209452,0.112105511069242,0.105511069241639,0.024746192893401,0.0392982456140351,0.101796407185629,0.999964283238124,0.783508771929825,0.216491228070175,65046,1979,195500,0.999842989480295,0.000879315432280909,0.273466957729708,"medium","medium","medium"
"17031820300",5546,0.162279120086549,0.0147854309412189,0.0517490082942661,0.758204111071042,0.410746483952398,0.061761341974838,0.198852772466539,0.101888952489983,0.999935065432521,0.624601657106437,0.375398342893563,60241,1959,190000,0.987017670393076,0.000959025079477217,0.140093786635404,"medium","medium","medium"
"17031819200",6526,0.328532025743181,0.0205332516089488,0.0367759730309531,0.600214526509347,0.257891510879559,0.0323875035826885,0.0688238315356959,0.0935754189944134,0.99995194097491,0.757575757575758,0.242424242424242,75917,1956,166900,0.98605577689243,0.000893240498984624,0.157777777777778,"low","medium","medium"
"17031530200",4185,0.00740740740740741,0.936917562724014,0,0.0556750298685783,0.0604540023894863,0.282283884738527,0.420245398773006,0.297035040431267,0.999772264267685,0.568251533742331,0.431748466257669,45074,0,80900,1,0.000789991445680068,0.141380583241048,"low","low","old"
"17031720400",1819,0.895547003848268,0.0549752611324904,0.00164925783397471,0.045629466739967,0.0296866410115448,0.0308151093439364,0.0199386503067485,0.0893854748603352,0.999862924505671,0.930981595092024,0.0690184049079755,99100,1955,260800,0.9978009895547,0.000883022774327122,0.534710743801653,"medium","high","medium"
"17031491300",2436,0.00862068965517241,0.973727422003284,0,0.00656814449917898,0.00328407224958949,0.144349477682811,0.401854714064915,0.309498399146211,0.999521869523139,0.425038639876352,0.574961360123648,37279,0,83700,0.988916256157635,0.000831578947368421,0.148738379814077,"low","low","old"
"17031814500",5400,0.109074074074074,0.0183333333333333,0.00259259259259259,0.866851851851852,0.34537037037037,0.022816679779701,0.131376659678546,0.0453635757171448,0.999968300392935,0.778476589797344,0.221523410202655,71638,1954,173000,0.996851851851852,0.0010141738157404,0.138793103448276,"medium","medium","medium"
"17031010100",4644,0.44250645994832,0.349698535745047,0.0195951765719208,0.151593453919035,0.232342807924203,0.050994575045208,0.176926212800652,0.130450194966324,0.999946822968605,0.326538931920098,0.673461068079902,42891,0,283800,0.963393626184324,0.00115598885793872,0.501016555329654,"medium","low","old"
"17031010501",4039,0.493934142114385,0.339192869522159,0.0631344392176281,0.0765040851695964,0.292894280762565,0.0593883357041252,0.202081526452732,0.105854982551377,0.999954097951608,0.104943625325239,0.895056374674762,43097,1944,311900,0.972765536023768,0.000903393025447691,0.57260101010101,"medium","low","old"
"17031081401",2039,0.796959293771457,0.0220696419813634,0.12309955860716,0.0362923001471309,0.146150073565473,0.0160349854227405,0.04453125,0.231231231231231,0.999819383228912,0.47578125,0.52421875,69432,1980,532800,0.978420794507111,0.000846920289855072,0.789411764705882,"high","medium","medium"
"17031252201",2672,0.0490269461077844,0.906062874251497,0.0063622754491018,0.0385479041916168,0.0153443113772455,0.188223938223938,0.372967479674797,0.159692570452605,0.999837737135896,0.322154471544715,0.677845528455285,36204,1952,128700,1,0.000875087719298246,0.128746928746929,"low","low","medium"
"17031980100",0,,,,,,,,,,,,,,,,,,,,
"17031430101",2826,0.0141542816702052,0.95930644019816,0,0.0265392781316348,0.0360934182590234,0.257093225246091,0.537962362102531,0.25842155919153,0.999832330804765,0.153147306943543,0.846852693056457,32761,1945,137500,1,0.000985945186226282,0.203146691346599,"low","low","old"
"17031530502",1609,0,0.962709757613424,0,0.0329397141081417,0.00435052827843381,0.140208574739282,0.138888888888889,0.0857142857142857,0.99985121261717,0.899305555555556,0.100694444444444,65000,1954,132800,0.995649471721566,0.000940892641737033,0.233018056749785,"low","medium","medium"
"17031063301",2925,0.670769230769231,0.095042735042735,0.0581196581196581,0.135384615384615,0.201367521367521,0.0104011887072808,0.164209456024403,0.0442176870748299,0.999977520745758,0.143365531265887,0.856634468734113,61139,1956,342700,0.959316239316239,0.000933245208195638,0.820941487021557,"medium","medium","medium"
"17031080201",3038,0.849242922975642,0.0398288347597103,0.0625411454904543,0.0424621461487821,0.158986175115207,0.0369574559518694,0.0336871250576834,0.171952617500955,0.999920655757245,0.559298569450854,0.440701430549146,113219,1967,296800,0.994075049374589,0.000996057818659658,0.859124866595518,"medium","high","medium"
"17031803014",3348,0.647252090800478,0.0188172043010753,0.0698924731182796,0.23715651135006,0.411589008363202,0.0279001468428781,0.105337078651685,0.0279863481228669,0.99998034705189,0.652387640449438,0.347612359550562,67356,1981,194900,0.973118279569892,0.000751962323390895,0.410223912125053,"medium","medium","medium"
"17031803012",2041,0.698677119059285,0.020578147966683,0.0769230769230769,0.190592846643802,0.325330720235179,0.0468497576736672,0.127312295973885,0.145116279069767,0.999842118206908,0.58759521218716,0.41240478781284,73625,1983,271700,0.986771190592847,0.000765570934256055,0.570491803278689,"medium","medium","medium"
"17031830007",4973,0.0910918962396944,0.855620349889403,0,0.0510758093706012,0.0191031570480595,0.187344913151365,0.278467908902692,0.0510805500982318,0.999973561490888,0.445134575569358,0.554865424430642,51438,1982,132300,0.997788055499698,0.000808363636363636,0.243396857238382,"low","medium","medium"
"17031803612",3500,0.301714285714286,0.054,0.0865714285714286,0.535142857142857,0.374571428571429,0.0700729927007299,0.209800918836141,0.0631276901004304,0.999951665667025,0.254211332312404,0.745788667687596,56591,1981,254600,0.977428571428571,0.00114592274678112,0.271985494106981,"medium","medium","medium"
"17031240600",1677,0.611210494931425,0.0471079308288611,0.0590339892665474,0.265354800238521,0.130590339892665,0.0356824264049955,0.0752688172043011,0.019578313253012,0.999969926690525,0.605222734254992,0.394777265745008,131528,1980,466000,0.982707215265355,0.00132271468144044,0.704584040747029,"high","high","medium"
"17031240700",1872,0.408653846153846,0.0795940170940171,0.0283119658119658,0.465277777777778,0.188034188034188,0.0195246179966044,0.0784593437945792,0,1,0.332382310984308,0.667617689015692,84896,1963,451900,0.981837606837607,0.00107769145394007,0.586387434554974,"high","medium","medium"
"17031260400",1158,0.00949913644214162,0.990500863557858,0,0,0,0.258364312267658,0.524336283185841,0.170642201834862,0.999622615477635,0.25,0.75,,0,146700,1,0.0010752688172043,0.0324074074074074,"low",,"old"
"17031260200",873,0,0.971363115693013,0,0.0286368843069874,0,0.0969529085872576,0.402061855670103,0.276119402985075,0.999052035561477,0.298969072164948,0.701030927835051,36042,1946,119600,1,0.000628731343283582,0.0956678700361011,"low","low","old"
"17031283200",1676,0.313842482100239,0.367541766109785,0.133054892601432,0.134248210023866,0.0900954653937947,0.056369785794814,0.247237569060773,0.0717948717948718,0.999900845644999,0.348066298342541,0.651933701657459,64265,1998,384900,0.948687350835322,0.000777306468716861,0.695364238410596,"high","medium","medium"
"17031310500",1434,0.194560669456067,0,0.00488145048814505,0.800557880055788,0.420502092050209,0.0792602377807133,0.241379310344828,0.170111287758347,0.99967422247256,0.272030651340996,0.727969348659004,52090,0,287700,1,0.000857512953367876,0.203574975173784,"medium","medium","old"
"17031420100",1526,0.0235910878112713,0.897771952817824,0.0222804718217562,0.0196592398427261,0.0255570117955439,0.225602027883397,0.454764776839566,0.0349243306169965,0.999957873511004,0.0205066344993969,0.979493365500603,19358,1973,513900,0.963302752293578,0.000446445497630332,0.184859154929577,"high","low","medium"
"17031491000",3562,0.000842223469960696,0.961257720381808,0.00561482313307131,0.0179674340258282,0.0423919146546884,0.309077809798271,0.622370936902486,0.377380952380952,0.99963934526945,0.419694072657744,0.580305927342256,23255,1940,89400,0.985682201010668,0.00120557275541796,0.138030490317264,"low","low","old"
"17031802607",1199,0.921601334445371,0.0208507089241034,0.0150125104253545,0.0266889074228524,0.107589658048374,0.0482625482625483,0,0.0515222482435597,0.999872800753945,0.940740740740741,0.0592592592592593,131875,1957,387200,0.984153461217681,0.000978547854785478,0.479665071770335,"high","high","medium"
"17031836700",2337,0.0479246897732135,0.69747539580659,0,0.254599914420197,0.0350877192982456,0.0831334932054357,0.320845341018252,0.0852372583479789,0.99991812653249,0.30835734870317,0.69164265129683,35260,1945,262500,1,0.000843059936908517,0.187987987987988,"medium","low","old"
"17031837100",1349,0.144551519644181,0.691623424759081,0.0192735359525575,0.103039288361749,0.0385470719051149,0.224347826086957,0.356083086053412,0.148989898989899,0.999778995591149,0.332344213649852,0.667655786350148,21231,0,218100,0.958487768717569,0.000522573363431151,0.265720081135903,"medium","low","old"
"17031835500",1356,0.0494100294985251,0.90929203539823,0,0.0221238938053097,0.0412979351032448,0.233684210526316,0.610294117647059,0.264864864864865,0.999610644502539,0.245588235294118,0.754411764705882,18152,1962,148400,0.980825958702065,0.00118357487922705,0.14878892733564,"low","low","medium"
"17031834000",3187,0.00376529651710072,0.926890492626294,0,0,0.00564794477565108,0.130208333333333,0.411711711711712,0.201438848920863,0.999818556487254,0.138738738738739,0.861261261261261,48750,1946,140500,0.930655789143395,0.000755922865013774,0.157721280602637,"low","medium","old"
"17031330103",6969,0.52848328311092,0.345817190414694,0.0881044626201751,0.0361601377529057,0.190414693643277,0,0.142857142857143,0,1,0.449989291068751,0.550010708931249,82491,1991,362700,0.998565073898694,0.00103831529687043,0.768597708568662,"high","medium","medium"
"17031809402",2611,0.614707008808886,0.0314055917273075,0.23094599770203,0.100727690540023,0.228648027575642,0.0363815142576204,0,0.198586118251928,0.999840774259639,0.271852445870088,0.728147554129912,45125,2000,487000,0.977786288778246,0.000799448656099242,0.798755186721992,"high","low","medium"
"17031630600",2768,0.0484104046242775,0.0751445086705202,0.0249277456647399,0.851517341040462,0.301300578034682,0.137299771167048,0.361519607843137,0.0779661016949153,0.999904462435045,0.448529411764706,0.551470588235294,41862,1943,156700,1,0.000847797062750334,0.058348851644941,"low","low","old"
"17031803615",2436,0.504105090311987,0.0205254515599343,0.264778325123153,0.107963875205255,0.286945812807882,0.0397766922540126,0.142028985507246,0.0791814946619217,0.999923501992816,0.591304347826087,0.408695652173913,70288,1982,292400,0.897372742200328,0.00113496932515337,0.560532687651332,"medium","medium","medium"
"17031821001",4701,0.551584769198043,0.0485003190810466,0.02297383535418,0.360348861944267,0.231440119123591,0.0717247097844113,0.197837150127226,0.0547203848466627,0.999965191806534,0.664758269720102,0.335241730279898,52273,1964,218900,0.983407785577537,0.0010046908315565,0.146467919637071,"medium","medium","medium"
"17031823702",5757,0.714434601354872,0.120896300156331,0.0279659544901859,0.107173875282265,0.273579989577905,0.0801974090067859,0.104109589041096,0.0858676207513417,0.999966393450083,0.529158512720157,0.470841487279843,68813,1976,259000,0.970470731283655,0.0010024347826087,0.281887150308203,"medium","medium","medium"
"17031828602",4356,0.316804407713499,0.564508723599633,0.0183654729109275,0.0438475665748393,0.0571625344352617,0.0356768100734523,0.0961952620244078,0.0306193458594294,0.999978019617491,0.858578607322326,0.141421392677674,97135,1967,186800,0.943526170798898,0.000933422103861518,0.497625508819539,"medium","high","medium"
"17031825801",3865,0.0282018111254851,0.938421733505821,0.00155239327296248,0.0287192755498059,0.0274256144890039,0.143619861185264,0.32064128256513,0.203723404255319,0.99986393073897,0.364061456245825,0.635938543754175,45458,1974,78700,0.996895213454075,0.000689248251748252,0.148980441115273,"low","low","medium"
"17031819801",5400,0.918148148148148,0.0151851851851852,0.0103703703703704,0.0362962962962963,0.042962962962963,0.0395697272378025,0.0141277641277641,0.0523864959254948,0.999967822598118,0.974815724815725,0.0251842751842752,183190,1947,630800,0.98,0.000920341394025605,0.880158972791195,"high","high","old"
"17031814400",7690,0.128868660598179,0.000260078023407022,0,0.870871261378414,0.320676202860858,0.0698466780238501,0.297378599054577,0,1,0.553072625698324,0.446927374301676,50334,1951,158500,1,0.000757312614259598,0.10478974589611,"low","medium","medium"
"17031720700",3108,0.254504504504505,0.591377091377091,0.0222007722007722,0.0183397683397683,0.0386100386100386,0.0362554112554113,0.0628571428571429,0.139142656359803,0.999886427058352,0.551020408163265,0.448979591836735,76534,1942,275400,0.886422136422136,0.00092684438933664,0.419051878354204,"medium","medium","old"
"17031813400",8103,0.0899666790077749,0.0172775515241269,0,0.874120696038504,0.340367765025299,0.0531697341513292,0.311149032992036,0.103975535168196,0.999940859279875,0.56712172923777,0.43287827076223,54957,0,184300,0.981364926570406,0.000809917355371901,0.111350059737157,"medium","medium","old"
"17031812802",2765,0.569620253164557,0.212296564195298,0.0459312839059675,0.0495479204339964,0.125497287522604,0.0354477611940298,0.0945395273023635,0.0788288288288288,0.999935758952908,0.379788101059495,0.620211898940505,73319,0,315800,0.877396021699819,0.000674742580254391,0.674234945705824,"medium","medium","old"
"17031650301",4527,0.151314336204992,0.0203225093881158,0.00596421471172962,0.81334216920698,0.344378175392092,0.0952778938570832,0.121395036887995,0.0721841941505912,0.999951589067977,0.80952380952381,0.19047619047619,58972,1955,220300,0.990943229511818,0.00114855244423351,0.174480084596405,"medium","medium","medium"
"17031671400",1177,0,0.665250637213254,0,0.13678844519966,0.213254035683942,0.134736842105263,0.256272401433692,0.201716738197425,0.999638631103867,0.75089605734767,0.24910394265233,23330,0,151300,0.802039082412914,0.000601360544217687,0.0380228136882129,"low","low","old"
"17031600600",2998,0.209472981987992,0,0.472648432288192,0.317878585723816,0.485990660440294,0.0735900962861073,0.120629370629371,0.0781627719580983,0.999931680566502,0.542832167832168,0.457167832167832,38566,0,346800,1,0.000980184940554822,0.191043353978085,"medium","low","old"
"17031340500",1535,0.439087947882736,0.0469055374592834,0.361563517915309,0.137459283387622,0.418241042345277,0.0552995391705069,0.180509413067553,0.125847047434656,0.999860653919001,0.358803986710963,0.641196013289037,36250,0,413900,0.985016286644951,0.000906832298136646,0.313773431132844,"high","low","old"
"17031310600",4780,0.34581589958159,0.0441422594142259,0.0650627615062762,0.544979079497908,0.278033472803347,0.0499325236167341,0.0968809073724008,0.0988074957410562,0.999953306766494,0.25992438563327,0.74007561436673,66074,0,378300,1,0.00107016024252923,0.514826320248517,"high","medium","old"
"17031420500",1809,0.00608070757324489,0.976782752902156,0.0121614151464898,0.00497512437810945,0.0912106135986733,0.345803842264914,0.507394766780432,0.248717948717949,0.99971712446815,0.219567690557452,0.780432309442548,24577,1965,145300,1,0.000791089108910891,0.241538461538462,"low","low","medium"
"17031390500",1616,0.254950495049505,0.602722772277228,0.0680693069306931,0.0600247524752475,0.101485148514851,0.0573678290213723,0.16945107398568,0.0573678290213723,0.999931546656323,0.26491646778043,0.73508353221957,39074,1947,488200,0.985767326732673,0.000965936739659367,0.691116544417278,"high","low","old"
"17031300500",2793,0.0497672753311851,0.0329394915861081,0,0.9140708915145,0.506265664160401,0.0583050847457627,0.143570536828964,0.198198198198198,0.999752622760955,0.459425717852684,0.540574282147316,52534,0,174200,0.996777658431794,0.000992154065620542,0.18313373253493,"medium","medium","old"
"17031806501",2609,0.345343043311614,0.101954771943273,0.143349942506708,0.392104254503641,0.437715599846685,0.0749185667752443,0.126939351198872,0.086340206185567,0.999878237386211,0.631875881523272,0.368124118476728,49176,1957,241400,0.982752012265236,0.000765223274695535,0.205097087378641,"medium","medium","medium"
"17031810301",4463,0.330271118082008,0.252296661438494,0.0365225184853238,0.366569572036747,0.269549630293525,0.169385194479297,0.109195402298851,0.0581867388362652,0.999958200929106,0.66882183908046,0.33117816091954,84271,1954,302400,0.985659870042572,0.000842691990090834,0.44849931787176,"medium","medium","medium"
"17031806103",5175,0.676521739130435,0.00386473429951691,0.119613526570048,0.148212560386473,0.24,0.0263063063063063,0.0455486542443064,0.0247349823321555,0.999987197378023,0.922360248447205,0.077639751552795,86250,1959,315600,0.948212560386473,0.00119279661016949,0.462264150943396,"medium","medium","medium"
"17031803800",4404,0.794050862851953,0.0197547683923706,0.0767484105358765,0.0912806539509537,0.167120799273388,0.0273497688751926,0.0437032777458309,0.0605078336034576,0.999965206596705,0.81196089706728,0.18803910293272,98750,1958,271300,0.981834695731153,0.000884467265725289,0.46339890357949,"medium","high","medium"
"17031804511",2318,0.198446937014668,0.0992234685073339,0.154874892148404,0.546160483175151,0.419758412424504,0.0135363790186125,0.103197674418605,0.0664857530529172,0.999903373068694,0.424418604651163,0.575581395348837,61538,1975,214800,0.998705780845557,0.00106411398040962,0.231282431430689,"medium","medium","medium"
"17031770601",3540,0.693220338983051,0.0186440677966102,0.225141242937853,0.0629943502824859,0.297175141242938,0,0.131413141314131,0.0296943231441048,0.999973273150757,0.910891089108911,0.0891089108910891,100531,1959,279900,1,0.00112996389891697,0.316390423572744,"medium","high","medium"
"17031230300",878,0.11503416856492,0.0649202733485194,0,0.82004555808656,0.347380410022779,0.083984375,0.211111111111111,0.158878504672897,0.999411907150517,0.322222222222222,0.677777777777778,46875,0,281400,1,0.00100456621004566,0.185374149659864,"medium","medium","old"
"17031241000",1935,0.365891472868217,0.0496124031007752,0.0558139534883721,0.498191214470284,0.12609819121447,0.043579766536965,0.194263363754889,0.143973214285714,0.999812325692031,0.319426336375489,0.680573663624511,78203,0,335100,0.969509043927649,0.0008896484375,0.522697795071336,"medium","medium","old"
"17031062400",1510,0.85364238410596,0.0642384105960265,0.00860927152317881,0.0470198675496689,0.0344370860927152,0.0352250489236791,0.08,0.0885416666666667,0.999873527901977,0.612857142857143,0.387142857142857,124355,1992,595700,0.973509933774834,0.00108563535911602,0.815966386554622,"high","high","medium"
"17031030703",3035,0.572981878088962,0.149258649093904,0.0481054365733114,0.207907742998353,0.312026359143328,0.0746681415929204,0.28609201480698,0.0624690133862172,0.999966966182022,0.244315177154944,0.755684822845056,43469,1962,229900,0.97825370675453,0.00120406681190995,0.561087705859824,"medium","low","medium"
"17031190702",4644,0.0981912144702842,0.0363910422049957,0,0.86541774332472,0.444659776055125,0.0391249474127051,0.206415620641562,0.0633572828216852,0.999955819746387,0.464435146443515,0.535564853556485,46000,0,229100,1,0.000907186858316222,0.0924590163934426,"medium","medium","old"
"17031151002",5333,0.223888993062066,0.0166885430339396,0.0138758672417026,0.720607537971123,0.394337146071629,0.0437698552770914,0.10543549443353,0.0916121356335515,0.999940008749373,0.432220039292731,0.567779960707269,69450,0,312600,0.975060941308832,0.00102698593690612,0.234810683886117,"medium","medium","old"
"17031100600",4821,0.645716656295374,0.00705247873885086,0.0423148724331052,0.294544700269654,0.174859987554449,0.0361816782140108,0.107667210440457,0.0326144134665965,0.999982265451297,0.771615008156607,0.228384991843393,71198,1952,321000,0.989628707736984,0.000919952210274791,0.332934131736527,"medium","medium","medium"
"17031071700",1622,0.739827373612824,0.0955610357583231,0.100493218249075,0.0505548705302096,0.148581997533909,0.028169014084507,0.0274390243902439,0.076056338028169,0.999884073900742,0.539634146341463,0.460365853658537,173750,1955,830600,0.986436498150432,0.00106361323155216,0.856066945606695,"high","high","medium"
"17031061901",3384,0.67080378250591,0.0664893617021277,0.13031914893617,0.113770685579196,0.247044917257683,0.0523181624840493,0.114125753660637,0.0915492957746479,0.999960574639789,0.246770025839793,0.753229974160207,54516,1966,310800,0.981382978723404,0.00147007299270073,0.713286713286713,"medium","medium","medium"
"17031030103",2490,0.512048192771084,0.230120481927711,0.137349397590361,0.103614457831325,0.206425702811245,0.0712121212121212,0.04375,0.166666666666667,0.999826419024475,0.302083333333333,0.697916666666667,61313,1969,141500,0.983132530120482,0.000829537105069802,0.635948210205636,"low","medium","medium"
"17031030701",1528,0.429319371727749,0.329188481675393,0.141361256544503,0.0844240837696335,0.272251308900524,0.083011583011583,0.149700598802395,0.0904139433551198,0.999891731551643,0.227544910179641,0.772455089820359,44375,1949,179200,0.984293193717278,0.00124375917767988,0.468222043443282,"medium","low","old"
"17031080300",4697,0.807323823717266,0.0104321907600596,0.130721737279114,0.0349159037683628,0.129231424313392,0,0.0102220655622136,0.0869005471515932,0.999969369797191,0.495593937257667,0.504406062742333,141439,1991,454100,0.983393655524803,0.00108292682926829,0.900295420974889,"high","high","medium"
"17031430102",3627,0.0195754066721809,0.929693961952026,0.00771987868762062,0.0209539564378274,0.0388751033912324,0.0754635618801207,0.16943231441048,0.0552805280528053,0.999975860614142,0.18471615720524,0.81528384279476,41399,1942,119500,0.977943203749655,0.00116150178784267,0.328098327074087,"low","low","old"
"17031240900",983,0.337741607324517,0.0956256358087487,0.181078331637843,0.349949135300102,0.262461851475076,0.0338709677419355,0.138376383763838,0.125806451612903,0.999767938640596,0.285977859778598,0.714022140221402,56563,0,367800,0.964394710071211,0.00124942791762014,0.566709021601017,"high","medium","old"
"17031610800",1533,0.66470971950424,0,0.0300065231572081,0.238747553816047,0.0215264187866928,0.141614906832298,0.210144927536232,0.12241653418124,0.99977828008696,0.572463768115942,0.427536231884058,61591,0,221100,0.933463796477495,0.000697674418604651,0.196984924623116,"medium","medium","old"
"17031690500",744,0,1,0,0,0,0.326829268292683,0.470219435736677,0.263279445727483,0.999175353187549,0.344827586206897,0.655172413793103,36926,0,156100,1,0.00101081081081081,0.16750418760469,"low","low","old"
"17031835200",1922,0.248178980228928,0.0379812695109261,0.0411030176899063,0.672736732570239,0.355879292403746,0.11924882629108,0.197472353870458,0.039453717754173,0.999937675736445,0.674565560821485,0.325434439178515,52043,1956,214500,1,0.00130179640718563,0.167252283907238,"medium","medium","medium"
"17031810702",4054,0.481499753330044,0.0266403552047361,0.0444005920078934,0.430439072520967,0.210656142081894,0.0573414422241529,0.164095371669004,0.137326073805203,0.99990370767857,0.375876577840112,0.624123422159888,65750,1969,234900,0.982979773063641,0.000737676810972996,0.251587861679605,"medium","medium","medium"
"17031660302",4550,0.00505494505494506,0.232527472527473,0,0.76021978021978,0.450989010989011,0.174300254452926,0.238262088297127,0.0910828025477707,0.999936175901002,0.263489838822705,0.736510161177295,35368,1952,150000,0.997802197802198,0.00114825306893296,0.0667547918043622,"low","low","medium"
"17031809700",3714,0.442918686052773,0.241518578352181,0.0570813139472267,0.190360796984383,0.238826063543349,0.0338028169014084,0.0709401709401709,0.075098814229249,0.999935817099,0.694017094017094,0.305982905982906,114167,0,350700,0.931879375336564,0.00102729257641921,0.535145631067961,"medium","high","old"
"17031805112",3057,0.521099116781158,0.00719659797186784,0.304219823356232,0.149492966961073,0.491004252535165,0.0182389937106918,0.0707251566696508,0.183479532163743,0.999835765981573,0.718889883616831,0.281110116383169,62054,1966,276900,0.98200850507033,0.000911819887429644,0.288143176733781,"medium","medium","medium"
"17031818900",4274,0.726953673373889,0.0634066448291998,0.0477304632662611,0.140617688348152,0.0828263921385119,0.014016433059449,0.0180790960451977,0.0843248836006208,0.999952361092398,0.638418079096045,0.361581920903955,95740,1957,331000,0.978708469817501,0.000975046210720887,0.521307273309837,"medium","high","medium"
"17031251400",3894,0.134309193631228,0.792758089368259,0,0.056753980482794,0.0161787365177196,0.137672090112641,0.459288152120917,0.0740406320541761,0.999963901531301,0.214529497805948,0.785470502194052,18740,1945,256400,0.98382126348228,0.000820476858345021,0.127652519893899,"medium","low","old"
"17031292400",2189,0.168113293741434,0.798081315669255,0.000456829602558246,0.0333485609867519,0.000456829602558246,0.0678127984718243,0.398484848484848,0.286486486486487,0.99956611790132,0.413636363636364,0.586363636363636,50000,0,184900,1,0.000932038834951456,0.112449799196787,"medium","medium","old"
"17031826600",5931,0.0303490136570561,0.767324228629236,0,0.163716068116675,0.0230989715056483,0.184424641611778,0.33063209076175,0.192760575665068,0.9998958722291,0.592652620205294,0.407347379794706,38920,1954,76500,0.961389310402967,0.000954200988467875,0.141933497536946,"low","low","medium"
"17031520500",5208,0.183371735791091,0.0178571428571429,0.00748847926267281,0.783218125960061,0.188364055299539,0.0673553719008265,0.118966689326988,0.0238885202388852,0.999983760617061,0.829367777022434,0.170632222977566,66164,1951,131000,0.991935483870968,0.000914002205071665,0.162790697674419,"low","medium","medium"
"17031510200",3709,0.063359396063629,0.694796441089242,0,0.233216500404422,0.0984092747371259,0.122940430925222,0.233466135458167,0.0805860805860806,0.999935792106515,0.737848605577689,0.262151394422311,41250,1946,111400,0.991372337557293,0.000920766442257897,0.271916790490342,"low","low","old"
"17031611500",3104,0.0567010309278351,0.108569587628866,0.00257731958762887,0.83215206185567,0.35180412371134,0.140950792326939,0.400208986415883,0.104770813844715,0.999890533599832,0.241379310344828,0.758620689655172,34196,1957,111800,1,0.00105562913907285,0.0403397027600849,"low","low","medium"
"17031440101",4154,0.00361097737120847,0.959557053442465,0,0.016610495907559,0.0194992778045258,0.204642349597347,0.473089099954772,0.175615212527964,0.99992057835148,0.0474898236092266,0.952510176390773,23625,1943,,0.979778526721233,0.000890760127446518,0.0968908170643529,,"low","old"
"17031612200",3678,0.0628058727569331,0.26889613920609,0.0190320826536161,0.644371941272431,0.278955954323002,0.20551724137931,0.445235975066785,0.161940298507463,0.999855817498174,0.301869991095281,0.69813000890472,27382,0,158900,0.99510603588907,0.00114086146682189,0.0514043455219926,"low","low","old"
"17031836500",1791,0.0993858179787828,0.878280290340592,0,0.00893355667225014,0.0418760469011725,0.152525252525253,0.344504021447721,0.0580808080808081,0.999922149750033,0.160857908847185,0.839142091152815,50591,1985,453700,0.986599664991625,0.000974641675854465,0.40316573556797,"high","medium","medium"
"17031801901",4298,0.711493718008376,0.00558399255467659,0.103303862261517,0.169846440204746,0.261284318287576,0.0478325859491779,0.0325732899022801,0.125771238728049,0.999931724944794,0.831161780673181,0.168838219326819,92333,1982,391200,0.990228013029316,0.000817336152219873,0.614819170832108,"high","high","medium"
"17031062700",2972,0.831763122476447,0.00975773889636608,0.0248990578734859,0.0807537012113055,0.085464333781965,0.0219232685600399,0.0287828947368421,0.0952380952380952,0.999921685331663,0.545230263157895,0.454769736842105,147000,1985,663700,0.947173620457604,0.00117251461988304,0.843407900999524,"high","high","medium"
"17031050500",5911,0.821688377601083,0.000507528336998816,0.0820504144814752,0.0365420402639147,0.0658095076975131,0.0139098881161173,0.00377536573855592,0.12798353909465,0.999939605564134,0.612081170363379,0.387918829636621,160045,0,681000,0.940788360683471,0.000916666666666667,0.839414114513981,"high","high","old"
"17031170400",4061,0.596404826397439,0.0485102191578429,0.0344742674218173,0.298941147500616,0.352130017237134,0.0779491454772822,0.0773036487322202,0.0380725758477097,0.999976455362126,0.802102659245516,0.197897340754484,81133,1952,269700,0.978330460477715,0.00118333333333333,0.296092993219244,"medium","medium","medium"
"17031151001",2666,0.26669167291823,0.0105026256564141,0.0562640660165041,0.661665416354088,0.358589647411853,0.0545702592087312,0.17454954954955,0.115537848605578,0.999869906736588,0.573198198198198,0.426801801801802,76563,0,299800,0.995123780945236,0.000876143560872625,0.245883644346872,"medium","medium","old"
"17031130100",5279,0.626823261981436,0.0132600871377155,0.251941655616594,0.0894108732714529,0.385110816442508,0.0325294447560292,0.253756260434057,0.0275974025974026,0.999984642749707,0.534780189204229,0.465219810795771,49327,1955,376100,0.981435878007198,0.00071563210919727,0.493109151047409,"high","medium","medium"
"17031063200",6285,0.808591885441527,0.0420047732696897,0.0609387430389817,0.0642800318217979,0.102625298329356,0.0398941583553837,0,0.0920538428137212,0.999977988566098,0.321377331420373,0.678622668579627,67406,1960,289800,0.975815433571997,0.00108596083637571,0.834413780329691,"medium","medium","medium"
"17031063100",2309,0.844954525768731,0,0.0524036379385015,0.0493720225205717,0.10827197921178,0.0338983050847458,0.0133729569093611,0,1,0.265230312035661,0.734769687964339,94929,1963,488800,0.946730186227804,0.000734785875281743,0.909090909090909,"high","high","medium"
"17031710300",1541,0,0.878001297858533,0,0.0785204412719014,0.0259571706683971,0.17037037037037,0.284872298624754,0.188197767145136,0.999630396446794,0.324165029469548,0.675834970530452,42560,1948,123800,0.956521739130435,0.000793946449359721,0.117379435850773,"low","low","old"
"17031820203",3314,0.805672902836451,0.0226312613156307,0.040132770066385,0.115872057936029,0.124019312009656,0.0276923076923077,0.0170212765957447,0.0454914703493095,0.999961285353904,0.995744680851064,0.00425531914893617,160913,1984,496100,0.984308992154496,0.00108690176322418,0.508802060970374,"high","high","medium"
"17031837000",1672,0.0921052631578947,0.756578947368421,0,0.0921052631578947,0.0328947368421053,0.229447852760736,0.477272727272727,0.203407880724175,0.999728138259487,0.266042780748663,0.733957219251337,31825,0,230600,0.940789473684211,0.00079978471474704,0.319244604316547,"medium","low","old"
"17031843500",10673,0.106062025672257,0.647147006464911,0.00309191417595802,0.243699053686873,0.0695212217745713,0.105670103092784,0.244541484716157,0.173285198555957,0.999243868244042,0.336244541484716,0.663755458515284,27330,0,160300,1,0.00882780847145488,0.0337547068316299,"low","low","old"
"17031803016",2765,0.394575045207957,0.037251356238698,0.514285714285714,0.0264014466546112,0.469077757685353,0.00778816199376947,0.011482254697286,0.0496031746031746,0.999948224836753,0.454070981210856,0.545929018789144,106833,1973,382600,0.97251356238698,0.000999276934201012,0.699129488574537,"high","high","medium"
"17031804316",4963,0.532540801934314,0.00120894620189402,0.207737255692122,0.235744509369333,0.247028007253677,0.0331669044222539,0.0512820512820513,0,1,0.946841776110069,0.0531582238899312,96518,1990,267900,0.977231513197663,0.000967102655568767,0.393283374965307,"medium","high","medium"
"17031740200",6573,0.80359044576297,0.015518028297581,0.0156701658299102,0.0900654191389016,0.0476190476190476,0.0399597044996642,0.0182896688086999,0.0529026217228464,0.999973850104634,0.865051903114187,0.134948096885813,106406,1957,285000,0.924844059029363,0.000863623476041962,0.432877406281662,"medium","high","medium"
"17031830001",2366,0.680050718512257,0.0680473372781065,0.0240912933220626,0.1770921386306,0.0688926458157227,0.0520325203252033,0.1288,0.0566037735849057,0.999954719031591,0.7856,0.2144,41071,1986,33400,0.949281487743026,0.00069120800571837,0.167682926829268,"low","low","medium"
"17031826902",1575,0.0158730158730159,0.841904761904762,0,0.142222222222222,0.0266666666666667,0.228177641653905,0.402892561983471,0.334250343878955,0.999309876715013,0.485537190082645,0.514462809917355,33967,1955,63600,1,0.00124679029957204,0.0403846153846154,"low","low","medium"
"17031711500",2728,0,0.993768328445748,0,0.00439882697947214,0.0216275659824047,0.104385964912281,0.411347517730496,0.127835051546392,0.999848917567475,0.699763593380615,0.300236406619385,47541,1955,133800,0.99816715542522,0.000918424753867792,0.149237472766885,"low","medium","medium"
"17031812700",3147,0.588814744200826,0.217667619955513,0.0428979980934223,0.0927867810613282,0.0892913886240864,0.0438737292669877,0.104010025062657,0.0715532286212914,0.999955169159881,0.476190476190476,0.523809523809524,67407,0,241000,0.94216714331109,0.000736754966887417,0.735657546337158,"medium","medium","old"
"17031834700",1130,0.00884955752212389,0.963716814159292,0.00353982300884956,0.0238938053097345,0.0309734513274336,0.301455301455301,0.402417962003454,0.431795878312071,0.999254794297821,0.329879101899827,0.670120898100173,23992,1942,205800,1,0.000699248120300752,0.0813953488372093,"medium","low","old"
"17031611700",1963,0,0.318390219052471,0,0.681609780947529,0.395822720326032,0.146341463414634,0.327067669172932,0.135427952329361,0.999830319582885,0.196741854636591,0.803258145363409,12421,1957,94000,1,0.00185735080058224,0.0122249388753056,"low","low","medium"
"17031310200",1697,0.344136711844431,0.0383028874484384,0.171479080730701,0.428403064230996,0.236299351797289,0.0478723404255319,0.169252468265162,0.0886889460154242,0.999874925453758,0.413258110014104,0.586741889985896,88625,0,271100,0.982321744254567,0.00102505966587112,0.529323308270677,"medium","medium","old"
"17031390200",2174,0.214811407543698,0.573597056117755,0.0657773689052438,0.0367985280588776,0.0482980680772769,0.0734017363851618,0.126106194690265,0.0831643002028398,0.999908012555164,0.676991150442478,0.323008849557522,92292,1950,290300,0.890984360625575,0.000987202925045704,0.658236500341764,"medium","high","old"
"17031291600",912,0.269736842105263,0.0635964912280702,0,0.666666666666667,0.407894736842105,0.00437636761487965,0.130573248407643,0.218905472636816,0.999303334494442,0.359872611464968,0.640127388535032,77917,0,313100,1,0.00135658914728682,0.294117647058824,"medium","medium","old"
"17031806202",5092,0.702278083267871,0.0396700706991359,0.0432050274941084,0.171838177533386,0.206009426551453,0.046875,0.114951768488746,0.0273651290070367,0.999989001274909,0.636254019292605,0.363745980707395,61764,1979,236300,0.956991358994501,0.000944253531882398,0.480397022332506,"medium","medium","medium"
"17031803100",3374,0.858624777711915,0.00652045050385299,0.042086544161233,0.0577949021932424,0.117368109069354,0.0724885844748858,0.0345423143350604,0,1,0.924870466321243,0.0751295336787565,124605,1958,371800,0.965026674570243,0.000854865310610225,0.60314606741573,"high","high","medium"
"17031800600",2191,0.869009584664537,0,0.0301232314011867,0.0410771337288909,0.0871748060246463,0.0510328068043742,0,0.0708446866485014,0.999896132949824,0.966275659824047,0.0337243401759531,248571,0,1283200,0.940209949794614,0.00107481060606061,0.917611489040061,"high","high","old"
"17031062600",2438,0.750615258408532,0.0159967186218212,0.123461853978671,0.0631665299425759,0.104183757178015,0.0291814946619217,0,0.0420609884332282,0.999953832001579,0.676180021953897,0.323819978046103,182563,1994,756000,0.9532403609516,0.00128063610851263,0.912302839116719,"high","high","medium"
"17031190300",5568,0.303520114942529,0.0161637931034483,0.0192169540229885,0.61242816091954,0.472701149425287,0.0340567612687813,0.288648648648649,0.0855165595650025,0.999953776969335,0.487027027027027,0.512972972972973,63864,0,281700,0.951329022988506,0.000886818027787191,0.179513184584179,"medium","medium","old"
"17031081900",1051,0.663177925784967,0.274024738344434,0.0475737392959087,0.0152235965746908,0.0884871550903901,0,0.114337568058076,0.472222222222222,0.99914370624087,0.582577132486388,0.417422867513612,164554,1977,459800,1,0.000850352112676056,0.768321513002364,"high","high","medium"
"17031070200",4260,0.769014084507042,0.0387323943661972,0.0633802816901408,0.0889671361502347,0.108920187793427,0.060952380952381,0.0072011521843495,0.0578923563998191,0.999972207994501,0.367258761401824,0.632741238598176,97847,1962,644800,0.960093896713615,0.00125039619651347,0.826368642695173,"high","high","medium"
"17031140602",5124,0.195355191256831,0.100507416081187,0.0718188914910226,0.600702576112412,0.351483216237315,0.0922266139657444,0.332337118947998,0.0847921225382932,0.999949319889262,0.314405260011955,0.685594739988045,71875,0,274400,0.968384074941452,0.00104469273743017,0.346796234436684,"medium","medium","old"
"17031804610",2463,0.684531059683313,0.00690215184734064,0.201786439301665,0.0844498578968737,0.346731628095818,0.0328102710413695,0.062233589087809,0.0821596244131455,0.999929962600028,0.664961636828645,0.335038363171355,69583,1982,186200,0.977669508729192,0.000666441136671177,0.405449591280654,"medium","medium","medium"
"17031010702",5209,0.258398924937608,0.334229218660012,0.0633518909579574,0.320023037051257,0.43040890765982,0.0615558912386707,0.161852861035422,0.105750487329435,0.999942373627623,0.205994550408719,0.794005449591281,47779,1946,165300,0.976003071606834,0.00101197373503283,0.434782608695652,"low","medium","old"
"17031140301",2824,0.101983002832861,0.0393059490084986,0.223087818696884,0.629603399433428,0.640580736543909,0.06875,0.127462340672074,0.080937167199148,0.999906222969696,0.325608342989571,0.674391657010429,60506,0,288100,0.993980169971671,0.00114916286149163,0.244122061030515,"medium","medium","old"
"17031351500",713,0.148667601683029,0.517531556802244,0.244039270687237,0.0701262272089762,0.221598877980365,0.220095693779904,0.410714285714286,0.0925925925925926,0.999763850186558,0.0739795918367347,0.926020408163265,18750,2008,,0.980364656381487,0.0007825,0.38074398249453,,"low","new"
"17031270500",1285,0,0.991439688715953,0,0.00856031128404669,0.00233463035019455,0.191304347826087,0.687290969899666,0.157746478873239,0.999736279468415,0.096989966555184,0.903010033444816,17813,1973,259700,1,0.000445444319460067,0.132764920828258,"medium","low","medium"
"17031490600",1482,0.0904183535762483,0.892037786774629,0.0175438596491228,0,0.0398110661268556,0.234206471494607,0.342059336823735,0.0904761904761905,0.999842125817414,0.736474694589878,0.263525305410122,47542,1958,129300,1,0.00106119610570236,0.375,"low","medium","medium"
"17031222500",1699,0.502648616833431,0.0359034726309594,0.0200117716303708,0.424367274867569,0.234844025897587,0.0408921933085502,0.144901610017889,0.0714285714285714,0.999872237127891,0.531305903398927,0.468694096601073,102361,0,527400,0.982931135962331,0.00100117785630153,0.587673611111111,"high","high","old"
"17031062800",3443,0.860877142027302,0.0142317746151612,0.0438571013650886,0.060702875399361,0.0668022073772872,0.0229393468118196,0.0216763005780347,0.157638466220329,0.999886112345993,0.511560693641618,0.488439306358382,180431,1963,668200,0.979668893406913,0.000873231773667029,0.889573070607553,"high","high","medium"
"17031020802",8536,0.268861293345829,0.0794283036551078,0.335637300843486,0.165182755388941,0.524718837863168,0.0880144965053068,0.376731301939058,0.0868465430016863,0.999959906250693,0.317174515235457,0.682825484764543,51980,0,268800,0.849109653233365,0.000944419134396355,0.317199334934417,"medium","medium","old"
"17031160700",5860,0.406825938566553,0.025938566552901,0.0877133105802048,0.452901023890785,0.258873720136519,0.0349529003470501,0.130312750601443,0.0669659558548447,0.999973149896627,0.460304731355253,0.539695268644747,76829,0,484400,0.973378839590444,0.00153022452504318,0.376929495202336,"high","medium","old"
"17031071000",4836,0.78970223325062,0.0632754342431762,0.0736145574855252,0.0535566583953681,0.0657568238213399,0.0435303514376997,0.00712105798575788,0.0566218809980806,0.999942402218003,0.472024415055951,0.527975584944049,189219,0,838400,0.98014888337469,0.000930538922155689,0.888349514563107,"high","high","old"
"17031711400",2586,0.00116009280742459,0.936194895591647,0,0.0502706883217324,0.0108275328692962,0.126940639269406,0.357396449704142,0.113326337880378,0.99986590397483,0.616568047337278,0.383431952662722,42044,0,156900,0.987625676720804,0.000887591240875912,0.146033653846154,"low","low","old"
"17031811200",4720,0.609745762711864,0,0.0188559322033898,0.366525423728814,0.171186440677966,0.0217391304347826,0.098471986417657,0.0772845953002611,0.999956264167972,0.846066779852858,0.153933220147142,69033,1955,219400,0.995127118644068,0.000908613020622725,0.196678321678322,"medium","medium","medium"
"17031836000",2950,0.0240677966101695,0.949491525423729,0,0.011864406779661,0.0149152542372881,0.151658767772512,0.316955684007707,0.132832080200501,0.999872047125285,0.514450867052023,0.485549132947977,69056,0,311600,0.985423728813559,0.000800976800976801,0.445877734155917,"medium","medium","old"
"17031410800",2920,0.481506849315068,0.175684931506849,0.193493150684932,0.0551369863013699,0.241780821917808,0.0103507763082231,0.116076610562972,0.0786096256684492,0.9999543783869,0.26407428903076,0.73592571096924,44243,1951,173100,0.905821917808219,0.00106360424028269,0.762703962703963,"medium","low","medium"
"17031843100",1449,0.182194616977226,0.636991028295376,0,0.1608005521049,0.0379572118702554,0.105914718019257,0.328159645232816,0.305084745762712,0.999323994441732,0.119733924611973,0.880266075388027,32383,0,,0.979986197377502,0.00113716814159292,0.252164502164502,,"low","old"
"17031820604",3670,0.805994550408719,0,0,0.182016348773842,0.346866485013624,0.0217654171704958,0.264450867052023,0.0797872340425532,0.999942353587721,0.492774566473988,0.507225433526012,44338,1971,150800,0.988010899182561,0.000984856679286101,0.13321412606169,"low","low","medium"
"17031825400",5459,0.763692984063015,0.0560542223850522,0.0564205898516212,0.105330646638578,0.0758380655797765,0.0683290155440415,0.025250501002004,0.0927272727272727,0.999962836141634,0.816432865731463,0.183567134268537,66723,1978,198400,0.981498442938267,0.000884363134276838,0.324970131421744,"medium","medium","medium"
"17031680500",1050,0.0323809523809524,0.760952380952381,0,0.206666666666667,0.17047619047619,0.209251101321586,0.284164859002169,0.20926243567753,0.999546274429589,0.266811279826464,0.733188720173536,23910,0,84400,1,0.00125321888412017,0.0363636363636364,"low","low","old"
"17031611800",2247,0,0.635068980863373,0.00489541611036938,0.360035603026257,0.157988429016466,0.245627980922099,0.361151079136691,0.211123723041998,0.999696317110245,0.240287769784173,0.759712230215827,42321,1944,114200,1,0.00115229885057471,0.0109195402298851,"low","low","old"
"17031806600",3375,0.632,0.00444444444444444,0.102518518518519,0.238222222222222,0.272296296296296,0.0102239532619279,0.0936686903729401,0.0783373301358913,0.999932062438778,0.965307892454467,0.0346921075455334,86853,1961,252200,0.977185185185185,0.00101252236135957,0.316037735849057,"medium","medium","medium"
"17031804806",3836,0.462200208550574,0.0667361835245047,0.075599582898853,0.351929092805005,0.2359228362878,0.0684315684315684,0.10077519379845,0.0105465004793864,0.999989780627228,0.739341085271318,0.260658914728682,83529,1973,191000,0.956465067778936,0.000769372693726937,0.209188224799286,"medium","medium","medium"
"17031822602",7510,0.593075898801598,0.104793608521971,0.131025299600533,0.100932090545939,0.273635153129161,0.0652373660030628,0.0790577605679251,0.0426320667284523,0.999986243472004,0.791222975153275,0.208777024846725,78694,1981,260900,0.92982689747004,0.000870951669157947,0.43479901868277,"medium","medium","medium"
"17031818402",3170,0.581388012618297,0.181072555205047,0.0217665615141956,0.154889589905363,0.159621451104101,0.109819872167345,0.0219707057256991,0.0246753246753247,0.999983571957851,0.708388814913449,0.291611185086551,75549,1959,230500,0.939116719242902,0.000828143021914648,0.522518931845357,"medium","medium","medium"
"17031803200",5077,0.875517037620642,0.000787866850502265,0.0362418751231042,0.0714989166830806,0.0791806184754776,0.0295805739514349,0.00598526703499079,0.0866274179983179,0.999960117880703,0.808011049723757,0.191988950276243,83844,1976,326900,0.984045696277329,0.00079462707670555,0.44041184041184,"medium","medium","medium"
"17031804509",6687,0.201884253028264,0.0192911619560341,0.0828473156871542,0.67713473904591,0.42291012412143,0.0346594333936106,0.132958801498127,0.0105003088326127,0.999993445543066,0.762172284644195,0.237827715355805,86579,1975,198200,0.981157469717362,0.00089058524173028,0.191079574252408,"medium","medium","medium"
"17031804510",5611,0.19140973088576,0.030119408305115,0.0595259312065585,0.71448939582962,0.478702548565318,0.104442970822281,0.186637618010167,0.0377358490566038,0.999972596358056,0.647058823529412,0.352941176470588,68917,1967,191100,0.995544466227054,0.00094286703601108,0.154531946508172,"medium","medium","medium"
"17031801400",3133,0.716884774976061,0.022661985317587,0.155442068305139,0.0603255665496329,0.24257899776572,0.0293911826452064,0.00612959719789842,0.039529015979815,0.999965387348708,0.964098073555166,0.0359019264448336,143365,1958,444400,0.95531439514842,0.00109285237140949,0.808243727598566,"high","high","medium"
"17031230100",1750,0.337714285714286,0.108,0.0405714285714286,0.460571428571429,0.150857142857143,0.0378578024007387,0.172360248447205,0.0707070707070707,0.999890218465254,0.392857142857143,0.607142857142857,76250,0,420500,0.946857142857143,0.00144413407821229,0.53203125,"high","medium","old"
"17031221300",2925,0.448888888888889,0.0451282051282051,0.0748717948717949,0.389401709401709,0.181538461538462,0.0183714001986097,0.0504840940525588,0.0778061224489796,0.999946195064941,0.195020746887967,0.804979253112033,70709,0,584700,0.958290598290598,0.00132511923688394,0.55219298245614,"high","medium","old"
"17031062500",1580,0.762658227848101,0.0170886075949367,0.0943037974683544,0.125949367088608,0.0835443037974684,0.0645161290322581,0.0400572246065808,0.0957309184993532,0.999863064650139,0.577968526466381,0.422031473533619,160208,1943,485500,1,0.00110386151797603,0.859232175502742,"high","high","old"
"17031460800",4230,0.0193853427895981,0.700236406619385,0.00591016548463357,0.260756501182033,0.118203309692671,0.275974025974026,0.546646106399383,0.219614921780987,0.999830703360283,0.276792598303778,0.723207401696222,28283,0,108800,0.98628841607565,0.000655577299412916,0.124195942602672,"low","low","old"
"17031020602",5239,0.457148310746326,0.114525672838328,0.199274670738691,0.206718839473182,0.30960106890628,0.018989487962021,0.121323529411765,0.0506108202443281,0.999968989429673,0.491421568627451,0.508578431372549,70795,0,381400,0.977667493796526,0.000877777777777778,0.576178086152067,"high","medium","old"
"17031160900",2653,0.527327553712778,0.0211081794195251,0.116094986807388,0.288729739917075,0.120241236336223,0.0766685052399338,0.0896614821591949,0.0378521126760563,0.999965369806176,0.54711802378774,0.45288197621226,90875,0,454300,0.953260459856766,0.00100377643504532,0.59740932642487,"high","high","old"
"17031100700",5417,0.79250507661067,0.00166143621930958,0.0544581871884807,0.146944803396714,0.22134022521691,0.091812264474135,0.0298177802319161,0.0407838983050847,0.999977480408687,0.88017669795693,0.11982330204307,92147,1956,329700,0.995569503415174,0.000979174278407015,0.380766414449597,"medium","high","medium"
"17031063000",3506,0.731602966343411,0.0399315459212778,0.083000570450656,0.0704506560182544,0.0855675984027382,0.0407647907647908,0.0116926503340757,0.0302375809935205,0.999983164213853,0.348552338530067,0.651447661469933,99041,1963,424200,0.9249857387336,0.00147598870056497,0.867680608365019,"high","high","medium"
"17031816401",4437,0.0556682443092179,0.00991661032228983,0,0.933062880324544,0.39508677034032,0.0510440835266821,0.2056151940545,0.101632047477745,0.999916082973725,0.256812551610239,0.74318744838976,54103,1952,182800,0.998647734956051,0.0012603158430973,0.0756026296566837,"medium","medium","medium"
"17031720600",1819,0.639362286970863,0.327652556349643,0,0.023089609675646,0.0236393622869709,0.0663667041619797,0.066884176182708,0.0032520325203252,0.999994694917997,0.874388254486134,0.125611745513866,124219,0,389600,0.990104452996152,0.000844827586206897,0.654621848739496,"high","high","old"
"17031710600",1805,0.0321329639889197,0.915235457063712,0,0,0.0210526315789474,0.0728476821192053,0.315165876777251,0.139653414882773,0.999834561243133,0.396919431279621,0.603080568720379,37250,1940,109900,0.947368421052632,0.00096195652173913,0.159285159285159,"low","low","old"
"17031420400",1084,0.243542435424354,0.529520295202952,0.107011070110701,0.0950184501845018,0.14760147601476,0.1792656587473,0.375766871165644,0.158709677419355,0.999756639488112,0.157975460122699,0.842024539877301,18000,1953,166000,0.975092250922509,0.000856164383561644,0.388969521044993,"low","low","medium"
"17031836900",1120,0.104464285714286,0.769642857142857,0.0125,0.0919642857142857,0.0455357142857143,0.162337662337662,0.486425339366516,0.178438661710037,0.999596455534444,0.169683257918552,0.830316742081448,25556,1976,225000,0.978571428571429,0.000702127659574468,0.256222547584187,"medium","low","medium"
"17031830400",3992,0.207164328657315,0.6375250501002,0,0.12875751503006,0.029809619238477,0.119646182495345,0.177036561898653,0.155013550135501,0.999900578487201,0.632456703014753,0.367543296985247,55053,1956,67400,0.973446893787575,0.000866292660121552,0.266051660516605,"low","medium","medium"
"17031830100",3433,0.111272939120303,0.821147684241188,0,0.00903000291290417,0.0148558112438101,0.0328947368421053,0.208459214501511,0.0906593406593407,0.999908709904975,0.779456193353474,0.220543806646526,86106,1965,110700,0.941450626274396,0.00096395881006865,0.256007393715342,"low","medium","medium"
"17031580502",5064,0.0655608214849921,0.00335703001579779,0.0862954186413902,0.833925750394945,0.453988941548183,0.0909810126582278,0.209929078014184,0.0466531440162272,0.999966913758554,0.45531914893617,0.54468085106383,37596,0,177600,0.989139020537125,0.0011135225375626,0.0972836386607707,"medium","low","old"
"17031611600",1535,0.00260586319218241,0.555048859934853,0.00456026058631922,0.424755700325733,0.207817589576547,0.267352185089974,0.401197604790419,0.128695652173913,0.99974318841988,0.429141716566866,0.570858283433134,24648,1959,91600,0.986970684039088,0.0014481658692185,0.0251004016064257,"low","low","medium"
"17031807000",5202,0.435409457900807,0.133794694348328,0.280853517877739,0.0961168781237985,0.453863898500577,0.0592592592592593,0.185165975103734,0.0604288499025341,0.999968658217866,0.478215767634855,0.521784232365145,64400,1955,246400,0.946174548250673,0.00103203125,0.329984135378107,"medium","medium","medium"
"17031809900",2774,0.700072098053353,0.0281182408074982,0.111751982696467,0.0998558038932949,0.154289834174477,0.0594522378089512,0.0107260726072607,0.104212860310421,0.999914023184472,0.605610561056106,0.394389438943894,115882,0,480300,0.939798125450613,0.000950773558368495,0.818134715025907,"high","high","old"
"17031829600",2856,0.593137254901961,0.0997899159663866,0.00455182072829132,0.278361344537815,0.118347338935574,0.0917225950782998,0.122999157540017,0.0883256528417819,0.999925594708554,0.811288963774221,0.188711036225779,53361,1963,105400,0.975840336134454,0.00110309278350515,0.118118118118118,"low","medium","medium"
"17031825803",5540,0.053971119133574,0.844584837545126,0,0.0953068592057762,0.0879061371841155,0.138234370091109,0.216374269005848,0.0802919708029197,0.999966462289894,0.609440267335004,0.390559732664996,52857,1974,122300,0.993862815884477,0.00106485277674245,0.227927691904637,"low","medium","medium"
"17031819400",5598,0.513040371561272,0.123258306538049,0.015005359056806,0.334405144694534,0.144694533762058,0.0198787061994609,0.152704643370034,0.0328703703703704,0.99998426526895,0.592149353757779,0.407850646242221,71467,1962,251700,0.985709181850661,0.000690217391304348,0.349635233720616,"medium","medium","medium"
"17031829200",5733,0.21716378859236,0.305250305250305,0.00156985871271586,0.456828885400314,0.214896214896215,0.117697966248377,0.246906939214632,0.170829616413916,0.999908115158816,0.703604088219473,0.296395911780527,49358,1952,90000,0.980812837955695,0.00114638712092849,0.155436013590034,"low","medium","medium"
"17031814900",6553,0.266442850602777,0.170456279566611,0.0659240042728521,0.49717686555776,0.261101785441782,0.075292805354155,0.155207076799357,0.107642626480086,0.999956719755657,0.316445516686771,0.683554483313229,50463,0,261200,1,0.00116413474240423,0.221214235868807,"medium","medium","old"
"17031816300",4946,0.187828548321876,0.0270926000808734,0.00363930448847554,0.780428629195309,0.37808329963607,0.0654502181673939,0.170169491525424,0.0569053708439898,0.999961421575916,0.698983050847458,0.301016949152542,65291,1951,176500,0.998989082086535,0.00106945606694561,0.0853005980484734,"medium","medium","medium"
"17031670700",1130,0.00265486725663717,0.590265486725664,0,0.407079646017699,0.145132743362832,0.18989898989899,0.364217252396166,0.38019801980198,0.998786783523004,0.514376996805112,0.485623003194888,32266,1941,96000,1,0.000796502384737679,0.0764790764790765,"low","low","old"
"17031840300",3618,0.0931453841901603,0.0262576008844666,0.331951354339414,0.548645660585959,0.38612493090105,0.0852040816326531,0.129059829059829,0.115646258503401,0.999901166812979,0.711965811965812,0.288034188034188,70185,0,234600,1,0.000834685598377282,0.219125214408233,"medium","medium","old"
"17031340300",1915,0.0872062663185379,0,0.751958224543081,0.15509138381201,0.560313315926893,0.0466830466830467,0.367403314917127,0.0498687664041995,0.999931125232452,0.429558011049724,0.570441988950276,35893,1954,346300,0.994255874673629,0.000768236380424746,0.226486079759217,"medium","low","medium"
"17031420800",2681,0.020514733308467,0.883625512868333,0.00671391271913465,0,0.0186497575531518,0.0954954954954955,0.541202672605791,0.232478632478632,0.999741182112639,0.244988864142539,0.755011135857461,40556,1944,245800,0.910854158895934,0.000681932245922208,0.228879568603954,"medium","low","old"
"17031809100",3221,0.79882024216082,0.0515367898168271,0.0524681775846011,0.054020490530891,0.0999689537410742,0.00604229607250755,0.0833922261484099,0.120024875621891,0.999915183960716,0.640989399293286,0.359010600706714,101406,0,532500,0.956845700093139,0.000826999432785026,0.724863273033235,"high","high","old"
"17031806900",5325,0.429295774647887,0.0537089201877934,0.282065727699531,0.11849765258216,0.344225352112676,0.0469314079422383,0.184235517568851,0.0791429820725842,0.999962421648618,0.707502374169041,0.292497625830959,72337,1970,293400,0.883568075117371,0.00098397913561848,0.417830835661671,"medium","medium","medium"
"17031809800",2608,0.664110429447853,0.103527607361963,0.0943251533742331,0.0360429447852761,0.080521472392638,0.0616641901931649,0.0433884297520661,0.061105722599418,0.999936878238121,0.477272727272727,0.522727272727273,66071,0,608500,0.898006134969325,0.00112032520325203,0.643659711075441,"high","medium","old"
"17031805501",3454,0.794730746960046,0.0237405906195715,0.0573248407643312,0.0909090909090909,0.165894614939201,0.0272145144076841,0.014735432016075,0.106523040095751,0.999928656771334,0.677160080375084,0.322839919624916,108285,1964,467000,0.96670526925304,0.00100115874855156,0.514652014652015,"high","high","medium"
"17031231100",1281,0.0359094457455113,0.679156908665105,0,0.284933645589383,0.0913348946135831,0.129120879120879,0.303896103896104,0.0446650124069479,0.999884000438221,0.428571428571429,0.571428571428571,53021,0,170800,1,0.00088659793814433,0.13745704467354,"medium","medium","old"
"17031243200",2191,0.594705613874943,0.0684618895481515,0.0588772250114103,0.265632131446828,0.125513464171611,0.0128283445326817,0.0461065573770492,0.0869971936389149,0.99991087147571,0.536885245901639,0.463114754098361,116875,1968,496200,0.987676859881333,0.000981012658227848,0.758248350329934,"high","high","medium"
"17031051200",1531,0.812540822991509,0.0411495754408883,0.0391900718484651,0.0659699542782495,0.0600914435009798,0.0448307410795974,0.0031496062992126,0.0245775729646697,0.999961296658692,0.433070866141732,0.566929133858268,145481,0,675000,0.958850424559112,0.000897149938042131,0.858603066439523,"high","high","old"
"17031161300",3561,0.394832912103342,0.0258354394832912,0.0334175793316484,0.522325189553496,0.385846672283067,0.0649854510184287,0.0719373219373219,0.0805500982318271,0.999942631426505,0.414529914529915,0.585470085470085,50896,0,286700,0.976411120471778,0.000781390695347674,0.270714012982054,"medium","medium","old"
"17031090100",3486,0.769936890418818,0.00946643717728055,0.0427423981640849,0.111589213998853,0.10728628800918,0.0282738095238095,0.0235121234386481,0.0607315389924086,0.999955379258555,0.900073475385746,0.0999265246142542,113843,1956,371100,0.933734939759036,0.00102204176334107,0.452229299363057,"high","high","medium"
"17031020301",5447,0.788874609876997,0.0233155865614099,0.104277583991188,0.0556269506150174,0.364053607490362,0.0829187396351575,0.0876699484294421,0.0426391382405745,0.999980010180079,0.772151898734177,0.227848101265823,62917,1965,171700,0.972094731044612,0.00106169568508706,0.561071932299013,"medium","medium","medium"
"17031062000",3057,0.809944389924763,0.0320575727837749,0.0431795878312071,0.0585541380438338,0.065096499836441,0.0257689110556941,0.00570703868103995,0.0465538089480048,0.999970480383832,0.281547241597971,0.718452758402029,85144,0,366100,0.943735688583579,0.00119928057553957,0.867370353373107,"high","medium","old"
"17031430700",2686,0.0364854802680566,0.942293373045421,0,0.0134028294862249,0.0405807892777364,0.217888365837256,0.35890218156228,0.0983502538071066,0.999930792788698,0.122448979591837,0.877551020408163,21183,1942,143100,0.992181682799702,0.000959153902261123,0.291543756145526,"low","low","old"
"17031280400",1371,0.199124726477024,0.7490882567469,0.00510576221735959,0.0466812545587163,0.0357403355215171,0.013262599469496,0.288135593220339,0.117940199335548,0.999777939718453,0.184557438794727,0.815442561205273,53646,2002,343900,1,0.000684275184275184,0.235919234856536,"medium","medium","new"
"17031420200",1626,0.206027060270603,0.650061500615006,0.0633456334563346,0.0473554735547355,0.1230012300123,0.0633802816901408,0.428571428571429,0.147255689424364,0.999768882800468,0.213500784929356,0.786499215070644,33188,1943,144600,0.966789667896679,0.000997542997542998,0.526057030481809,"low","low","old"
"17031841700",1444,0.0699445983379501,0.49792243767313,0,0.425207756232687,0.213296398891967,0.143867924528302,0.357710651828299,0.263466042154567,0.99958131044249,0.216216216216216,0.783783783783784,19467,1961,162500,0.993074792243767,0.000818639798488665,0.127680311890838,"low","low","medium"
"17031051000",1783,0.663488502523836,0.0431856421761077,0.0678631519910264,0.214806505888951,0.109366236679753,0.0166666666666667,0.00979020979020979,0.0960809102402023,0.999865639159821,0.586013986013986,0.413986013986014,118523,1948,524100,0.989343802579921,0.000987736900780379,0.716227018385292,"high","high","old"
"17031081700",4377,0.735435229609322,0.0374685857893534,0.129540781357094,0.0769933744573909,0.190541466758053,0.0345108695652174,0.00535296085647374,0.103479304139172,0.999965381156974,0.254934760789562,0.745065239210438,109818,2004,371500,0.97943797121316,0.00111143270622287,0.91046357615894,"high","high","new"
"17031081300",5726,0.757596926301083,0.0515193852602166,0.129933636046105,0.0403422982885086,0.155256723716381,0.0384856070087609,0.0171300196573996,0.137772397094431,0.999961312253021,0.642235327155293,0.357764672844707,92731,1965,364300,0.979392245895913,0.000738839963559065,0.804435058078142,"high","high","medium"
"17031320400",3049,0.621515250901935,0.105608396195474,0.172515578878321,0.0711708756969498,0.174155460806822,0.135294117647059,0,0.282258064516129,0.999603727228468,0.64185393258427,0.35814606741573,149914,1979,714600,0.97081010167268,0.000932192648922687,0.935245143385754,"high","high","medium"
"17031837400",2199,0.055025011368804,0.836289222373806,0.0045475216007276,0.0836743974533879,0.0145520691223283,0.1983032873807,0.454005934718101,0.212616822429907,0.999684644254461,0.219584569732938,0.780415430267062,32838,0,240000,0.979536152796726,0.000752191235059761,0.153024911032028,"medium","low","old"
"17031700402",3801,0.0818205735332807,0.622730860299921,0.000789265982636148,0.289397526966588,0.119968429360695,0.139130434782609,0.237931034482759,0.0227464195450716,0.999980391402138,0.878448275862069,0.121551724137931,72721,1955,175400,0.994738226782426,0.000856863702979971,0.270833333333333,"medium","medium","medium"
"17031827200",3838,0.0669619593538301,0.643564356435644,0,0.274361646690985,0.205575820739969,0.13953488372093,0.248251748251748,0.113453192808431,0.999920668396934,0.755944055944056,0.244055944055944,50000,1962,86000,0.984887962480459,0.00086491739552964,0.212923316465551,"low","medium","medium"
"17031813802",4368,0.0883699633699634,0.0112179487179487,0.019459706959707,0.880952380952381,0.429945054945055,0.0387409200968523,0.207822085889571,0.120107962213225,0.999907901149994,0.429447852760736,0.570552147239264,48393,0,180100,1,0.000939609236234458,0.111798679867987,"medium","medium","old"
"17031620200",1982,0.339556004036327,0,0.0272452068617558,0.633198789101917,0.287083753784056,0.123981900452489,0.201657458563536,0.0893081761006289,0.999876661379899,0.661602209944751,0.338397790055249,48652,1960,185600,1,0.00106458333333333,0.178358208955224,"medium","medium","medium"
"17031280800",809,0.11372064276885,0.789864029666255,0,0.0815822002472188,0.0803461063040791,0.110236220472441,0.481481481481481,0.204419889502762,0.999527029618172,0.166666666666667,0.833333333333333,17930,1990,277400,0.985166872682324,0.000664609053497942,0.247376311844078,"medium","low","medium"
"17031770902",3427,0.857893201050482,0.000291800408520572,0.0510650714911001,0.0542748759848264,0.481762474467464,0.0256983240223464,0.0259562841530055,0.0901180857675575,0.999938447719403,0.688524590163934,0.311475409836066,72857,1970,319200,0.963524948934928,0.000850431965442765,0.25524861878453,"medium","medium","medium"
"17031803614",4775,0.298638743455497,0.0173821989528796,0.117696335078534,0.555602094240838,0.50261780104712,0.0595280028178936,0.161892901618929,0,1,0.212328767123288,0.787671232876712,48678,1977,104200,0.989319371727749,0.0012126969416126,0.21982905982906,"low","medium","medium"
"17031081600",3986,0.743602609131962,0.018314099347717,0.164074259909684,0.0356246864024084,0.156547917711992,0.0385542168674699,0.00430023455824863,0.140168067226891,0.999945207041828,0.324081313526192,0.675918686473808,120164,1997,390100,0.961615654791771,0.00109238845144357,0.86998820754717,"high","high","medium"
"17031020902",4445,0.374803149606299,0.177502812148481,0.262992125984252,0.171653543307087,0.49066366704162,0.0509413067552602,0.262099308610936,0.0679554774458114,0.999957289393447,0.495914519170333,0.504085480829667,42472,1955,108200,0.986951631046119,0.000832234130255565,0.233178294573643,"low","low","medium"
"17031839200",2434,0.130649137222679,0.557929334428924,0.154889071487264,0.024239934264585,0.324157764995892,0.101818181818182,0.175516224188791,0.125161290322581,0.999907706682322,0.396017699115044,0.603982300884956,38397,1968,154800,0.867707477403451,0.000742304939155333,0.467047223663726,"low","low","medium"
"17031843400",1379,0.0159535895576505,0.699057287889775,0,0.284989122552574,0.102248005801305,0.0359281437125748,0.462937062937063,0.11619283065513,0.99983751894892,0.2,0.8,24769,1944,160800,1,0.00157757009345794,0.0387596899224806,"low","low","old"
"17031841800",2502,0.00999200639488409,0.948441247002398,0,0.0323741007194245,0.0519584332533973,0.159563924677899,0.368421052631579,0.188612099644128,0.99979323124939,0.475877192982456,0.524122807017544,40000,0,160300,0.990807354116707,0.00101287208366854,0.228962818003914,"low","low","old"
"17031833300",2850,0.398245614035088,0.0589473684210526,0.360701754385965,0.0796491228070175,0.311578947368421,0.0940012368583797,0.0549662487945998,0.14297520661157,0.999862145133285,0.334619093539055,0.665380906460945,61964,1979,393700,0.897543859649123,0.00104154727793696,0.791762013729977,"high","medium","medium"
"17031600400",3736,0.318254817987152,0.0626338329764454,0.580032119914347,0.0390792291220557,0.474304068522484,0.111453744493392,0.15149544863459,0.0581751377832211,0.999962176243576,0.420026007802341,0.579973992197659,52717,0,347500,1,0.00116203703703704,0.335118848342819,"medium","medium","old"
"17031051100",1820,0.693956043956044,0.0148351648351648,0.056043956043956,0.161538461538462,0.15,0.0446584938704028,0.0546218487394958,0.0881226053639847,0.999876594214951,0.490196078431373,0.509803921568627,142708,1954,665200,0.926373626373626,0.000891891891891892,0.814390842191333,"high","high","medium"
"17031160501",3631,0.231892040760121,0.0509501514734233,0.148168548609199,0.55356651060314,0.327182594326632,0.0806984426616328,0.202118989405053,0.149098474341193,0.999878500115001,0.488182559087205,0.511817440912795,70347,0,263400,0.984577251445883,0.000840344652812975,0.395473251028807,"medium","medium","old"
"17031251900",4763,0.0342221289103506,0.912240184757506,0,0.0478689901322696,0.0184757505773672,0.146917148362235,0.374874874874875,0.155893536121673,0.99992198129454,0.228228228228228,0.771771771771772,22939,0,169600,0.994331303800126,0.000988726513569937,0.0592277486910995,"low","low","old"
"17031261000",2271,0,0.942316160281814,0,0.0444738000880669,0.0127697049757816,0.157941437444543,0.372119815668203,0.217312894499549,0.999749702187146,0.251152073732719,0.748847926267281,40057,0,172900,0.986789960369881,0.0007023988005997,0.0444002650762094,"medium","low","old"
"17031815702",5012,0.691340782122905,0.00698324022346369,0.0379090183559457,0.246009577015164,0.0804070231444533,0.05835734870317,0.0476442562202223,0.0307850179579271,0.999983703273551,0.690841715193224,0.309158284806776,102377,0,431000,0.982242617717478,0.00083187134502924,0.591301757521597,"high","high","old"
"17031580100",2663,0.0672174239579422,0.069095005632745,0.368757040931281,0.459631993991739,0.426211040180248,0.210687022900763,0.256912442396313,0.12938816449348,0.999850957511337,0.616359447004608,0.383640552995392,43333,1956,268500,0.964701464513706,0.00100225563909774,0.133640552995392,"medium","low","medium"
"17031836800",2149,0.0870172173103769,0.912982782689623,0,0,0,0.244970414201183,0.591861898890259,0.214908034849952,0.999735078790193,0.171393341553637,0.828606658446362,13733,1946,182000,1,0.000880139982502187,0.129661016949153,"medium","low","old"
"17031252000",4958,0.0165389269866882,0.938079870915692,0,0.0217829770068576,0.00161355385235982,0.108731466227348,0.452970297029703,0.112737920937042,0.9999534931197,0.212046204620462,0.787953795379538,25432,0,230700,0.976401774909238,0.000735994397759104,0.1126568466994,"medium","low","old"
"17031251500",4601,0.0215170615083677,0.840686807215823,0,0.129319713105847,0.0432514670723756,0.207754906653901,0.37667161961367,0.13662604233483,0.99989850507022,0.319465081723626,0.680534918276374,45385,0,197700,0.991523581830037,0.00106322869955157,0.141160027952481,"medium","low","old"
"17031840700",3508,0.175883694412771,0.0145381984036488,0.0145381984036488,0.783352337514253,0.410205245153934,0.0401479133650291,0.216374269005848,0.131979695431472,0.999871381364149,0.455165692007797,0.544834307992203,70163,0,201300,0.988312428734322,0.00108685306365259,0.299138284776364,"medium","medium","old"
"17031292200",2527,0.0269093787099327,0.834982192322913,0.00870597546497823,0.113969133359715,0.0237435694499406,0.211589113257243,0.462845010615711,0.223413025556472,0.999762887418771,0.245222929936306,0.754777070063694,35185,0,139200,0.984566679857539,0.000716711956521739,0.114693118412895,"low","low","old"
"17031283800",3670,0.305722070844687,0.475476839237057,0.0942779291553134,0.101089918256131,0.10708446866485,0.0676328502415459,0.19249692496925,0.0292537313432836,0.99998200909899,0.41820418204182,0.58179581795818,87368,1953,317600,0.976566757493188,0.000803439803439803,0.590183093104792,"medium","medium","medium"
"17031282700",2042,0.273261508325171,0.322233104799216,0.123408423114594,0.225269343780607,0.20617042115573,0.109448818897638,0.0683760683760684,0.225165562913907,0.99972514813707,0.451770451770452,0.548229548229548,65650,1997,247400,0.944172380019589,0.000669664758789861,0.475120385232745,"medium","medium","medium"
"17031808900",4046,0.897923875432526,0,0.0459713297083539,0.0266930301532378,0.0857637172516065,0.0116632860040568,0.026875,0.0675990675990676,0.999957752367688,0.90875,0.09125,146000,1943,548700,0.970588235294118,0.000962172647914646,0.850034794711204,"high","high","old"
"17031808500",4211,0.626929470434576,0.0118736642127761,0.226786986464023,0.114462123011161,0.345286155307528,0.056390977443609,0.0285296269202634,0.0533240997229917,0.999960993401806,0.961228968544258,0.0387710314557425,103877,1956,338400,0.980052244122536,0.00103331723804925,0.467468175388967,"medium","high","medium"
"17031807600",5818,0.446029563423857,0.0766586455826745,0.351839119972499,0.101753179786868,0.469749054657958,0.0754317941487487,0.0498489425981873,0.113788487282463,0.999942707971748,0.872104733131923,0.127895266868077,71962,1956,313600,0.976280508765899,0.000788502920381187,0.362606886988676,"medium","medium","medium"
"17031807100",3637,0.679131152048392,0.0852350838603244,0.0981578223810833,0.0984327742645037,0.166345889469343,0.0244687701223439,0.0221434898139947,0.1138147566719,0.999899199925477,0.844995571302037,0.155004428697963,121484,1957,427100,0.960956832554303,0.000868002054442732,0.750677506775068,"high","high","medium"
"17031806700",3896,0.711498973305955,0.0659650924024641,0.140143737166324,0.0703285420944559,0.196868583162218,0.0297193175564117,0.0246753246753247,0.0694864048338369,0.999954880993717,0.983116883116883,0.0168831168831169,107130,1955,418500,0.987936344969199,0.000866794441782463,0.722222222222222,"high","high","medium"
"17031811401",4567,0.40267133785855,0.00459820451061966,0.0597766586380556,0.519816071819575,0.343770527698708,0.0575332614167566,0.178343949044586,0.133128834355828,0.99990579172504,0.753715498938429,0.246284501061571,72004,1954,211900,0.986862272826801,0.000940926476838079,0.172894236858771,"medium","medium","medium"
"17031810600",4253,0.727251351986833,0.011286150952269,0.0853515165765342,0.176110980484364,0.488126028685634,0.0533274570295284,0.0580964153275649,0.0701149425287356,0.999956667549891,0.561804697156984,0.438195302843016,58910,1963,273600,1,0.00111276701440636,0.291836734693878,"medium","medium","medium"
"17031810501",4930,0.853346855983773,0.00243407707910751,0.0359026369168357,0.0957403651115619,0.238336713995943,0.0372208436724566,0.0712074303405573,0.0401188707280832,0.999979299256843,0.865841073271414,0.134158926728586,75449,1957,323200,0.987423935091278,0.00095324881141046,0.267207610520425,"medium","medium","medium"
"17031805001",4805,0.921748178980229,0,0.0201873048907388,0.054318418314256,0.0936524453694069,0.0240288346015218,0.046286329386437,0.0210748155953635,0.99998865738614,0.942411194833154,0.0575888051668461,117778,1959,376200,0.996253902185224,0.00112987588652482,0.559397163120567,"high","high","medium"
"17031804810",6583,0.673704997721404,0.059851131702871,0.132006683882728,0.132006683882728,0.265684338447516,0.0075503355704698,0.0782865583456425,0.0251979841612671,0.999990695070275,0.697932053175775,0.302067946824224,75578,1976,303000,0.997569497189731,0.00092654375182909,0.430402208201893,"medium","medium","medium"
"17031804808",2623,0.577201677468547,0.0377430423179565,0.124285169653069,0.236751810903546,0.185284025924514,0.0368932038834951,0.0194508009153318,0.0395604395604396,0.999954738387882,0.97025171624714,0.0297482837528604,111071,1973,286300,0.975981700343119,0.0010984,0.38851870835469,"medium","high","medium"
"17031804712",5199,0.537988074629737,0.148874783612233,0.188305443354491,0.106558953644932,0.249663396807078,0.053516295025729,0.064891846921797,0.0373731980779498,0.999979272089068,0.674986134220743,0.325013865779257,88807,1978,296500,0.981727255241393,0.000978310502283105,0.456699576868829,"medium","medium","medium"
"17031806300",4409,0.728963483783171,0.0267634384214108,0.00997958720798367,0.1943751417555,0.12542526650034,0.0712570056044836,0.0443524541691307,0.0451722190852626,0.99997328739656,0.827912477823773,0.172087522176227,89417,1952,277900,0.960081651168065,0.00108561967833491,0.40160147828765,"medium","medium","medium"
"17031806102",3755,0.650066577896139,0.025832223701731,0.163515312916112,0.154460719041278,0.303328894806924,0.056649063850216,0.120267260579065,0.119607843137255,0.999911212157821,0.811432813659985,0.188567186340015,92563,1974,293600,0.99387483355526,0.000957768508863399,0.414855072463768,"medium","high","medium"
"17031806002",6639,0.414219008886881,0.0885675553547221,0.409248380780238,0.0611537882211176,0.505648441030276,0.0340298507462687,0.144654088050314,0.108411214953271,0.999954546630064,0.683438155136268,0.316561844863732,58247,1973,143300,0.973188733242958,0.000887688370770543,0.362671023075352,"low","medium","medium"
"17031805902",5792,0.718922651933702,0.0122582872928177,0.168335635359116,0.0757941988950276,0.262430939226519,0.064696223316913,0.0336585365853659,0.0933215391419726,0.999954479370202,0.824878048780488,0.175121951219512,104222,1963,421400,0.975310773480663,0.00103585237258348,0.535332878891161,"high","high","medium"
"17031805702",2081,0.934646804420951,0,0.0259490629505046,0.023546371936569,0.131667467563671,0.0184696569920844,0.045643153526971,0.0836501901140684,0.999884314643137,0.941908713692946,0.0580912863070539,129886,1960,433200,0.984142239308025,0.000831866197183099,0.659221902017291,"high","high","medium"
"17031805701",4834,0.882498965659909,0,0.0293752585850228,0.0699213901530823,0.107985105502689,0.0299716484406642,0.00429414922168545,0.0831692913385827,0.99995535932442,0.815351583467525,0.184648416532474,136698,1965,451500,0.981795614398014,0.000946838501812324,0.620923076923077,"high","high","medium"
"17031805502",4140,0.928985507246377,0.0036231884057971,0.0152173913043478,0.0285024154589372,0.0785024154589372,0.0233778625954198,0.00955794504181601,0.0472396129766648,0.999971781194784,0.83273596176822,0.16726403823178,132885,1956,600600,0.976328502415459,0.00115962441314554,0.695544554455445,"high","high","medium"
"17031805109",4667,0.669166488107992,0.0047139490036426,0.076494536104564,0.227983715448897,0.246196700235697,0.0176643768400393,0.0766978922716628,0.0532150776053215,0.999968844602068,0.890515222482436,0.109484777517564,90417,1966,370000,0.978358688665095,0.000828045436741089,0.506213211249183,"high","high","medium"
"17031803611",6174,0.305798509880143,0.0476190476190476,0.0714285714285714,0.572562358276644,0.39520570132815,0.0185583647122109,0.0858191831115191,0.0476398601398601,0.999978137302155,0.652592932537861,0.347407067462139,57730,1978,145800,0.997408487204406,0.00102758620689655,0.305993690851735,"low","medium","medium"
"17031803607",4555,0.810757409440176,0.00570801317233809,0.0553238199780461,0.102963776070252,0.0889132821075741,0.0420613868889731,0.0171091445427729,0.0185292414591778,0.999989068413625,0.900294985250737,0.0997050147492625,104874,1964,287500,0.974753018660812,0.000928450465707028,0.564296998420221,"medium","high","medium"
"17031803008",4733,0.690893724910205,0.0196492710754278,0.179801394464399,0.0866258187196281,0.207268117473061,0.0391217564870259,0.046218487394958,0.0147841513897102,0.999991126038298,0.908163265306122,0.0918367346938776,131500,1973,404800,0.97697020916966,0.000959834368530021,0.61332127787824,"high","high","medium"
"17031802702",4579,0.632452500545971,0.0336317973356628,0.263813059620004,0.0349421271019873,0.313605590740336,0.0297029702970297,0.109982068141064,0.0669269380925823,0.999959997453171,0.784219964136282,0.215780035863718,91442,1976,372900,0.964839484603625,0.000977115716753022,0.520670391061453,"high","high","medium"
"17031804710",3620,0.680386740331492,0.0383977900552486,0.171546961325967,0.0845303867403315,0.222651933701657,0.0239061795218764,0.0806340454858718,0.0287817938420348,0.999980164560343,0.83184011026878,0.16815988973122,87311,,263000,0.974861878453039,0.000914331041776838,0.376541035575907,"medium","medium",
"17031804716",4467,0.413252742332662,0.0378329975374972,0.377882247593463,0.136109245578688,0.43698231475263,0.0426929392446634,0.110878661087866,0.0742414460942544,0.999948230402619,0.823570432357043,0.176429567642957,94912,1981,303100,0.96507723304231,0.00108543417366947,0.446095478975656,"medium","high","medium"
"17031804505",3238,0.596046942557134,0.0546633724521309,0.0580605311920939,0.27455219271155,0.149474984558369,0.0111358574610245,0.0955180014695077,0.0914552736982644,0.999932807400014,0.589272593681117,0.410727406318883,67461,1978,165300,0.983323038912909,0.00098528510116493,0.328082808280828,"low","medium","medium"
"17031804404",5968,0.257540214477212,0.0390415549597855,0.039544235924933,0.649463806970509,0.336963806970509,0.0534142640364188,0.033857315598549,0.0236127508854782,0.99998572405454,0.879081015719468,0.120918984280532,83209,1976,202700,0.98558981233244,0.000933895009721322,0.198176454813623,"medium","medium","medium"
"17031804105",3950,0.781518987341772,0.00506329113924051,0.0779746835443038,0.079746835443038,0.125316455696203,0.0108352144469526,0,0.0500676589986468,0.999964340545859,0.987179487179487,0.0128205128205128,131797,1977,361600,0.944303797468354,0.00103818369453044,0.503090659340659,"high","high","medium"
"17031770500",3752,0.134594882729211,0,0,0.861940298507463,0.44589552238806,0.0309398715703444,0.223529411764706,0.0285714285714286,0.999971989580124,0.768627450980392,0.231372549019608,43306,1987,25800,0.996535181236674,0.000876938469234617,0.0605263157894737,"low","low","medium"
"17031380200",1642,0.00609013398294762,0.951278928136419,0.01278928136419,0.0048721071863581,0.0286236297198538,0.0218487394957983,0.444444444444444,0.0699300699300699,0.999941582301774,0.147869674185464,0.852130325814536,25313,1976,307800,0.975030450669915,0.000978313253012048,0.306892067620286,"medium","low","medium"
"17031250600",4383,0.0310289755874971,0.779374857403605,0.0079853981291353,0.181382614647502,0.0700433493041296,0.1112828438949,0.271507498026835,0.0812182741116751,0.999935901287983,0.812154696132597,0.187845303867403,52188,0,198100,0.999771845767739,0.00075249900039984,0.152565880721221,"medium","medium","old"
"17031801800",5857,0.770530988560697,0.0375618917534574,0.168687041147345,0.0114393033976438,0.197541403448865,0.0056775170325511,0,0.0910493827160494,0.999961355745254,0.916383701188455,0.083616298811545,181250,1962,712100,0.988219224859143,0.000943909724527049,0.767573449401523,"high","high","medium"
"17031801608",6526,0.660128715905608,0.00199203187250996,0.310297272448667,0.00827459393196445,0.298958014097456,0.0234347674011892,0,0.0870010235414534,0.999967489463718,0.804559043348281,0.195440956651719,116583,1978,531600,0.98069261415875,0.000850297703430678,0.716876971608833,"high","high","medium"
"17031801601",3938,0.818943626206196,0.0124428643981717,0.146267140680548,0.0124428643981717,0.290502793296089,0.0310526315789474,0.0414235705950992,0.0931216931216931,0.999945672908932,0.759626604434072,0.240373395565928,108333,1982,541200,0.990096495683088,0.000800640146319159,0.640013054830287,"high","high","medium"
"17031800800",2351,0.78477243726074,0.0110591237771161,0.0684814972352191,0.127179923436835,0.179923436835389,0.00844277673545966,0.0252780586450961,0.104166666666667,0.999894685847884,0.859453993933266,0.140546006066734,110025,1972,468000,0.991492981709911,0.000882305844675741,0.651006711409396,"high","high","medium"
"17031800300",3302,0.91671714112659,0,0.0366444579043004,0.0266505148394912,0.0841913991520291,0.0137207425343019,0.00680851063829787,0.107820804859529,0.999908246032449,0.897021276595745,0.102978723404255,225417,1945,1096900,0.980012113870382,0.000902073732718894,0.906954436450839,"high","high","old"
"17031230500",3074,0.0413142485361093,0.0761223162003904,0.00357839947950553,0.825959661678595,0.293754066363045,0.0925414364640884,0.337849280270957,0.10530303030303,0.999910843656334,0.265029635901778,0.734970364098222,35607,0,256200,0.9469746258946,0.000876678876678877,0.114358974358974,"medium","low","old"
"17031222700",2379,0.349306431273644,0.0264817150063052,0.0193358554014292,0.546448087431694,0.19630096679277,0.0416982562547384,0.217980295566502,0.0688073394495413,0.999915269077167,0.274630541871921,0.725369458128079,67283,0,330000,0.941572089113073,0.00101269035532995,0.414108425865447,"medium","medium","old"
"17031221500",2805,0.649554367201426,0.0819964349376114,0.0231729055258467,0.226381461675579,0.17825311942959,0.0171821305841924,0.128960943257185,0.102513227513228,0.999924461692087,0.358879882092852,0.641120117907148,65766,0,534300,0.981105169340463,0.00122795869737887,0.555408388520971,"high","medium","old"
"17031221100",4484,0.482827832292596,0.0604371097234612,0.0472792149866191,0.353033006244425,0.212087421944692,0.0579288025889968,0.111278195488722,0.0848623853211009,0.999957464272863,0.314786967418546,0.685213032581454,74931,0,363600,0.943577163247101,0.000939446366782007,0.54851157662624,"high","medium","old"
"17031210601",3145,0.263275039745628,0.00476947535771065,0.113195548489666,0.589825119236884,0.364705882352941,0.0832938949361098,0.143612334801762,0.0681444991789819,0.999939964398165,0.401762114537445,0.598237885462555,78109,0,394800,0.971065182829889,0.000743348115299335,0.467037671232877,"high","medium","old"
"17031842300",3123,0.682356708293308,0.143772014089017,0.0669228306115914,0.0938200448286904,0.063720781300032,0.0796947859262399,0.0342972427706792,0.0688791484032561,0.99995368126563,0.555480833893746,0.444519166106254,147056,1994,558700,0.986871597822606,0.00145518867924528,0.73898916967509,"high","high","medium"
"17031243100",2230,0.432286995515695,0.0201793721973094,0.0560538116591928,0.431838565022422,0.183856502242152,0.0474916387959866,0.0880713489409142,0.0993975903614458,0.999889201140221,0.464882943143813,0.535117056856187,98102,0,605800,0.940358744394619,0.00108216619981326,0.601258581235698,"high","high","old"
"17031242900",1836,0.619281045751634,0.0506535947712418,0.0561002178649237,0.231481481481481,0.236928104575163,0.00892193308550186,0.0280970625798212,0.117249154453213,0.999850278927479,0.481481481481481,0.518518518518518,110375,0,432900,0.957516339869281,0.00105139664804469,0.698571428571429,"high","high","old"
"17031242600",5079,0.550895845638905,0.0598543020279583,0.00590667454223272,0.35912581216775,0.187241582988777,0.0462209302325581,0.113560732113145,0.0876660341555977,0.999963534593437,0.316971713810316,0.683028286189684,76473,0,433500,0.975782634376846,0.000846237731733915,0.533584905660377,"high","medium","old"
"17031242300",3394,0.796110783736005,0.00383028874484384,0.0506776664702416,0.108131997642899,0.127872716558633,0.00416319733555371,0.00598802395209581,0.0701559020044543,0.999957992242567,0.425149700598802,0.574850299401198,91119,0,558300,0.958750736593989,0.000902466367713004,0.759742581337147,"high","high","old"
"17031242000",4755,0.525552050473186,0.138801261829653,0.147423764458465,0.143217665615142,0.130389064143007,0.0555555555555556,0.14599609375,0.0881567230632235,0.999956956577883,0.28125,0.71875,128793,1985,513800,0.954994742376446,0.000727206683617871,0.748175182481752,"high","high","medium"
"17031241300",1982,0.697780020181635,0.0933400605449041,0.0287588294651867,0.153380423814329,0.062058526740666,0.0194756554307116,0.0650195058517555,0.0701330108827086,0.999908808042502,0.457737321196359,0.542262678803641,147875,0,587200,0.973259334006054,0.00113807982740022,0.736737400530504,"high","high","old"
"17031241200",1775,0.674366197183099,0.0664788732394366,0.0794366197183099,0.153802816901408,0.128450704225352,0.0104790419161677,0.184056271981243,0.0768398268398268,0.999909926253706,0.329425556858148,0.670574443141852,110580,0,433900,0.974084507042253,0.000912715517241379,0.709285714285714,"high","high","old"
"17031171100",4113,0.443471918307805,0.0133722343787989,0.0607828835399951,0.480184779965962,0.323364940432774,0.0152041702867072,0.08300395256917,0.0538519072550486,0.999957431134514,0.709881422924901,0.290118577075099,77009,0,268500,0.99781181619256,0.000905048633626679,0.24373897707231,"medium","medium","old"
"17031170800",4088,0.555039138943249,0.0171232876712329,0.0892857142857143,0.338551859099804,0.411448140900196,0.0313660751134957,0.0958531611148878,0.045425048669695,0.999969120566982,0.81169272603671,0.18830727396329,58304,1954,275200,1,0.000880404783808648,0.234270414993307,"medium","medium","medium"
"17031170500",5339,0.72766435662109,0,0.0629331335456078,0.198539052256977,0.22963101704439,0.0174193548387097,0.0692268822637696,0.0355750487329435,0.999982024047884,0.801414855987873,0.198585144012127,90804,1957,263500,0.989136542423675,0.000969383991147178,0.307654198662373,"medium","high","medium"
"17031160200",3138,0.617272147864882,0.0203951561504143,0.118546845124283,0.183875079668579,0.175908221797323,0.0745003028467595,0.0629660314830157,0.0722521137586472,0.999940142676934,0.684341342170671,0.315658657829329,101806,0,518600,0.940089228808158,0.00103898635477583,0.547047970479705,"high","high","old"
"17031151100",5347,0.328034411819712,0.0108472040396484,0.0538619786796334,0.601832803441182,0.403029736300729,0.0444972826086957,0.116226838854576,0.0556733828207847,0.999968741357357,0.489612577203818,0.510387422796182,66118,0,294000,0.994576397980176,0.000882746478873239,0.231938073394495,"medium","medium","old"
"17031150501",3793,0.557869760084366,0.00184550487740575,0.0967571842868442,0.262061692591616,0.29633535460058,0.0541237113402062,0.0568335588633288,0.0573979591836735,0.999961166623662,0.759133964817321,0.240866035182679,100431,1955,278200,0.918534141840232,0.00103269024651661,0.415029300241296,"medium","high","medium"
"17031140100",3332,0.361944777911164,0.128451380552221,0.0909363745498199,0.38655462184874,0.331032412965186,0.0845383759733037,0.150862068965517,0.0993788819875776,0.999914335888979,0.29051724137931,0.70948275862069,55000,0,283700,0.967887154861945,0.000963464938126105,0.467866323907455,"medium","medium","old"
"17031120100",4515,0.828349944629014,0.0026578073089701,0.0330011074197121,0.124695459579181,0.102325581395349,0.0767252464637805,0.0356906807666887,0.0478288231592196,0.999968389087081,0.947124917382683,0.0528750826173166,142467,1949,484400,0.988704318936877,0.00102103849597135,0.667484662576687,"high","high","old"
"17031110502",3540,0.605084745762712,0.0327683615819209,0.0918079096045198,0.235028248587571,0.29406779661017,0.0267724343083788,0.116634799235182,0.0565243535778713,0.999963975578508,0.569789674952199,0.430210325047801,61486,1967,263400,0.964689265536723,0.00101022146507666,0.446840148698885,"medium","medium","medium"
"17031100100",5746,0.814827706230421,0,0.0214061956143404,0.159763313609467,0.172815871910895,0.0629652605459057,0.129894937917861,0.0750883392226148,0.999964142480066,0.633715377268386,0.366284622731614,100500,1950,393900,0.995997215454229,0.000832854864433812,0.438674812030075,"high","high","old"
"17031090300",1350,0.886666666666667,0,0.00518518518518519,0.0562962962962963,0.0896296296296296,0,0.0158730158730159,0.0597014925373134,0.99988155868767,0.787698412698413,0.212301587301587,97885,1945,399700,0.948148148148148,0.00101192250372578,0.558139534883721,"high","high","old"
"17031081800",10974,0.716694004009477,0.0173136504465099,0.12356478950246,0.0841990158556588,0.13531984691088,0.0156718906302101,0,0.0819263769720454,0.999987650683564,0.445583358456437,0.554416641543564,154089,2003,473200,0.941771459814106,0.00105428678397604,0.904802744425386,"high","high","new"
"17031081201",4688,0.784982935153584,0.0273037542662116,0.116254266211604,0.0671928327645051,0.164462457337884,0.0205325633622073,0.029538665781613,0.20079575596817,0.999933361309259,0.428144706272818,0.571855293727182,99759,1978,772900,0.995733788395904,0.000907241659886086,0.850040749796251,"high","high","medium"
"17031824106",6267,0.885591191957875,0.0304771022817935,0.0116483165789054,0.0722833891814265,0.153502473272698,0.0582246261533567,0.0433694745621351,0.0384923817161187,0.999983948388719,0.898248540450375,0.101751459549625,96786,1985,290600,1,0.00105948077555044,0.412932138284251,"medium","high","medium"
"17031824300",4977,0.0568615631906771,0.885473176612417,0.00442033353425758,0.0389793048020896,0.0200924251557163,0.1796875,0.357846355876559,0.191613588110403,0.999874202571495,0.597504924491136,0.402495075508864,37028,1967,87300,0.985734378139441,0.000821075740944018,0.169366715758468,"low","low","medium"
"17031821300",5474,0.162038728534892,0.339605407380343,0.000182681768359518,0.483558640847643,0.245889660211911,0.121333333333333,0.290918163672655,0.0956678700361011,0.99995226382075,0.403692614770459,0.596307385229541,49618,1959,108100,0.985385458531239,0.00108692337018681,0.125334045964725,"low","medium","medium"
"17031823304",6345,0.497557131599685,0.243656422379827,0.0133963750985028,0.229156816390859,0.0893617021276596,0.124716553287982,0.126119112495134,0.089652728561304,0.999965103308689,0.617360840794083,0.382639159205917,52352,1967,142200,0.983766745468873,0.00109821428571429,0.204865251609826,"low","medium","medium"
"17031830201",4963,0.132782591174693,0.830949022768487,0.0110820068506951,0.00544025790852307,0.0255893612734233,0.129922584988219,0.14021978021978,0.077827320632347,0.999965791359004,0.407032967032967,0.592967032967033,51571,1974,121600,0.980253878702398,0.00101584077985378,0.233225108225108,"low","medium","medium"
"17031830202",3491,0.272128329991406,0.661987969063306,0.00687482096820395,0.0432540819249499,0.0590088799770839,0.0696950840074673,0.1215859030837,0.0772357723577236,0.999931955491729,0.730396475770925,0.269603524229075,80372,1959,107800,0.984245201947866,0.00100172018348624,0.367045454545455,"low","medium","medium"
"17031240200",1713,0.650904845300642,0.0186806771745476,0.0618797431406889,0.235843549328663,0.168126094570928,0.0294380017841213,0.0943396226415094,0.00625,0.999992138426585,0.566037735849057,0.433962264150943,160827,1981,714300,0.967308814944542,0.000890728476821192,0.709493219129193,"high","high","medium"
"17031061800",1409,0.668559261887864,0.0248403122782115,0.126330731014904,0.138396025550035,0.175301632363378,0.045631067961165,0.0238095238095238,0.0369426751592357,0.999951136415334,0.17989417989418,0.82010582010582,64423,1960,393500,0.958126330731015,0.00106901615271659,0.761904761904762,"high","medium","medium"
"17031061000",2224,0.725719424460432,0.0193345323741007,0.0368705035971223,0.129496402877698,0.148830935251799,0.0438356164383562,0.114995400183993,0.0539599651871192,0.9999503612818,0.275988960441582,0.724011039558418,109973,1964,475700,0.911420863309353,0.00115503875968992,0.796642995480955,"high","high","medium"
"17031060200",2191,0.779096303057964,0.0191693290734824,0.0324052943861251,0.132816065723414,0.0835235052487449,0.0209617755856967,0.0256645279560037,0.0370697263901147,0.999966023403403,0.351970669110907,0.648029330889093,83897,0,686000,0.963486992240986,0.000952762923351159,0.870833333333333,"high","medium","old"
"17031843700",2376,0.648148148148148,0.0260942760942761,0.0749158249158249,0.214646464646465,0.158249158249158,0.0353025936599424,0.117290192113246,0.0462873674059788,0.99995319999883,0.661274014155713,0.338725985844287,153424,1984,593400,0.963804713804714,0.000879746835443038,0.675449101796407,"high","high","medium"
"17031050100",2832,0.814265536723164,0.0296610169491525,0.0459039548022599,0.0586158192090395,0.0444915254237288,0.0228452751817238,0.0319432120674357,0.0545302013422819,0.9999516170692,0.418811002661934,0.581188997338066,120045,0,673800,0.948446327683616,0.000954451345755694,0.821910955477739,"high","high","old"
"17031040401",3442,0.633933759442185,0.0345729227193492,0.0717606042998257,0.219058686809994,0.15630447414294,0.0363141171130277,0.0239130434782609,0.0781563126252505,0.999943368198194,0.623188405797101,0.376811594202899,103696,0,456900,0.959325973271354,0.00115529117094552,0.678989751098097,"high","high","old"
"17031040100",3934,0.667259786476868,0.0439755973563803,0.0287239450940519,0.229537366548043,0.201321809862735,0.0129310344827586,0.0394962793360046,0.0692594565796484,0.999960356776811,0.473382942186606,0.526617057813394,81984,0,440300,0.969496695475343,0.000855660377358491,0.621140939597315,"high","medium","old"
"17031031200",6235,0.294787489975942,0.318364073777065,0.142261427425822,0.218283881315156,0.289013632718524,0.0186556114894877,0.315606204495093,0.0708823529411765,0.99997756227841,0.205128205128205,0.794871794871795,29676,0,268700,0.973696872493986,0.00111284310403253,0.391702127659574,"medium","low","old"
"17031030104",3425,0.563503649635037,0.0855474452554744,0.255182481751825,0.0846715328467153,0.30043795620438,0.105619498984428,0.0505952380952381,0.0794520547945206,0.999921184729405,0.346230158730159,0.653769841269841,41536,1962,151700,0.988905109489051,0.000808342133051742,0.487912087912088,"low","low","medium"
"17031020801",5859,0.397849462365591,0.116060761222052,0.162826420890937,0.242191500256016,0.431814302782045,0.0373454453696694,0.150797266514806,0.0703091910207539,0.99996796950388,0.4250569476082,0.5749430523918,57295,0,356000,0.918928144734596,0.00110301507537688,0.32962962962963,"medium","medium","old"
"17031831200",4810,0.0600831600831601,0.0496881496881497,0.0185031185031185,0.871725571725572,0.4002079002079,0.0583162217659138,0.160843770599868,0.108695652173913,0.999928353418258,0.453526697429136,0.546473302570864,45724,0,231600,1,0.000981870622167285,0.170117871933737,"medium","low","old"
"17031191200",4038,0.0299653293709757,0.000247647350173353,0,0.969787023278851,0.436602278355622,0.0310421286031042,0.257462686567164,0.0488021295474712,0.999954477697796,0.479477611940299,0.520522388059702,51125,0,236900,1,0.000853143643873336,0.0570557491289199,"medium","medium","old"
"17031190401",4408,0.265426497277677,0.0167876588021779,0.0762250453720508,0.641560798548094,0.375226860254083,0.0434782608695652,0.103318250377074,0.0307017543859649,0.999976846875155,0.735294117647059,0.264705882352941,70510,1947,272300,1,0.000896729776247849,0.217704918032787,"medium","medium","old"
"17031550100",6584,0.367709599027947,0.0762454434993925,0,0.553462940461725,0.170868772782503,0.11744738628649,0.242971887550201,0.15075034106412,0.999939461359501,0.733734939759036,0.266265060240964,54970,1952,155600,0.997417982989064,0.000977177177177177,0.159823706796567,"low","medium","medium"
"17031828100",5410,0.379667282809612,0.356007393715342,0.0155268022181146,0.248798521256932,0.13826247689464,0.188270451998506,0.110283159463487,0.0477767265846736,0.999976266471597,0.7625434674615,0.2374565325385,53940,1958,132400,1,0.000732863549007047,0.253500148942508,"low","medium","medium"
"17031750400",2883,0.602150537634409,0.278529309746792,0.0117932708983698,0.0693721817551162,0.0326049254249046,0.0516666666666667,0.0450885668276973,0.0142857142857143,0.999988497946883,0.797906602254428,0.202093397745572,100556,1954,251300,0.961845300034686,0.00108761766835626,0.569816643159379,"medium","high","medium"
"17031828504",5761,0.21142162818955,0.633917722617601,0,0.116993577503906,0.0413122721749696,0.214403156856297,0.246723646723647,0.188251618871415,0.999892745625036,0.501424501424501,0.498575498575499,46851,1972,82900,0.962332928311057,0.000932572962093257,0.130583126550868,"low","medium","medium"
"17031824123",7357,0.831453037923066,0.0156313714829414,0.0146798966970232,0.12817724616012,0.0746228082098681,0.0285082329810764,0.0640839971035482,0.0659452147446737,0.999976124677668,0.874728457639392,0.125271542360608,80444,1977,225500,0.989941552263151,0.000903492884864166,0.281148867313916,"medium","medium","medium"
"17031720500",1846,0.864572047670639,0.0184182015167931,0.00541711809317443,0.111592632719393,0.0482123510292524,0.0232342007434944,0.0211267605633803,0.116915422885572,0.999835357501918,0.915492957746479,0.0845070422535211,112500,1951,294700,1,0.000926931106471816,0.618677042801556,"medium","high","medium"
"17031826301",4299,0.0383810188415911,0.888578739241684,0.000697836706210747,0.0672249360316353,0.0732728541521284,0.0971266693646297,0.197070572569907,0.0641744548286604,0.99995727582355,0.735019973368842,0.264980026631158,64310,1966,100200,0.994882530821121,0.000932134831460674,0.179529645578006,"low","medium","medium"
"17031827804",3194,0.134001252348153,0.723231058234189,0,0.069818409517846,0.0175328741390106,0.106327462491846,0.0763941940412529,0.0473071324599709,0.999963861403478,0.871657754010695,0.128342245989305,63036,1967,161800,0.927050720100188,0.000683711122825514,0.228518346493265,"low","medium","medium"
"17031829100",3693,0.122664500406174,0.178987273219605,0,0.698348226374221,0.238288654210669,0.139135959339263,0.392661982825917,0.173014848289219,0.999864955906592,0.439500390320062,0.560499609679938,26938,1943,80500,1,0.000886108273748723,0.0875694147800085,"low","low","old"
"17031830005",4143,0.183683321264784,0.797006999758629,0.0166545981173063,0.000241370987207338,0.0306541153753319,0.0832885545405696,0.00409836065573771,0.0972515856236787,0.999943064374389,0.828454332552693,0.171545667447307,92153,1976,224500,0.997586290127927,0.000873812754409769,0.469387755102041,"medium","high","medium"
"17031828601",4140,0.615458937198068,0.246859903381643,0,0.111594202898551,0.0628019323671498,0.0307212822796082,0.0379506641366224,0.00877742946708464,0.999994448209528,0.843769765970904,0.156230234029095,86671,1956,168600,0.973913043478261,0.000850692892266428,0.407407407407407,"low","medium","medium"
"17031081000",8078,0.632210943302798,0.131220599158207,0.136172319881159,0.0906164892300074,0.208838821490468,0.0107111501316945,0.139492011470709,0.184702738810955,0.999962168014924,0.121261777959853,0.878738222040148,69379,1982,429100,0.990220351572171,0.000842189281641961,0.670503376304481,"high","medium","medium"
"17031071600",1975,0.750379746835443,0.0774683544303797,0.10126582278481,0.0384810126582278,0.134177215189873,0.0246445497630332,0.0550335570469799,0.0411840411840412,0.999944722463582,0.621476510067114,0.378523489932886,157083,1971,897700,0.967594936708861,0.00103818369453044,0.797449362340585,"high","high","medium"
"17031071500",6157,0.853500081208381,0.0324833522819555,0.0704888744518434,0.0229007633587786,0.0955010557089492,0.0407578761841815,0.0155059132720105,0.0802513898960599,0.99997890940937,0.313009198423127,0.686990801576873,96050,1972,461100,0.979373071300958,0.000799766150248465,0.863195895876876,"high","high","medium"
"17031071300",4378,0.759022384650525,0.00730927364093193,0.152809502055733,0.0573321151210598,0.251484696208314,0.0439042089985486,0.00320512820512821,0.0175438596491228,0.999991967161757,0.53021978021978,0.46978021978022,103409,0,504400,0.97647327546825,0.000864565587734242,0.928792569659443,"high","high","old"
"17031070500",3256,0.828624078624079,0.0666461916461916,0.0343980343980344,0.0503685503685504,0.0555896805896806,0.048418024928092,0.063391442155309,0.0768105340160936,0.999939139572667,0.545958795562599,0.454041204437401,136016,1969,751200,0.980036855036855,0.000952038369304556,0.771084337349398,"high","high","medium"
"17031828801",5405,0.374838112858464,0.414061054579093,0.0216466234967623,0.143570767807586,0.0740055504162812,0.0734077006117308,0.0677225559803386,0.0556988138215575,0.999969581037946,0.849808847624249,0.150191152375751,99727,1958,172900,0.954116558741906,0.000932427601001073,0.481235027947831,"medium","high","medium"
"17031824503",6314,0.785555907507127,0.110231232182452,0.0343680709534368,0.0614507443775736,0.09344314222363,0.0501401432575522,0.0592178770949721,0.083617747440273,0.999968858419571,0.845437616387337,0.154562383612663,68393,1976,188000,0.991605955020589,0.000901807228915663,0.398035447362802,"medium","medium","medium"
"17031826401",3886,0.011322696860525,0.975810602161606,0.00386001029336078,0.00900669068450849,0.0149253731343284,0.172150691463996,0.24043321299639,0.0710932260228035,0.999948671785607,0.664981949458484,0.335018050541516,47004,1966,125600,1,0.000834749763928234,0.143612334801762,"low","medium","medium"
"17031825504",3404,0.0534665099882491,0.886310223266745,0,0.0484723854289072,0.0352526439482961,0.0353409656545545,0.242608036391205,0.0678445229681979,0.999948566312756,0.557998483699773,0.442001516300227,56964,1976,125300,0.988249118683901,0.00107941356139279,0.305006310475389,"low","medium","medium"
"17031829302",3854,0.0791385573430202,0.514270887389725,0.000518941359626362,0.403995848469123,0.132848988064349,0.114111054508406,0.328151986183074,0.111963190184049,0.99990332265468,0.405008635578584,0.594991364421416,40143,1974,88500,0.997924234561495,0.000939607448414696,0.0895087427144047,"low","low","medium"
"17031828900",3659,0.128177097567641,0.482918830281498,0.00273298715496037,0.372232850505603,0.156326865263733,0.156330087134803,0.214795008912656,0.168888888888889,0.999849497797915,0.46078431372549,0.53921568627451,54115,1961,126200,0.986061765509702,0.00087352790578597,0.156818181818182,"low","medium","medium"
"17031827100",2514,0.0175019888623707,0.800318217979316,0.0544948289578361,0.0839299920445505,0.0879077167859984,0.107919930374238,0.316076294277929,0.195763330898466,0.999822226585483,0.354223433242507,0.645776566757493,19487,1960,77100,0.956245027844073,0.00107425742574257,0.12372304199773,"low","low","medium"
"17031821500",1642,0.0316686967113276,0.939707673568819,0,0.0146163215590743,0.0328867235079172,0.148093841642229,0.451070336391437,0.327160493827161,0.999500004716937,0.36697247706422,0.63302752293578,24545,1959,84000,0.98599269183922,0.000943195266272189,0.119387755102041,"low","low","medium"
"17031823200",4792,0.651502504173623,0.104549248747913,0.0302587646076795,0.204716193656093,0.119156928213689,0.0542770299609205,0.0616139585605234,0.0618925831202046,0.999966253819803,0.84896401308615,0.15103598691385,66250,1980,182900,0.991026711185309,0.00100083507306889,0.204480183802412,"medium","medium","medium"
"17031824900",3353,0.215031315240084,0.569937369519833,0.000298240381747689,0.208768267223382,0.0724724127646883,0.11864406779661,0.371273712737127,0.0586734693877551,0.999947000578385,0.779584462511292,0.220415537488708,39782,1963,96400,0.994035192365046,0.000700304259634888,0.13943661971831,"low","low","medium"
"17031822101",4337,0.765506110214434,0.0442702328798709,0.00599492736914918,0.184228729536546,0.159557297671201,0.0989433237271854,0.0871261378413524,0.0706948640483384,0.999954036661459,0.788686605981795,0.211313394018205,67528,1955,206600,1,0.000924988903683977,0.288146911519199,"medium","medium","medium"
"17031821002",5136,0.597546728971963,0.0266744548286604,0,0.370521806853583,0.280568535825545,0.0865782932891466,0.119619899385131,0.0175727622185612,0.99999017742336,0.835662381218558,0.164337618781442,55324,1961,208800,0.994742990654206,0.00122049286640726,0.140849030081529,"medium","medium","medium"
"17031820800",3827,0.400574862816828,0.00365821792526783,0.00209041024301019,0.58975698980925,0.234648549777894,0.0406066536203522,0.215146299483649,0.0490998363338789,0.999957747193005,0.822719449225473,0.177280550774527,73250,1958,206300,0.996080480794356,0.00104543025120257,0.160736196319018,"medium","medium","medium"
"17031819500",3399,0.629008531921153,0.1738746690203,0.00735510444248308,0.157987643424537,0.0650191232715505,0.0148456057007126,0.0925925925925926,0.0841487279843444,0.999940068600546,0.635327635327635,0.364672364672365,74856,1962,346400,0.968225948808473,0.000830371567043619,0.472760018009905,"medium","medium","medium"
"17031819300",2417,0.711625982623087,0.0260653702937526,0.00910219280099297,0.253206454282168,0.0901944559371121,0.0154639175257732,0.0659685863874346,0.0581854043392505,0.999939076586926,0.790575916230366,0.209424083769634,77212,1942,252100,1,0.000973061224489796,0.37765634486946,"medium","medium","old"
"17031818500",5128,0.737324492979719,0.0483619344773791,0.0688377535101404,0.143330733229329,0.124414976599064,0.0472636815920398,0.0320485058466869,0.0830023828435266,0.999964053963085,0.94586401039411,0.05413598960589,87538,1967,279300,0.997854914196568,0.00086608442503639,0.474807081252837,"medium","medium","medium"
"17031750100",3680,0.0777173913043478,0.900815217391304,0.0046195652173913,0.0168478260869565,0.0122282608695652,0.212862834376779,0.200579290369298,0.0926412614980289,0.99993292176156,0.742939898624185,0.257060101375815,54135,1958,156900,1,0.000828117237953304,0.353601859024012,"low","medium","medium"
"17031530503",5192,0.00154083204930663,0.953389830508475,0,0.0184899845916795,0.0156009244992296,0.279923518164436,0.246566383257031,0.114136732329085,0.999925357610928,0.730542838456507,0.269457161543492,48980,1957,115000,0.973420647149461,0.000652450668364099,0.250758955676988,"low","medium","medium"
"17031815200",7251,0.211694938629155,0.0212384498689836,0.00882636877672045,0.757274858640188,0.325886084677975,0.0362966859547607,0.19622475856014,0.0532003325020781,0.999976646580293,0.633889376646181,0.366110623353819,54808,0,214000,0.999034615915046,0.00113956919445264,0.133676668159427,"medium","medium","old"
"17031814100",4265,0.0475967174677608,0.0602579132473623,0.00281359906213365,0.87432590855803,0.438686987104338,0.0242857142857143,0.168957154405821,0.0997088791848617,0.999919401097204,0.445432497978981,0.554567502021019,42044,0,163800,0.984994138335287,0.000969976905311778,0.0352373887240356,"low","low","old"
"17031818401",3381,0.419402543626146,0.271517302573203,0.0582667849748595,0.244010647737356,0.117716651878143,0.0220010476689366,0.0907738095238095,0,1,0.865327380952381,0.134672619047619,57344,1957,213000,0.993197278911565,0.00112641509433962,0.265121759622938,"medium","medium","medium"
"17031817600",3591,0.0325814536340852,0.786688944583681,0,0.171261487050961,0.0743525480367586,0.139819245082403,0.301934398654331,0.119911176905996,0.999899159726636,0.668629100084104,0.331370899915896,45660,0,157700,0.990531885268727,0.000977422907488987,0.124242424242424,"low","low","old"
"17031817300",2467,0.0324280502634779,0.553708958248885,0,0.372922578029996,0.181191730847183,0.0651438240270728,0.257636122177955,0.24321608040201,0.999677108170097,0.565737051792829,0.434262948207171,49514,0,146000,0.959059586542359,0.000906491499227202,0.137333333333333,"low","medium","old"
"17031816900",6101,0.0278642845435175,0.653171611211277,0.0186854613997705,0.282740534338633,0.142107851171939,0.0699734278122232,0.215478841870824,0.0223189983669026,0.999987573095206,0.89086859688196,0.10913140311804,72152,1957,165700,0.982461891493198,0.00097699287103046,0.19188921859545,"low","medium","medium"
"17031815701",3572,0.784994400895857,0.00111982082866741,0.00699888017917133,0.196248600223964,0.0862262038073908,0.055793991416309,0.00875099443118536,0.14895057549086,0.99988151716197,0.934765314240255,0.0652346857597454,131733,1940,395700,0.98936170212766,0.00106593406593407,0.635807504078303,"high","high","old"
"17031815400",4669,0.510387663311202,0.0603983722424502,0.0261297922467338,0.384450631826944,0.144784750481902,0.0141015310233683,0.156730769230769,0.096045197740113,0.999953826556249,0.438942307692308,0.561057692307692,52768,0,259200,0.981366459627329,0.000910392798690671,0.356624319419238,"medium","medium","old"
"17031711200",4657,0.00343568821129483,0.842602533820056,0,0.12282585355379,0.0908310070861069,0.148194794290512,0.270941652224148,0.102178423236515,0.999940974932323,0.690930098209128,0.309069901790872,50810,1952,154600,0.968864075585141,0.000727373887240356,0.173118612573552,"low","medium","medium"
"17031710500",4329,0.00231000231000231,0.956340956340956,0.00277200277200277,0.0191730191730192,0.0127050127050127,0.208657587548638,0.411533420707733,0.202716823406479,0.999867175689591,0.398427260812582,0.601572739187418,35104,1947,138800,0.980595980595981,0.000775635767022149,0.178363706863125,"low","low","old"
"17031700301",6359,0.205535461550558,0.0547255857839283,0.00707658436861142,0.724170467054568,0.29155527598679,0.0994764397905759,0.173172072567345,0.0246648793565684,0.999986440602025,0.908741066520066,0.091258933479934,66163,1956,187900,0.991508098757666,0.00113676075268817,0.150579150579151,"medium","medium","medium"
"17031700100",3769,0.00716370390023879,0.612098699920403,0.00185725656672858,0.361369063412046,0.201644998673388,0.0877632898696088,0.185077519379845,0.0923482849604222,0.999910523234559,0.852713178294574,0.147286821705426,69839,1959,166400,0.982488723799416,0.0010187466523835,0.146578366445916,"low","medium","medium"
"17031813801",3075,0.0048780487804878,0.00390243902439024,0,0.991219512195122,0.447479674796748,0.0491251682368775,0.116178067318132,0.0668693009118541,0.99992740016698,0.382193268186754,0.617806731813247,41163,0,164600,1,0.000948669201520913,0.0573012939001848,"low","low","old"
"17031813600",5544,0.0597041847041847,0.00721500721500722,0.00378787878787879,0.929292929292929,0.406024531024531,0.0601915184678523,0.257537688442211,0.0421179302045728,0.999973544713591,0.525125628140704,0.474874371859296,56763,0,208900,1,0.00118267716535433,0.0767957629923866,"medium","medium","old"
"17031813200",4269,0.656828297025064,0.0740220192082455,0.0484891075193254,0.125556336378543,0.0735535254157882,0.0260613703236654,0.0571799870045484,0.0440993788819876,0.999971346253886,0.769980506822612,0.230019493177388,136795,0,420500,0.904895760131178,0.000887267904509284,0.713475177304965,"high","high","old"
"17031813000",4146,0.62301013024602,0.191268692715871,0.0127834056922335,0.138446695610227,0.0463096960926194,0.0583819849874896,0.0371669004207574,0,1,0.728611500701262,0.271388499298738,135000,0,429600,0.965508924264351,0.000937383177570093,0.712216858522094,"high","high","old"
"17031812500",3236,0.634116192830655,0.222496909765142,0.0244128553770087,0.0784919653893696,0.0636588380716935,0.0670538542766631,0.14983922829582,0.0535605599513086,0.999965557096354,0.42572347266881,0.57427652733119,64347,0,413600,0.959517923362176,0.000835507657402155,0.64040404040404,"high","medium","old"
"17031812100",4428,0.507226738934056,0.328816621499548,0.0219060523938573,0.0810749774164408,0.041553748870822,0.0345924453280318,0.0274689339437541,0.0526641883519207,0.999965557636054,0.803793328973185,0.196206671026815,124455,0,389800,0.939024390243902,0.000995493465525011,0.711489670170352,"high","high","old"
"17031811302",4199,0.156703977137414,0.0626339604667778,0.010478685401286,0.75351274112884,0.377947130269112,0.109918200408998,0.135431918008785,0.0221904080171797,0.999983755455678,0.390922401171303,0.609077598828697,47960,1957,200800,0.983329364134318,0.00100525310410697,0.0779174147217235,"medium","medium","medium"
"17031730600",4013,0.00971841515076003,0.977822078245701,0,0.00274109145277847,0.00797408422626464,0.134510869565217,0.20637732506643,0.120716510903427,0.999893088038207,0.680248007085917,0.319751992914083,48802,1949,131500,0.99028158484924,0.000662386081193041,0.340486999587289,"low","medium","old"
"17031660700",1525,0,0.885245901639344,0.00262295081967213,0.112131147540984,0.0308196721311475,0.262172284644195,0.444262295081967,0.168937329700272,0.999723130235964,0.495081967213115,0.504918032786885,24545,1954,97700,1,0.000683222958057395,0.0540540540540541,"low","low","medium"
"17031660400",5270,0.0438330170777989,0.0159392789373814,0,0.94022770398482,0.382542694497154,0.129084308188786,0.356657608695652,0.0907967881408277,0.999938321203869,0.584239130434783,0.415760869565217,41579,1945,154900,1,0.000924059875867105,0.105750165234633,"low","low","old"
"17031650500",4547,0.169562348801408,0.116560369474379,0,0.70574004838355,0.28832197053002,0.0442909386428281,0.176165803108808,0.0960187353629977,0.999937815567039,0.80699481865285,0.19300518134715,69457,1958,187600,0.991862766659336,0.00118710918710919,0.16252129471891,"medium","medium","medium"
"17031691100",2477,0.023415421881308,0.940250302785628,0,0.00928542591844974,0.0209931368591038,0.270833333333333,0.547646383467279,0.360499265785609,0.999586279999966,0.332950631458094,0.667049368541906,25409,0,132100,0.972951150585386,0.000741912798874824,0.164983164983165,"low","low","old"
"17031681400",2419,0,0.940057875155023,0,0.0252170318313353,0.00992145514675486,0.149943630214205,0.349382716049383,0.413468501086169,0.999489805491694,0.511111111111111,0.488888888888889,45128,0,87100,0.965274906986358,0.000763119533527697,0.0867875647668394,"low","low","old"
"17031680600",1254,0.00159489633173844,0.996012759170654,0.00239234449760766,0,0.00239234449760766,0.15929203539823,0.769931662870159,0.355359765051395,0.999191179173866,0.20501138952164,0.79498861047836,32614,1940,,1,0.000849557522123894,0.118233618233618,,"low","old"
"17031834900",1348,0.00964391691394659,0.959940652818991,0,0.000741839762611276,0.00816023738872404,0.270142180094787,0.723435225618632,0.292481977342945,0.999574443217389,0.165938864628821,0.834061135371179,19375,1956,88300,0.970326409495549,0.000597156398104265,0.142561983471074,"low","low","medium"
"17031842800",6916,0.0508964719491035,0,0.0494505494505494,0.896327356853673,0.373481781376518,0.0334281650071124,0.315047810770005,0.116888888888889,0.999941176641625,0.435329642677403,0.564670357322597,38384,0,190500,0.996674378253326,0.00100813008130081,0.107133592736706,"medium","low","old"
"17031580400",4739,0.0909474572694661,0.00147710487444609,0.132306393753957,0.775269044102131,0.404093690652036,0.0666666666666667,0.160751565762004,0.0439121756487026,0.999969442704376,0.570633263743911,0.429366736256089,51434,1946,214600,1,0.0010524036379385,0.126582278481013,"medium","medium","old"
"17031560900",5299,0.544819777316475,0.000188714851858841,0.00773730892621249,0.437252311756935,0.128326099264012,0.0562858105830806,0.0456769983686786,0.0300632911392405,0.999983652637475,0.922784121805329,0.077215878194671,105129,1956,257700,0.989998112851481,0.00106508183943882,0.251567398119122,"medium","high","medium"
"17031838800",3033,0.0263765248928454,0.60435212660732,0,0.362677217276624,0.154632377184306,0.0847457627118644,0.407643312101911,0.131225296442688,0.9998806099823,0.339399454049136,0.660600545950864,30503,0,110800,0.993405868776789,0.000859595340282036,0.116201117318436,"low","low","old"
"17031611900",1545,0.0239482200647249,0.634304207119741,0,0.341747572815534,0.0770226537216828,0.158950617283951,0.37962962962963,0.283819628647215,0.999474684196831,0.351851851851852,0.648148148148148,30208,0,,1,0.000993548387096774,0.0410526315789474,,"low","old"
"17031611400",2936,0.0235013623978202,0.00919618528610354,0,0.958446866485014,0.46491825613079,0.148888888888889,0.295482295482295,0.260162601626016,0.99968244202086,0.356532356532357,0.643467643467644,37917,0,114200,0.991144414168937,0.00121250941974378,0.0133643230679837,"low","low","old"
"17031839900",4471,0.505703422053232,0.0154327890852158,0.186982777902035,0.27264594050548,0.207783493625587,0.0524791892870069,0.119153126538651,0.0433349034385304,0.999978663722879,0.543082225504678,0.456917774495323,76313,0,339800,0.980764929545963,0.00091970802919708,0.452894438138479,"medium","medium","old"
"17031840100",3303,0.276112624886467,0.000605510142294883,0.607023917650621,0.0935513169845595,0.381471389645777,0.0816326530612245,0.128227194492255,0.0227081581160639,0.999980458077147,0.500860585197935,0.499139414802065,56768,0,374800,0.977293369663942,0.000659798994974874,0.305829228243021,"high","medium","old"
"17031440202",2674,0,0.975691847419596,0,0.0164547494390426,0.00598354525056096,0.131578947368421,0.182529335071708,0.113294797687861,0.999926149653958,0.353976531942634,0.646023468057366,31364,1951,162200,0.992146596858639,0.000577581120943953,0.300328484279681,"low","low","medium"
"17031440102",3359,0.0488240547782078,0.922298303066389,0,0.0226257814825841,0.00357249181303959,0.0730789897904353,0.36916150815982,0.153809523809524,0.999913451765972,0.243106359032077,0.756893640967923,41120,1947,159700,0.993748139327181,0.000891328828828829,0.236832274934628,"low","low","old"
"17031490902",4565,0,0.981380065717415,0.00525739320920044,0.00876232201533406,0.00985761226725082,0.0862346009641135,0.273568536726431,0.17705854355069,0.999897605313073,0.573163678426836,0.426836321573164,53229,1957,154600,0.99539978094195,0.000922105263157895,0.239055118110236,"low","medium","medium"
"17031460301",3486,0.0111876075731497,0.670109007458405,0.00229489386115892,0.305507745266781,0.221744119334481,0.15366568914956,0.37304347826087,0.201943095072866,0.999824428139523,0.462608695652174,0.537391304347826,34186,0,125500,0.989099254159495,0.000854255319148936,0.106417112299465,"low","low","old"
"17031842000",3145,0.348807631160572,0.320508744038156,0.22670906200318,0.0868044515103339,0.219077901430843,0.0601427115188583,0.0434782608695652,0.0599455040871935,0.999826275101274,0.730434782608696,0.269565217391304,103125,1997,323100,0.982829888712242,0.00122733711048159,0.379409647228222,"medium","high","medium"
"17031841100",7165,0.110816468946267,0.0139567341242149,0.849127704117237,0.0235868806699232,0.6,0.0370583165756966,0.280570409982175,0.0455937393671317,0.999983745811666,0.4349376114082,0.5650623885918,42614,1982,285000,0.997487787857641,0.00087516356974614,0.301451302675293,"medium","low","medium"
"17031843200",2251,0.276765881830298,0.0364282541092848,0,0.67258996001777,0.350510884051533,0.0319535221496006,0.159018143009605,0.117702448210923,0.999874399504029,0.270010672358591,0.729989327641409,54107,0,285500,0.985784095957352,0.000906011854360711,0.328274311410905,"medium","medium","old"
"17031841300",4299,0.186089788322866,0.0293091416608514,0.0290765294254478,0.720400093044894,0.316817864619679,0.0795807453416149,0.179723502304147,0.0524017467248908,0.999969815573152,0.473502304147465,0.526497695852535,54152,0,248500,0.964875552454059,0.0012940234791889,0.334324413610836,"medium","medium","old"
"17031310800",4272,0.140917602996255,0.0133426966292135,0.0479868913857678,0.771535580524345,0.444522471910112,0.0589631974673526,0.119373776908023,0.0987654320987654,0.999935577906443,0.294194390084801,0.705805609915199,62202,0,279000,0.973782771535581,0.000938294010889292,0.380726698262243,"medium","medium","old"
"17031830500",3910,0.010997442455243,0,0,0.989002557544757,0.462148337595908,0.0611970410221923,0.123432979749277,0.0839222614840989,0.999919078620657,0.725168756027001,0.274831243972999,37306,0,143000,1,0.000961866532865028,0.0699208443271768,"low","low","old"
"17031301802",2746,0.0214857975236708,0.00910415149308084,0,0.966132556445739,0.4278951201748,0.0848287112561175,0.189873417721519,0.134720700985761,0.999829496543493,0.413924050632911,0.586075949367089,37639,0,189000,0.996722505462491,0.00106777108433735,0.120563035495716,"medium","low","old"
"17031430900",1526,0.00589777195281782,0.980996068152031,0.000655307994757536,0,0.0242463958060288,0.131258457374831,0.341493268053856,0.130851063829787,0.999839865226408,0.305997552019584,0.694002447980416,39948,1943,174500,0.987549148099607,0.000865525672371638,0.222662440570523,"medium","low","old"
"17031430300",2371,0.00927878532264867,0.973007169970477,0.000421762969211303,0.0168705187684521,0.00927878532264867,0.147577092511013,0.422598870056497,0.291433146517214,0.999670805414347,0.145762711864407,0.854237288135593,26399,1950,179900,0.999578237030789,0.000698424068767908,0.214961306964746,"medium","low","old"
"17031411000",3428,0.383605600933489,0.385355892648775,0.100641773628938,0.0490081680280047,0.182613768961494,0.137768817204301,0.0412511332728921,0.0846473029045643,0.999961630074799,0.444696282864914,0.555303717135086,52586,0,198800,0.918611435239207,0.000588507877664504,0.688386354925259,"medium","medium","old"
"17031836300",1478,0.440460081190798,0.443843031123139,0.0446549391069012,0.0162381596752368,0.0568335588633288,0.144883485309017,0.164086687306502,0.137516688918558,0.999787171174298,0.277089783281734,0.722910216718266,47297,0,260500,0.945196211096076,0.00103862068965517,0.672413793103448,"medium","medium","old"
"17031390700",5555,0.243924392439244,0.583078307830783,0.118631863186319,0.0118811881188119,0.154995499549955,0.0384991843393148,0.0732484076433121,0.0943890928159413,0.999972673273459,0.39143022582513,0.60856977417487,70192,1966,147800,0.957515751575158,0.000767982176957352,0.718157181571816,"low","medium","medium"
"17031271500",1531,0.0365774003919007,0.815153494448073,0,0.0640104506858263,0.00522534291312867,0.115447154471545,0.460176991150442,0.094551282051282,0.999832680598606,0.31858407079646,0.68141592920354,31806,1983,188900,0.9157413455258,0.000724099099099099,0.201923076923077,"medium","low","medium"
"17031081402",5429,0.626266347393627,0.0311291213851538,0.2341130963345,0.0670473383680236,0.258242770307607,0.0521047983514866,0.0236369366530098,0.196098302508234,0.999938201643884,0.421052631578947,0.578947368421053,121839,1992,536600,0.958555903481304,0.000870778773259821,0.870960502692998,"high","high","medium"
"17031301801",4437,0.0108181203515889,0.000450755014649538,0,0.98535046202389,0.343926076177597,0.108108108108108,0.240101095197978,0.0473515248796148,0.999960109826437,0.240943555181129,0.759056444818871,41283,0,172700,0.996619337390128,0.00110583768391077,0.142276422764228,"medium","low","old"
"17031410900",3395,0.572017673048601,0.214727540500736,0.082179675994109,0.0456553755522828,0.101620029455081,0.0790655884995508,0.0568965517241379,0.0700160342063068,0.999959762519002,0.46551724137931,0.53448275862069,71682,0,343700,0.914580265095729,0.000792502639915523,0.86566008517228,"medium","medium","old"
"17031540102",3195,0.0128325508607199,0.982472613458529,0,0.00469483568075117,0.00375586854460094,0.269409937888199,0.664423885618167,0.139029688631427,0.999883083739445,0.151387720773759,0.84861227922624,27694,1954,94500,1,0.00068958223162348,0.100470035252644,"low","low","medium"
"17031080202",3321,0.824751580849142,0.0267991568804577,0.0403492923818127,0.108099969888588,0.138211382113821,0.0156959933911607,0.0170082860880942,0.153562200073828,0.999933034489009,0.550806803314435,0.449193196685565,90918,1968,351000,1,0.000695252679938744,0.836043810155991,"medium","high","medium"
"17031824119",5553,0.869439942373492,0.0115253016387538,0.0484422834503872,0.0642895732036737,0.120295335854493,0.0320627003918774,0.084108012394865,0.019105514546244,0.99999154256177,0.940681717574148,0.0593182824258521,90840,1995,307600,0.993697100666306,0.000844237794752574,0.452693208430913,"medium","high","medium"
"17031824122",6262,0.817470456723092,0.0305014372404982,0.0370488661769403,0.0860747365059087,0.0982114340466305,0.0402761795166858,0.0339270568278202,0.0125628140703518,0.999994672287049,0.965648854961832,0.0343511450381679,98397,1989,287700,0.971095496646439,0.00105783766020375,0.439524124256444,"medium","high","medium"
"17031824004",5014,0.882528919026725,0.0440765855604308,0.0217391304347826,0.0516553649780614,0.118867171918628,0.0620721131903241,0.0805879371515459,0.074577861163227,0.999962202208675,0.695894576786619,0.304105423213381,91135,1986,369200,1,0.00078497686009256,0.407348665080624,"high","high","medium"
"17031802403",1356,0.839970501474926,0.00737463126843658,0.0648967551622419,0.0575221238938053,0.25811209439528,0.0596273291925466,0.0548926014319809,0.00828402366863905,0.99999011462795,0.81980906921241,0.180190930787589,71944,1985,198600,0.96976401179941,0.000692883895131086,0.556403731976251,"medium","medium","medium"
"17031824006",5470,0.907312614259598,0.0056672760511883,0.0287020109689214,0.0435100548446069,0.131627056672761,0.0305660377358491,0.00898741761533853,0.0176574455562095,0.999989420456112,0.955662073097663,0.0443379269023367,141118,1998,489100,0.985191956124314,0.000939716312056738,0.469920544835414,"high","high","medium"
"17031240500",2443,0.820712239050348,0.0196479738027016,0.0634465820712239,0.0740892345476873,0.110929185427753,0.0102406554019457,0.0250783699059561,0,1,0.608934169278997,0.391065830721003,152352,1990,457000,0.977896029471961,0.00101900826446281,0.922256097560976,"high","high","medium"
"17031260500",1733,0.00173110213502597,0.96999422965955,0,0.018465089440277,0,0.153739612188366,0.327814569536424,0.209424083769634,0.999653391563551,0.438741721854305,0.561258278145695,39268,0,219400,0.990190421234853,0.000904395604395604,0.0776699029126214,"medium","low","old"
"17031271200",1273,0.0463472113118617,0.885310290652003,0.002356637863315,0.011783189316575,0.011783189316575,0.170940170940171,0.440217391304348,0.184035476718404,0.999500153567278,0.293478260869565,0.706521739130435,36739,1970,148100,0.945797329143755,0.000917168674698795,0.188745603751465,"low","low","medium"
"17031340600",1036,0.0511583011583012,0.91023166023166,0,0,0,0.440281030444965,0.512941176470588,0.0597345132743363,0.999859467956091,0,1,13207,1971,,0.961389961389961,0.000490647482014388,0.0873180873180873,,"low","medium"
"17031381400",1559,0.00962155227710071,0.848620910840282,0.0391276459268762,0.0885182809493265,0.0615779345734445,0.162162162162162,0.459885386819484,0.126408010012516,0.999818932490503,0.163323782234957,0.836676217765043,35395,1958,170000,0.985888389993586,0.00088969696969697,0.304812834224599,"medium","low","medium"
"17031461000",1361,0.0705363703159442,0.565760470242469,0,0.354886113152094,0.0984570168993387,0.133995037220844,0.584057971014493,0.247546346782988,0.999641365843177,0.126086956521739,0.873913043478261,16225,1953,192900,0.991182953710507,0.00107786259541985,0.0801980198019802,"medium","low","medium"
"17031560300",3102,0.216956802063185,0.0219213410702772,0.00805931656995487,0.734042553191489,0.30528691166989,0.112824106517169,0.1416015625,0.017274472168906,0.999983130682851,0.8896484375,0.1103515625,53286,1955,199300,0.980980012894907,0.0010515873015873,0.155248891079349,"medium","medium","medium"
"17031612100",999,0,0.835835835835836,0,0.164164164164164,0.025025025025025,0.249322493224932,0.676056338028169,0.305283757338552,0.999140784639873,0.315492957746479,0.684507042253521,21528,1949,130400,1,0.000539291217257319,0.0752508361204013,"low","low","old"
"17031670200",970,0.0360824742268041,0.951546391752577,0,0.00721649484536083,0,0.253763440860215,0.371158392434988,0.233695652173913,0.999447833065811,0.364066193853428,0.635933806146572,26563,1941,114100,0.994845360824742,0.000619365609348915,0.09043250327654,"low","low","old"
"17031671100",604,0.00662251655629139,0.947019867549669,0,0.0115894039735099,0,0.2,0.56420233463035,0.328981723237598,0.998721551995292,0.35408560311284,0.64591439688716,,0,67500,0.96523178807947,0.000663911845730028,0.126463700234192,"low",,"old"
"17031681200",2254,0.036379769299024,0.883762200532387,0,0.0062111801242236,0.00443655723158829,0.316414686825054,0.580686149936468,0.35702614379085,0.999546551142701,0.161372299872935,0.838627700127065,17058,1950,84600,0.926353149955634,0.000731182795698925,0.0759046778464254,"low","low","old"
"17031710100",1085,0,0.951152073732719,0,0.0423963133640553,0.0211981566820276,0.175337186897881,0.427860696517413,0.137339055793991,0.999772292234454,0.310116086235489,0.689883913764511,22462,1945,98700,0.993548387096774,0.00157719714964371,0.121353558926488,"low","low","old"
"17031700502",3676,0.0726332970620239,0.80658324265506,0,0.107997823721436,0.0380848748639826,0.115717821782178,0.0568285976168653,0.063519313304721,0.999941782204078,0.905591200733272,0.0944087992667278,82040,1959,194400,0.98721436343852,0.000928646379853095,0.265338645418327,"medium","medium","medium"
"17031839100",7916,0.514274886306215,0.0939868620515412,0.266169782718545,0.102450732693279,0.315816068721577,0.0361527967257844,0.0116833571769194,0.147214314762098,0.999964900060193,0.305197901764425,0.694802098235575,106875,2003,351000,0.976882263769581,0.00111657754010695,0.8,"medium","high","new"
"17031832000",1698,0.738515901060071,0.0371024734982332,0.109540636042403,0.0594817432273263,0.0789163722025913,0.0524079320113314,0.0326209223847019,0.138565891472868,0.999844157146267,0.401574803149606,0.598425196850394,114479,1955,473500,0.944640753828033,0.00160829493087558,0.815916398713826,"high","high","medium"
"17031831700",2238,0.446380697050938,0.017426273458445,0.0701519213583557,0.463360142984808,0.255585344057194,0.0877483443708609,0.320541760722348,0.0534188034188034,0.999939711531737,0.45823927765237,0.54176072234763,41786,1960,329000,0.997319034852547,0.000954585152838428,0.347908745247148,"medium","low","medium"
"17031838000",2201,0.156292594275329,0.564743298500682,0.0149931849159473,0.17083144025443,0.0676965015901863,0.0889092575618698,0.457254901960784,0.135593220338983,0.999893663684819,0.247843137254902,0.752156862745098,23175,1985,284800,0.906860517946388,0.000746825396825397,0.291319857312723,"medium","low","medium"
"17031839500",1588,0.183879093198992,0.537153652392947,0.0415617128463476,0.137909319899244,0.138539042821159,0.0571428571428571,0.301333333333333,0.149659863945578,0.999800493325595,0.476,0.524,25000,1971,342200,0.900503778337531,0.000743139407244786,0.444915254237288,"medium","low","medium"
"17031836200",1517,0.55174686882004,0.0784442979564931,0.23071852340145,0.129202373104812,0.158866183256427,0.0846560846560847,0.110091743119266,0.180451127819549,0.998347221265753,0.587155963302752,0.412844036697248,,0,270800,0.990112063282795,0.00097012987012987,0.923444976076555,"medium",,"old"
"17031010701",3562,0.425603593486805,0.224873666479506,0.0763615946097698,0.261089275687816,0.371139809096013,0.0384304207119741,0.0932711525649567,0.117058823529412,0.999922018857329,0.457694870086609,0.542305129913391,53045,1942,233200,0.987928130263897,0.000843685300207039,0.407340770061173,"medium","medium","old"
"17031020100",3742,0.251202565473009,0.363442009620524,0.0475681453768039,0.250935328701229,0.401656867985035,0.0743764172335601,0.221544715447154,0.097799511002445,0.999933744558772,0.388211382113821,0.611788617886179,51068,1954,183700,0.913148049171566,0.00121289178001183,0.402708481824661,"medium","medium","medium"
"17031030603",2355,0.456900212314225,0.214012738853503,0.118471337579618,0.174522292993631,0.326114649681529,0.0340425531914894,0.119196119196119,0.0867088607594937,0.999939914309911,0.101871101871102,0.898128898128898,41760,0,281900,0.963906581740977,0.000925592804578904,0.530699412706887,"medium","low","old"
"17031031300",7796,0.473832734735762,0.162390969728066,0.221010774756285,0.107234479220113,0.341200615700359,0.0327156257149394,0.170500676589986,0.0727728983688833,0.999983587797924,0.343933243121335,0.656066756878665,54325,1955,218300,0.964468958440226,0.00101290988897495,0.503317535545024,"medium","medium","medium"
"17031031501",4794,0.322695035460993,0.320817688777639,0.172507300792657,0.164789319983312,0.349603671255736,0.0595820364606492,0.296933835395374,0.0625315179021684,0.99996636395127,0.222162452931684,0.777837547068316,42519,1943,321000,0.980809345014602,0.000936187399030695,0.441019561351512,"medium","low","old"
"17031060800",5225,0.667368421052632,0.0497607655502392,0.132822966507177,0.107942583732057,0.200574162679426,0.0315971365095038,0.0343831262640855,0.0738560342520739,0.999978660948213,0.445535972262352,0.554464027737648,72061,1970,198600,0.957894736842105,0.00100575815738964,0.764511145442507,"medium","medium","medium"
"17031070101",3848,0.836798336798337,0.0038981288981289,0.0314449064449064,0.0795218295218295,0.12993762993763,0.0722495894909688,0.0339655932951037,0.113067292644757,0.999950127192915,0.367004852227614,0.632995147772386,77697,1964,344500,0.951663201663202,0.000942453306410904,0.830550621669627,"medium","medium","medium"
"17031071400",4998,0.820128051220488,0.0492196878751501,0.0576230492196879,0.0436174469787915,0.130252100840336,0.019364161849711,0.0316122233930453,0.0825008056719304,0.999971022685276,0.501580611169652,0.498419388830348,120938,0,537600,0.970588235294118,0.00115338216286084,0.848913839394679,"high","high","old"
"17031030604",3267,0.509029690847873,0.213345576981941,0.162228344046526,0.071319253137435,0.29537802265075,0.0165289256198347,0.147230320699708,0.141426783479349,0.999931284224865,0.286686103012634,0.713313896987366,50732,1961,202900,0.955922865013774,0.00129424157303371,0.618110236220472,"medium","medium","medium"
"17031760803",5930,0.767622259696459,0.10185497470489,0.0529510961214165,0.0612141652613828,0.658516020236088,0.0332547787378895,0.0487465181058496,0.0681375730045425,0.999976275781165,0.388231197771588,0.611768802228412,52197,1975,158900,0.983642495784148,0.0012428139183056,0.29609167178228,"low","medium","medium"
"17031283100",3091,0.175347783888709,0.297638304755742,0.305726302167583,0.193788417987706,0.313167259786477,0.0620938628158845,0.0883018867924528,0.124256444150694,0.999906230345157,0.327547169811321,0.672452830188679,29609,1972,458500,0.972500808799741,0.000772362385321101,0.617260787992495,"high","low","medium"
"17031804204",5221,0.693353763646811,0.0258571154951159,0.155717295537253,0.055544914767286,0.170465428078912,0.0344519015659955,0.0717463848720801,0.0395299145299145,0.999978014991399,0.842046718576196,0.157953281423804,131818,1967,610000,0.930473089446466,0.000689644012944984,0.691683569979716,"high","high","medium"
"17031804514",5300,0.458867924528302,0.00981132075471698,0.416792452830189,0.103207547169811,0.403584905660377,0.0266830870279146,0.0632490013315579,0.0427023581899299,0.999971570476576,0.836218375499334,0.163781624500666,123377,1999,311000,0.988679245283019,0.000968796433878158,0.455683269476373,"medium","high","medium"
"17031804203",3260,0.645092024539877,0,0.33558282208589,0,0.311042944785276,0.0205949656750572,0.032967032967033,0,1,1,0,168580,1988,900600,0.980674846625767,0.0010375,0.654292343387471,"high","high","medium"
"17031828507",3856,0.130446058091286,0.731327800829875,0,0.0697614107883817,0.0529045643153527,0.127650176678445,0.105381165919283,0.0904146838885112,0.999932430063846,0.902092675635277,0.0979073243647235,76154,1986,158400,0.931535269709544,0.000766376546037563,0.328073394495413,"low","medium","medium"
"17031824128",4576,0.939248251748252,0.0126748251748252,0.0122377622377622,0.0260052447552448,0.0703671328671329,0.031177291763611,0.030321046373365,0.0215241419429901,0.999987203408735,0.938763376932224,0.0612366230677765,80000,1996,383400,0.990166083916084,0.000925115692048801,0.481129271916791,"high","medium","medium"
"17031804314",1254,0.799840510366826,0,0.110845295055821,0.0893141945773525,0.230462519936204,0,0.0074487895716946,0.121112929623568,0.999774514673305,0.80633147113594,0.19366852886406,123450,1989,250300,1,0.00115834767641997,0.3913491246138,"medium","high","medium"
"17031031800",1976,0.617408906882591,0.0399797570850202,0.137651821862348,0.13663967611336,0.154858299595142,0.0308932169241101,0.0617283950617284,0.0617760617760618,0.999936448419949,0.406378600823045,0.593621399176955,74309,0,380100,0.93168016194332,0.00101632653061224,0.760314341846758,"high","medium","old"
"17031031400",4840,0.688636363636364,0.0555785123966942,0.123140495867769,0.102892561983471,0.186363636363636,0.0145013317549571,0.0351742274819198,0.153118040089087,0.999949667872014,0.511505588428665,0.488494411571335,71181,1967,235000,0.970247933884298,0.000797919762258544,0.770137052176004,"medium","medium","medium"
"17031030900",3053,0.691123485096626,0.061578774975434,0.0976089092695709,0.106452669505405,0.173272191287258,0.0360655737704918,0.0756130790190736,0.11138014527845,0.99992413372256,0.444141689373297,0.555858310626703,88796,0,391500,0.956763838847036,0.00107123473541384,0.685577307231322,"high","medium","old"
"17031030500",6870,0.617612809315866,0.0512372634643377,0.0682678311499272,0.197525473071325,0.191266375545852,0.00985626283367557,0.0402318445277872,0.080564263322884,0.999972532543325,0.513126491646778,0.486873508353222,101607,0,340400,0.934643377001456,0.00119138755980861,0.651090909090909,"medium","high","old"
"17031030200",5863,0.676104383421457,0.0402524304963329,0.0320654954801296,0.220535561998977,0.17960088691796,0.0423306772908367,0.0412494993992791,0.0272691858200234,0.999989079339999,0.437725270324389,0.562274729675611,77226,0,359200,0.968957871396896,0.000964154103852596,0.632112924569916,"high","medium","old"
"17031020702",8674,0.439589578049343,0.0607562831450311,0.208669587272308,0.280378141572516,0.416762739220659,0.0980810234541578,0.27455919395466,0.0348460291734198,0.999985371318463,0.393786733837112,0.606213266162888,53350,1953,161400,0.989393590039198,0.000970467969104952,0.262872628726287,"low","medium","medium"
"17031020601",6112,0.655759162303665,0.0662630890052356,0.173429319371728,0.0433573298429319,0.396269633507853,0.0776422764227642,0.297297297297297,0.0885036496350365,0.999955705841121,0.490990990990991,0.509009009009009,54544,1950,280400,0.93880890052356,0.000783484096877736,0.572073342736248,"medium","medium","old"
"17031800900",4357,0.618774386045444,0.0204268992425981,0.275648381914161,0.0532476474638513,0.327977966490705,0.0434376459598319,0.0285540704738761,0.0931129476584022,0.999943433972886,0.912515188335358,0.0874848116646416,115385,1957,432800,0.968097314666055,0.000987682481751825,0.764333333333333,"high","high","medium"
"17031800100",2275,0.915604395604396,0,0.0421978021978022,0.0197802197802198,0.0606593406593407,0.0133630289532294,0.00355871886120996,0.0935483870967742,0.999889041509954,0.966785290628707,0.033214709371293,250001,1950,1538100,0.977582417582418,0.000942783945345858,0.847581179589132,"high","high","old"
"17031231200",6021,0.0154459392127554,0.66052150805514,0,0.261750539777446,0.117754525826275,0.123076923076923,0.454126089185033,0.124326750448833,0.999936279431944,0.408508457201435,0.591491542798565,32448,0,160100,0.937717987045341,0.000762071992976295,0.143247269116187,"low","low","old"
"17031836600",2044,0.195205479452055,0.25293542074364,0.0161448140900196,0.535714285714286,0.168786692759296,0.0481832543443918,0.328217237308146,0.197916666666667,0.999766386740603,0.276269185360094,0.723730814639906,53406,0,180800,1,0.00110504634397528,0.37758505670447,"medium","medium","old"
"17031230600",7302,0.102848534648042,0.17282936181868,0,0.71007943029307,0.242125445083539,0.186091794158554,0.324506749740395,0.078909612625538,0.999959030955465,0.234683281412253,0.765316718587747,43528,0,224100,0.985757326759792,0.00100054794520548,0.154050464807437,"medium","low","old"
"17031230400",2325,0.144086021505376,0.00645161290322581,0.00989247311827957,0.835268817204301,0.312688172043011,0.0318142734307825,0.150273224043716,0.0687022900763359,0.999906153220509,0.512295081967213,0.487704918032787,57200,0,288600,0.995698924731183,0.000916735366859027,0.227729403884796,"medium","medium","old"
"17031830600",4923,0.344911639244363,0.209222019094048,0.0690635791184237,0.315051797684339,0.208815762746293,0.0724992352401346,0.201254826254826,0.0708520179372197,0.999965806179905,0.226833976833977,0.773166023166023,53177,1940,215400,0.938249035141174,0.000830111524163569,0.430884904569115,"medium","medium","old"
"17031210100",4356,0.492424242424242,0.0231864095500459,0.0502754820936639,0.390266299357208,0.176078971533517,0.0220854453294714,0.0492492492492492,0.052901023890785,0.999968228622731,0.493693693693694,0.506306306306306,89972,1945,358800,0.956152433425161,0.00111970802919708,0.538438347904733,"high","high","old"
"17031200200",4768,0.106124161073826,0.054739932885906,0,0.83619966442953,0.405830536912752,0.033117350611951,0.166666666666667,0.070718877849211,0.999955524696474,0.537735849056604,0.462264150943396,57143,0,301400,0.997063758389262,0.00114292134831461,0.184021543985637,"medium","medium","old"
"17031831500",3838,0.326211568525274,0.0648775403856175,0.0237102657634184,0.569306930693069,0.410369984366858,0.0530451866404715,0.219198790627362,0.0900962861072902,0.999931904647794,0.597883597883598,0.402116402116402,59240,1957,238900,0.984106305367379,0.000925740090316106,0.24398249452954,"medium","medium","medium"
"17031191100",6701,0.0690941650499925,0.0271601253544247,0.0240262647366065,0.854051634084465,0.317116848231607,0.0388415672913118,0.250793650793651,0.0965583173996176,0.999948913553133,0.482010582010582,0.517989417989418,52550,0,237300,0.974332189225489,0.00102569528415961,0.0870026525198939,"medium","medium","old"
"17031190601",4802,0.0943356934610579,0.0162432319866722,0,0.88942107455227,0.492294877134527,0.112655449890271,0.222426470588235,0.088013411567477,0.99991911186367,0.636029411764706,0.363970588235294,59388,1955,240000,1,0.00101510700797314,0.117516629711752,"medium","medium","medium"
"17031190602",5532,0.203362255965293,0.0303687635574837,0.00361532899493854,0.759942154736081,0.321221981200289,0.0654241156333207,0.117570215545395,0.0670322973796466,0.999956218574389,0.7472240365774,0.2527759634226,61328,0,245300,0.997288503253796,0.00118829113924051,0.191471335780853,"medium","medium","old"
"17031190200",6162,0.131775397598182,0.0530671859785784,0.0309964297306069,0.764524505030834,0.383154819863681,0.0496108949416342,0.275668948350965,0.0651541593949971,0.999959457673993,0.522090852520224,0.477909147479776,63378,0,283000,0.980363518338202,0.000989667420083952,0.220205209155485,"medium","medium","old"
"17031170900",2000,0.424,0.007,0.022,0.547,0.4185,0.152497808939527,0.120879120879121,0.0700729927007299,0.999890007401585,0.631083202511774,0.368916797488226,63977,1957,252800,1,0.000899335232668566,0.246743295019157,"medium","medium","medium"
"17031170700",3309,0.646418857660925,0,0.0326382592928377,0.318827440314294,0.24357812027803,0.025909592061742,0.0551537070524412,0.0635055038103302,0.999942584215559,0.767631103074141,0.232368896925859,71786,1952,251900,0.997884557268057,0.000920487521764364,0.207725321888412,"medium","medium","medium"
"17031170200",3789,0.515175508049617,0.0013196093956189,0.0356294536817102,0.441805225653207,0.288994457640538,0.0448521916411825,0.162594776748104,0.0411954765751212,0.999965295663931,0.910699241786015,0.0893007582139848,79261,0,268000,0.993929796780153,0.000871111111111111,0.315586419753086,"medium","medium","old"
"17031170100",2038,0.805201177625123,0.0490677134445535,0.0745829244357213,0.0711481844946026,0.33954857703631,0.0821566110397946,0.0393700787401575,0.0370682392586352,0.999967570396194,0.792650918635171,0.207349081364829,40313,1995,208500,1,0.00101782178217822,0.228822882288229,"medium","low","medium"
"17031161200",3116,0.316752246469833,0.0231065468549422,0.034017971758665,0.598523748395379,0.242939666238768,0.0665124349334876,0.142857142857143,0.0628930817610063,0.999939703461624,0.583892617449664,0.416107382550336,57574,0,272000,0.972400513478819,0.000951158422041327,0.292738970588235,"medium","medium","old"
"17031160400",4799,0.538653886226297,0.0254219629089394,0.0948114190456345,0.300479266513857,0.226088768493436,0.0616621983914209,0.0895908855515277,0.106018518518519,0.999945099586713,0.536509580528224,0.463490419471776,55673,0,406900,0.959366534694728,0.000990460389879718,0.458528520253513,"high","medium","old"
"17031222200",2203,0.750794371311847,0.0367680435769405,0.0694507489786655,0.101679527916478,0.0903313663186564,0.0396158463385354,0.0240722166499498,0.0167652859960552,0.999983184549568,0.474423269809428,0.525576730190572,157277,0,692400,0.958692691783931,0.000878090366581415,0.85174585002862,"high","high","old"
"17031832200",3031,0.774661827779611,0.00362916529198284,0.0379412735070934,0.122731771692511,0.0870999670075882,0.0183609493954322,0.0208053691275168,0.0858895705521472,0.999942359315558,0.361744966442953,0.638255033557047,125833,0,662200,0.938964038271198,0.000979751796211626,0.796456530696333,"high","high","old"
"17031221400",3169,0.505522246765541,0.0287156831808141,0.0653202903124014,0.304828021457873,0.136951719785421,0.0276923076923077,0.0638586956521739,0.102985984156002,0.999930041590068,0.317934782608696,0.682065217391304,84063,1953,453700,0.90438624171663,0.00116757865937072,0.654632448890822,"high","medium","medium"
"17031221000",2754,0.351125635439361,0.0533769063180828,0.0265068990559187,0.55519244734931,0.180464778503994,0.0435884439939179,0.0869971936389149,0.0680034873583261,0.999936389932973,0.298409728718428,0.701590271281572,83295,0,328000,0.986201888162673,0.000753023551877785,0.376283367556468,"medium","medium","old"
"17031830900",2754,0.678286129266521,0.0268700072621641,0.0551924473493101,0.227668845315904,0.153957879448076,0.0089622641509434,0.020684168655529,0.0897900072411296,0.999928573115497,0.435163086714399,0.564836913285601,113359,1944,373700,0.9880174291939,0.00110872894333844,0.705989940557842,"high","high","old"
"17031210900",3127,0.536616565398145,0.0626798848736808,0.0575631595778702,0.297089862488008,0.204029421170451,0.0323167956304051,0.0890718562874251,0.0709318497913769,0.999946910116746,0.559880239520958,0.440119760479042,92414,1948,417100,0.953949472337704,0.00139800613496933,0.554393305439331,"high","high","old"
"17031210602",4022,0.306812531079065,0.00248632521133764,0.0549477871705619,0.580308304326206,0.282197911486822,0.038150289017341,0.121482498284146,0.13582443653618,0.999906786701515,0.479066575154427,0.520933424845573,82420,0,376600,0.944554947787171,0.0008611753817677,0.414634146341463,"high","medium","old"
"17031831100",7780,0.374035989717224,0.00976863753213368,0.0429305912596401,0.569408740359897,0.345629820051414,0.0469554030874786,0.104338070306657,0.104187604690117,0.999961038315121,0.464472700074794,0.535527299925206,76754,0,333900,0.996143958868895,0.000936286709805874,0.358176943699732,"medium","medium","old"
"17031243400",2982,0.509389671361502,0.0563380281690141,0.0687458081824279,0.303152246814219,0.152246814218645,0.0507685142058687,0.143830431491294,0.116387959866221,0.999911901812038,0.435276305828917,0.564723694171082,88625,1951,402500,0.937625754527163,0.00133516053249804,0.68485102811582,"high","medium","medium"
"17031243300",2261,0.690402476780186,0.0455550641309155,0.0464396284829721,0.20875718708536,0.154798761609907,0,0.0988467874794069,0.087218045112782,0.999928161631375,0.378088962108731,0.621911037891269,112500,1953,491200,0.991154356479434,0.00131897435897436,0.703509690937664,"high","high","medium"
"17031240300",1282,0.787051482059282,0.047581903276131,0.0795631825273011,0.0241809672386895,0.100624024960998,0.0102857142857143,0.0490196078431373,0.136812411847673,0.999776500270734,0.51797385620915,0.48202614379085,126167,0,718800,0.938377535101404,0.00122569444444444,0.858575727181545,"high","high","old"
"17031231500",5699,0.0157922442533778,0.725565888752413,0,0.253377785576417,0.0535181610808914,0.248833592534992,0.432668935342732,0.188560157790927,0.999908340848553,0.350024307243559,0.649975692756441,27037,0,165600,0.994735918582207,0.000929248476641842,0.139643134212568,"low","low","old"
"17031062200",3252,0.797047970479705,0.00738007380073801,0.0310578105781058,0.158671586715867,0.0894833948339483,0.0265911072362685,0.0708103855232101,0.0729394602479942,0.999942615834242,0.490165224232887,0.509834775767113,153646,1985,602300,0.994157441574416,0.00143960990247562,0.879248658318426,"high","high","medium"
"17031061100",1431,0.815513626834382,0.039832285115304,0.037037037037037,0.102026554856744,0.0482180293501048,0.0032546786004882,0.00584795321637427,0.110533159947984,0.999838427922696,0.35672514619883,0.64327485380117,103889,1955,544500,0.994409503843466,0.00139698492462312,0.877682403433476,"high","high","medium"
"17031160300",3672,0.596132897603486,0.0656318082788671,0.146786492374728,0.137799564270152,0.308551198257081,0.073870831574504,0.0927892677473449,0.113917781079742,0.999936327262369,0.475684740078256,0.524315259921744,66338,1949,186400,0.946350762527233,0.000825049701789264,0.492448191078328,"medium","medium","old"
"17031151200",3890,0.467609254498715,0.00565552699228792,0.0544987146529563,0.462467866323907,0.42879177377892,0.0570120682480233,0.0581761006289308,0.0570793180133432,0.999955128335873,0.764937106918239,0.235062893081761,79038,1951,306100,0.990231362467866,0.00108355650776647,0.263720598717035,"medium","medium","medium"
"17031150402",3540,0.585310734463277,0.0449152542372881,0.0271186440677966,0.335593220338983,0.354237288135593,0.0685829551185073,0.0770491803278689,0.12167026637869,0.999900280218487,0.689344262295082,0.310655737704918,85568,0,330800,0.992937853107345,0.000956882255389718,0.334146341463415,"medium","medium","old"
"17031150200",7856,0.555498981670061,0.0100560081466395,0.0701374745417515,0.308553971486762,0.255473523421589,0.0656284760845384,0.100550964187328,0.137511137511137,0.999952649922057,0.544421487603306,0.455578512396694,69881,0,347800,0.944246435845214,0.000876731963688485,0.482155113246397,"medium","medium","old"
"17031140800",6218,0.547121260855581,0.00514634930845931,0.0681891283370859,0.353811514956578,0.289642972016726,0.098892608807623,0.142460317460317,0.119189094722125,0.999952704977115,0.41031746031746,0.58968253968254,73704,0,558900,0.974268253457703,0.00108727760993622,0.629468377635197,"high","medium","old"
"17031140200",6634,0.321073258968948,0.0577328911667169,0.156768164003618,0.455833584564365,0.378203195658728,0.0358500814774579,0.222980062959077,0.0876017233125898,0.99995404108225,0.297481636935992,0.702518363064008,65202,0,222500,0.991407898703648,0.00096388395500296,0.389473684210526,"medium","medium","old"
"17031130200",1658,0.482509047044632,0.00904704463208685,0.145958986731001,0.284680337756333,0.314234016887817,0.0220492866407263,0.068870523415978,0.033288948069241,0.99995414955681,0.787878787878788,0.212121212121212,93000,1992,285100,0.922195416164053,0.000823982398239824,0.554567502021019,"medium","high","medium"
"17031120300",6826,0.768678581892763,0.00102549077058306,0.0920011719894521,0.103135071784354,0.198359214767067,0.0349985043374215,0.0226910828025478,0,1,0.974522292993631,0.0254777070063694,135395,1952,466500,0.964840316437152,0.000907769703745109,0.612104825291181,"high","high","medium"
"17031060900",6815,0.800586940572267,0.0258253851797506,0.0517975055025679,0.0999266324284666,0.161555392516508,0.0573029645697758,0.0230553759965525,0.0791666666666667,0.999982942185681,0.439991381167852,0.560008618832148,67257,1963,212600,0.978136463683052,0.000933333333333333,0.801771871539313,"medium","medium","medium"
"17031051400",2220,0.667117117117117,0.0711711711711712,0.106756756756757,0.127927927927928,0.126576576576577,0.0412912912912913,0.0517435320584927,0.271908271908272,0.999694234947288,0.613048368953881,0.386951631046119,129531,1945,467000,0.972972972972973,0.000976847729296527,0.687628161312372,"high","high","old"
"17031051300",2933,0.702011592226389,0.0634162973065121,0.0214797136038186,0.15035799522673,0.0681895669962496,0.0462765957446808,0.0284629981024668,0.0504504504504504,0.999952136588501,0.742884250474383,0.257115749525617,192083,1993,598200,0.93726559836345,0.00112382331643736,0.832135523613963,"high","high","medium"
"17031050800",1527,0.677799607072692,0.0347085789129011,0.0438768827766863,0.201047806155861,0.113294040602489,0.0303383897316219,0.0282485875706215,0.119402985074627,0.99977518617395,0.448210922787194,0.551789077212806,146750,1951,812500,0.95743287491814,0.00122919708029197,0.726603575184017,"high","high","medium"
"17031050200",5594,0.728280300321773,0.0319985698963175,0.0398641401501609,0.144082946013586,0.099034680014301,0.0399375975039002,0.0819348469891412,0.10905892700088,0.999946173219788,0.678183613030602,0.321816386969398,113984,0,613900,0.944225956381838,0.000915753424657534,0.741302641904264,"high","high","old"
"17031040700",3320,0.79578313253012,0.0192771084337349,0.0602409638554217,0.0897590361445783,0.143975903614458,0.0480559196155526,0.0686586141131596,0.0608955223880597,0.999961288515555,0.453273998728544,0.546726001271456,96791,0,368300,0.965060240963855,0.000906950028719127,0.753176742395071,"high","high","old"
"17031040402",4796,0.790658882402002,0.01209341117598,0.0437864887406172,0.112385321100917,0.073394495412844,0.0647042488197723,0.0474802165764265,0.0929353985644125,0.999961294543333,0.319033735943357,0.680966264056643,89125,1944,436600,0.958924103419516,0.00102192242833052,0.804642166344294,"high","medium","old"
"17031040201",6875,0.651636363636364,0.0133818181818182,0.0836363636363636,0.216872727272727,0.168290909090909,0.0422386483632524,0.0563380281690141,0.0298697171909755,0.999990216369159,0.388797903701277,0.611202096298723,86557,0,371100,0.965527272727273,0.00102324896998234,0.626813590449954,"high","medium","old"
"17031803608",7396,0.713628988642509,0.0905895078420768,0.0701730665224446,0.107490535424554,0.19835045970795,0.0642201834862385,0.0980210265924552,0.0429121041728322,0.999986731127156,0.478045763760049,0.521954236239951,85962,1978,403100,0.981882098431585,0.000880976602238047,0.560838346594217,"high","medium","medium"
"17031803605",6507,0.67035500230521,0.0880590133702167,0.117104656523744,0.112955278930383,0.266021207929922,0.0542758803283029,0.149353194825559,0.0326128175957527,0.999987215836665,0.723245785966288,0.276754214033712,78107,1975,326700,0.988473951129553,0.00083969465648855,0.485315559258488,"medium","medium","medium"
"17031803500",5532,0.936370209689082,0.0046999276934201,0.0274765003615329,0.0274765003615329,0.084237165582068,0.0662471016893011,0.01497277676951,0.0354485776805252,0.999983916512004,0.83983666061706,0.16016333938294,125316,1962,398200,0.996023138105568,0.000987782968020122,0.667892156862745,"high","high","medium"
"17031803300",5635,0.792546583850932,0.00567879325643301,0.0945874001774623,0.0997338065661047,0.213842058562555,0.0255754475703325,0.111224143777552,0.123625557206538,0.999958080578198,0.592743302814513,0.407256697185487,111550,1977,316900,0.992546583850932,0.000888404825737265,0.642857142857143,"medium","high","medium"
"17031803013",5486,0.78800583302953,0.004374772147284,0.030623405030988,0.0960627050674444,0.36146554866934,0.0100882723833544,0.0760034158838599,0.0155527532576713,0.999993359244246,0.861229718189582,0.138770281810418,91094,1976,244300,0.919066715275246,0.000955096222380613,0.501550942495824,"medium","high","medium"
"17031803007",5396,0.749814677538918,0.0198295033358043,0.118235730170497,0.106189770200148,0.235174203113417,0.0431189363995688,0.0556586270871985,0.0204452521581099,0.999990517134379,0.788961038961039,0.211038961038961,90833,1979,326400,0.994069681245367,0.000984553144538433,0.529232333502796,"medium","high","medium"
"17031802900",5820,0.861168384879725,0.00223367697594502,0.0365979381443299,0.0805841924398625,0.0833333333333333,0.0399299474605954,0,0.0158425348055689,0.999992271993964,0.955121951219512,0.0448780487804878,133602,1965,435300,0.980584192439863,0.000935483870967742,0.639459188783175,"high","high","medium"
"17031802701",6542,0.610975236930602,0.013451543870376,0.179761540813207,0.181595842250076,0.404157749923571,0.0543789353176875,0.0891043397968606,0,1,0.846260387811634,0.153739612188366,93902,1968,352500,0.985784163864262,0.00101044867854948,0.355146406388642,"medium","high","medium"
"17031802605",6946,0.691909012381227,0.0385833573279585,0.217679239850274,0.0495249064209617,0.352145119493234,0.0496436470877365,0.0313945803040317,0.0319897632757518,0.999989428478158,0.745869134170522,0.254130865829478,99189,1982,352400,0.99769651598042,0.00109090909090909,0.512920353982301,"medium","high","medium"
"17031804709",7485,0.434602538410154,0.025250501002004,0.257849031396126,0.257849031396126,0.384903139612558,0.0411361410381978,0.0851678094550704,0.158006684898207,0.999942981712152,0.495849873691808,0.504150126308192,82717,1972,231800,0.975551102204409,0.000921694480102696,0.411681772406848,"medium","medium","medium"
"17031804713",5045,0.38394449950446,0.0461843409316155,0.454509415262636,0.0929633300297324,0.474132804757185,0.0405742821473159,0.0584958217270195,0.0540184453227932,0.999974922427729,0.324512534818941,0.675487465181059,86307,1976,252600,0.977601585728444,0.000910984848484848,0.646714922048998,"medium","medium","medium"
"17031804705",4707,0.389632462290206,0.0926280008497982,0.248565965583174,0.225833864457191,0.30932653494795,0.0201062215477997,0.0783242258652095,0.0137724550898204,0.999991637923544,0.670916818457802,0.329083181542198,71696,1975,212200,0.95666029318037,0.00085387948011028,0.418302723242559,"medium","medium","medium"
"17031804701",5790,0.378756476683938,0.090846286701209,0.217962003454231,0.296373056994819,0.379447322970639,0.0514800514800515,0.0782754290498116,0.0140321914981428,0.999994126367066,0.546672247802428,0.453327752197572,74904,1976,167800,0.983937823834197,0.000860539845758355,0.463338906138046,"low","medium","medium"
"17031804606",6669,0.752586594691858,0.0268406057879742,0.16374269005848,0.0449842555105713,0.193132403658719,0.0321708569883752,0.0246365105008078,0,1,0.958804523424879,0.0411954765751212,123250,1981,347600,0.988154146048883,0.00101237175618588,0.453614339176679,"medium","high","medium"
"17031804603",6306,0.389628924833492,0.0980019029495718,0.237551538217571,0.241357437361243,0.422771963209642,0.028372591006424,0.0566582461205341,0.0208480565371025,0.999992476398526,0.323348971490437,0.676651028509563,68217,1976,219100,0.966539803361878,0.00102830492119653,0.462224203253844,"medium","medium","medium"
"17031804403",6865,0.400873998543336,0.0335032774945375,0.116824471959213,0.426656955571741,0.262636562272396,0.0871523178807947,0.108798114689709,0.0761973875181422,0.999970072620923,0.687352710133543,0.312647289866457,83837,1985,216400,0.977858703568827,0.00100848449385606,0.32326220156349,"medium","medium","medium"
"17031804406",6064,0.24835092348285,0.0577176781002639,0.0837730870712401,0.577011873350924,0.339215039577836,0.0425327790214263,0.127212389380531,0.0798982188295165,0.999955810460086,0.845685840707965,0.154314159292035,73125,1990,169900,0.966853562005277,0.00101797004991681,0.208092485549133,"low","medium","medium"
"17031804109",3103,0.786658072832742,0.014824363519175,0.0992587818240413,0.0389945214308733,0.139542378343538,0.0061898211829436,0.0392506690454951,0.0595637583892617,0.999946868337495,0.862622658340767,0.137377341659233,143250,1970,440000,0.939735739606832,0.00114740484429066,0.56964842011571,"high","high","medium"
"17031804106",7187,0.694587449561709,0.00166968136913872,0.232642270766662,0.0275497425907889,0.193961319048282,0.0628637951105937,0.0404996214988645,0.0283192350128724,0.999989281252284,0.847464042392127,0.152535957607873,121636,1982,363100,0.956449144288298,0.000844712525667351,0.584522613065327,"high","high","medium"
"17031770800",5154,0.740589833139309,0.0114474194800155,0.0663562281722934,0.181606519208382,0.444315095071789,0.0615916955017301,0.109215017064846,0.0940812720848057,0.999954131176652,0.690394929302779,0.309605070697221,66403,1963,228800,1,0.00120539152759949,0.295036533131771,"medium","medium","medium"
"17031770300",6870,0.726200873362445,0.0611353711790393,0.0636098981077147,0.13056768558952,0.192285298398836,0.0310116929334011,0.0367210682492582,0.0642138146476918,0.999976182386785,0.666172106824926,0.333827893175074,73554,1963,258200,0.981513828238719,0.000944523068213982,0.307551766138855,"medium","medium","medium"
"17031836400",3726,0.0327428878153516,0.851315083199141,0.0072463768115942,0.0877616747181965,0.0751476113794954,0.224385245901639,0.346501128668172,0.0629296668429402,0.999964487905147,0.326749435665914,0.673250564334086,27625,1990,339000,0.979066022544283,0.000664135774899509,0.407949790794979,"medium","low","medium"
"17031250700",5430,0,0.747697974217311,0,0.201289134438306,0.0786372007366482,0.0814320814320814,0.414510166358595,0.131621187800963,0.999939180599501,0.327171903881701,0.672828096118299,45970,0,212300,0.948987108655617,0.000880845167994458,0.1500928135773,"medium","medium","old"
"17031250500",7141,0.336507491947906,0.257947066237222,0.0119030948046492,0.382719507071839,0.125612659291416,0.0684899485741,0.0725233644859813,0.0944482058226134,0.999964693506098,0.775700934579439,0.224299065420561,104809,1948,279400,0.989077160061616,0.000880200105318589,0.452005999250094,"medium","high","old"
"17031801902",3860,0.816062176165803,0,0.0883419689119171,0.0735751295336788,0.12720207253886,0.00164203612479475,0.013039934800326,0.0576036866359447,0.999953055434021,0.940505297473513,0.0594947025264874,157969,1967,732500,0.977979274611399,0.0010989668297988,0.735817805383023,"high","high","medium"
"17031801702",4575,0.834972677595628,0.00546448087431694,0.092896174863388,0.0522404371584699,0.125027322404372,0.0304796055580457,0.00442477876106195,0.0970319634703196,0.999938668765879,0.891908975979772,0.108091024020228,151154,1970,556400,0.985573770491803,0.000895194697597349,0.762705923589204,"high","high","medium"
"17031801607",5582,0.590827660336797,0.00967395198853458,0.333572196345396,0.0419204586169832,0.362056610533859,0.016767748840528,0.0217181467181467,0.0429561200923788,0.999979268711604,0.733590733590734,0.266409266409266,115000,1978,583800,0.975994267287711,0.000942916811695092,0.684441009788769,"high","high","medium"
"17031801500",5814,0.860165118679051,0.0605435156518748,0.0569315445476436,0.0128998968008256,0.128310973512212,0.0384615384615385,0.0405965202982601,0.12281976744186,0.999949124474349,0.782104391052196,0.217895608947804,103856,1968,478300,0.990540075679395,0.00086645264847512,0.644889597086274,"high","high","medium"
"17031801000",5158,0.784024815820085,0.00174486234974796,0.17157813105855,0.0100814269096549,0.172353625436216,0.0555102040816327,0.0283062645011601,0.0460380699424524,0.999978637082861,0.840371229698376,0.159628770301624,128229,1961,601900,0.967429236138038,0.000979278587874137,0.805540613232921,"high","high","medium"
"17031110400",4480,0.583258928571429,0.0120535714285714,0.09375,0.240625,0.286830357142857,0.0440444274224435,0.0584307178631052,0.116084604033448,0.999935405060904,0.639955481357819,0.360044518642181,68080,1943,334200,0.9296875,0.00087683284457478,0.410987691383969,"medium","medium","old"
"17031110300",5305,0.621489161168709,0.00226201696512724,0.0857681432610745,0.268049010367578,0.266729500471254,0.0412710007304602,0.109307359307359,0.0566615620214395,0.999969339921659,0.844155844155844,0.155844155844156,85263,1953,304400,0.977568331762488,0.00103725038402458,0.35037674919268,"medium","medium","medium"
"17031110100",5686,0.580021104467112,0.0124868097080549,0.150545198733732,0.227400633134013,0.166021807949349,0.0253362527369409,0.0555041628122109,0.0912147961328289,0.99995781177246,0.662349676225717,0.337650323774283,82538,1950,357700,0.970453746042912,0.000895333333333333,0.439681724845996,"medium","medium","old"
"17031100500",5620,0.769928825622776,0.000177935943060498,0.0466192170818505,0.10355871886121,0.196797153024911,0.0138680659670165,0.0672451193058568,0.025781910397295,0.999988814914523,0.860737527114967,0.139262472885033,87443,1954,301900,0.920284697508897,0.000889075630252101,0.444950645406226,"medium","medium","medium"
"17031100200",6755,0.740340488527017,0.0248704663212435,0.0410066617320503,0.169948186528497,0.118726868985936,0.0481865284974093,0.0531682447195921,0.0199857244825125,0.999992721930435,0.716314639475601,0.283685360524399,96831,1952,331100,0.976165803108808,0.0010727216937711,0.479298388741587,"medium","high","medium"
"17031070600",3305,0.886232980332829,0.00302571860816944,0.0586989409984871,0.0462934947049924,0.205446293494705,0.00936524453694069,0.00505902192242833,0.154668567355666,0.999869605059564,0.634064080944351,0.365935919055649,216667,1990,798700,0.994251134644478,0.00110241730279898,0.914565826330532,"high","high","medium"
"17031070400",3277,0.850778150747635,0.0390601159597193,0.0613365883429966,0.026853829722307,0.0872749465974977,0,0.169151004536617,0.0362273579013117,0.999976522030229,0.475048606610499,0.524951393389501,182750,1969,835900,0.978028684772658,0.00100796568627451,0.802575107296137,"high","high","medium"
"17031835000",5496,0.0183770014556041,0.417212518195051,0.0231077147016012,0.541302765647744,0.239082969432314,0.238636363636364,0.354957805907173,0.0919540229885057,0.999951503394762,0.378164556962025,0.621835443037975,31449,1941,153700,1,0.000897790055248619,0.052128583840139,"low","low","old"
"17031640700",3275,0.289770992366412,0.0161832061068702,0,0.694045801526718,0.243358778625954,0.0789667896678967,0.173374613003096,0.0700575815738964,0.999927706380952,0.779153766769866,0.220846233230134,56927,1948,184000,1,0.0011560236998025,0.180835380835381,"medium","medium","old"
"17031640500",3864,0.510093167701863,0.0067287784679089,0.0150103519668737,0.468167701863354,0.239906832298137,0.0299572039942939,0.0748344370860927,0.026434558349452,0.999982493976434,0.759602649006623,0.240397350993377,65474,1970,243200,1,0.000970423253442121,0.263658794501234,"medium","medium","medium"
"17031824702",5653,0.526976826463824,0.075358216875995,0,0.344418892623386,0.186272775517424,0.0166950596252129,0.163404255319149,0.0744387554155179,0.999968324937207,0.817021276595745,0.182978723404255,52345,1962,144400,0.946753935963205,0.00115024724229745,0.159486931268151,"low","medium","medium"
"17031813900",6716,0.0789160214413341,0.0413936867182847,0.00402025014889815,0.87447885646218,0.379392495533055,0.0476656872347372,0.241792929292929,0.0715123094958968,0.999954855378094,0.494318181818182,0.505681818181818,47115,0,163700,0.998808814770697,0.000972393538913363,0.0630674846625767,"low","medium","old"
"17031818300",6122,0.126755962103888,0.459653707938582,0.0104540999673309,0.391048676902973,0.194544266579549,0.0458530006743088,0.176889375684556,0.0865432716358179,0.999952607245284,0.708652792990142,0.291347207009858,62614,1958,188000,0.987912446912774,0.00094968152866242,0.191442542787286,"medium","medium","medium"
"17031817700",5379,0.0148726529094627,0.794943298010783,0.00576315300241681,0.18200408997955,0.106897192786763,0.0431001890359168,0.214125560538117,0.0545839957604663,0.999969404525932,0.840807174887892,0.159192825112108,67250,0,158800,0.997583193902212,0.000912193387842161,0.136271529888551,"low","medium","old"
"17031817400",4303,0.107366953288403,0.203114106437369,0.00348594004183128,0.667208924006507,0.287241459446897,0.0764305722288916,0.296581196581197,0.0594855305466238,0.999949160251011,0.706837606837607,0.293162393162393,60303,0,183400,0.981175923774111,0.00108478682170543,0.152967194987099,"medium","medium","old"
"17031817200",4192,0.0217080152671756,0.700381679389313,0.00286259541984733,0.252624045801527,0.0927958015267176,0.0923221855864343,0.309250506414585,0.162330316742081,0.999890403426134,0.474679270762998,0.525320729237002,50821,1947,131800,0.977576335877863,0.000849955869373345,0.163567362428843,"low","medium","old"
"17031817000",4946,0.0653052972098666,0.643348160129397,0,0.288718156085726,0.0998786898503841,0.0564482900700453,0.161552911709455,0.104318564217611,0.99993468268603,0.721978710081403,0.278021289918597,55179,1954,160700,0.99737161342499,0.000623235969806367,0.140323584318606,"low","medium","medium"
"17031816600",4653,0.0578121641951429,0.0229959166129379,0.0189125295508274,0.890178379540082,0.363206533419299,0.0696065715520968,0.290524667188724,0.086552217453505,0.999932226819472,0.513703993735317,0.486296006264683,63105,1960,161600,0.98989898989899,0.00102656794425087,0.052437223042836,"low","medium","medium"
"17031816200",4263,0.403471733520995,0.0853858784893268,0.0398780201735867,0.456720619282196,0.262960356556416,0.0857664233576642,0.0459770114942529,0.0411832946635731,0.999975086346862,0.652147610405324,0.347852389594676,66655,1957,262200,0.985456251466104,0.000927215189873418,0.325407166123779,"medium","medium","medium"
"17031816000",3309,0.604110003022061,0.174372922333031,0.066787549108492,0.0785735871864612,0.0652765185856754,0.0333487725798981,0.0393996247654784,0.0632688927943761,0.999960433777684,0.472795497185741,0.527204502814259,89188,0,372100,0.923844061650045,0.00102881667688535,0.67758689572513,"high","medium","old"
"17031815600",4980,0.700200803212851,0.0588353413654618,0.00763052208835341,0.216064257028112,0.0957831325301205,0.039964077233947,0.0848806366047745,0.0723425196850394,0.999961623478286,0.714058355437666,0.285941644562334,56683,1955,254300,0.982730923694779,0.00117467248908297,0.316146140247496,"medium","medium","medium"
"17031815500",8323,0.193680163402619,0.0158596659858224,0.00144178781689295,0.778685570106933,0.210621170251111,0.0665986220974738,0.148292261132728,0.0755395683453237,0.999967342368611,0.768698659749243,0.231301340250757,73549,1953,228800,0.989667187312267,0.000924838112858464,0.184116283968822,"medium","medium","medium"
"17031730202",3055,0.0101472995090016,0.983306055646481,0.00261865793780687,0.00196399345335516,0.00196399345335516,0.169062286105407,0.204020100502513,0.101985559566787,0.999897512454958,0.784924623115578,0.215075376884422,68036,1954,149700,0.998036006546645,0.000759792626728111,0.310313075506446,"low","medium","medium"
"17031720200",3938,0.444641950228542,0.475622143219909,0.005332656170645,0.0485017775520569,0.0345352971051295,0.0678631519910264,0.0314267756128221,0.0473053892215569,0.999970267766985,0.808925204274041,0.191074795725959,94896,0,287600,0.974098527171153,0.000816420664206642,0.462521588946459,"medium","high","old"
"17031711300",1612,0.0297766749379653,0.967741935483871,0.00248138957816377,0,0.0161290322580645,0.235905044510386,0.251177394034537,0.0951704545454545,0.999850618151009,0.342229199372057,0.657770800627943,41250,1954,155800,1,0.00103792667509482,0.17135761589404,"low","low","medium"
"17031711100",2429,0,0.972828324413339,0,0.0242898312062577,0.0312885961300947,0.170754716981132,0.280187573270809,0.179807692307692,0.999789249943931,0.740914419695193,0.259085580304807,52218,0,163800,0.997118155619596,0.00069150417827298,0.250276243093923,"low","medium","old"
"17031710900",2011,0,0.939333664843362,0,0.0482347090999503,0.00745897563401293,0.116586538461538,0.472334682860999,0.174832962138085,0.999764113736243,0.433198380566802,0.566801619433198,30149,1966,165300,0.987568373943312,0.000699915469146238,0.267188859878155,"low","low","medium"
"17031710800",4788,0.00104427736006683,0.989139515455305,0.0087719298245614,0.00104427736006683,0.0329991645781119,0.352144469525959,0.428194297782471,0.183972425678587,0.999902875101703,0.212777191129884,0.787222808870116,22614,1946,142600,1,0.000934545454545455,0.139344262295082,"low","low","old"
"17031700401",6455,0.0353214562354764,0.534004647560031,0.0150271107668474,0.389155693261038,0.188226181254841,0.119538334707337,0.17478813559322,0.0298047276464543,0.999984213846851,0.804555084745763,0.195444915254237,79318,1956,184800,0.973508907823393,0.000957840461025174,0.200548081714001,"medium","medium","medium"
"17031812400",3151,0.794668359251031,0.0450650587115202,0.0418914630276103,0.0320533164074897,0.0796572516661377,0.0683870967741936,0.0103092783505155,0.0439068100358423,0.99995885191813,0.907216494845361,0.0927835051546392,208438,0,667600,0.913678197397652,0.00102897617514488,0.843511450381679,"high","high","old"
"17031812301",4670,0.591434689507495,0.147109207708779,0.09593147751606,0.102355460385439,0.152676659528908,0.0288863549980996,0.00602863602110023,0.13352921971923,0.999949690089723,0.303692539562924,0.696307460437076,88529,1973,217000,0.936830835117773,0.000849504950495049,0.799694189602447,"medium","medium","medium"
"17031811900",5826,0.757123240645383,0.072605561277034,0.0444558874013045,0.0813594232749743,0.115001716443529,0.0232394366197183,0.0319735391400221,0.062047569803516,0.999965796335419,0.88257993384785,0.11742006615215,131371,1946,747900,0.955544112598696,0.000961616161616162,0.749785284855425,"high","high","old"
"17031730700",2394,0.00960735171261487,0.954469507101086,0,0.00668337510442774,0.006265664160401,0.154536390827517,0.342318059299191,0.134189031505251,0.999819184948641,0.796495956873315,0.203504043126685,53263,1951,148800,0.970760233918129,0.000693069306930693,0.206439393939394,"low","medium","medium"
"17031730500",4367,0.00274788184108083,0.976643004350813,0,0.000457980306846806,0.0082436455232425,0.174726277372263,0.174712643678161,0.108149666837519,0.99993784888206,0.818390804597701,0.181609195402299,54554,1953,122300,0.979848866498741,0.000780269058295964,0.285178236397749,"low","medium","medium"
"17031670800",1012,0,0.977272727272727,0,0.0227272727272727,0.00691699604743083,0.202127659574468,0.528662420382166,0.239095315024233,0.999492624195655,0.348195329087049,0.651804670912951,24158,0,133900,1,0.00126905829596413,0.12484700122399,"low","low","old"
"17031670600",972,0.0051440329218107,0.796296296296296,0,0.198559670781893,0.0802469135802469,0.269662921348315,0.530487804878049,0.351778656126482,0.998928653112323,0.588414634146341,0.411585365853659,21452,1941,87700,1,0.00078021978021978,0.0689127105666156,"low","low","old"
"17031661000",5692,0.0156359803232607,0.696240337315531,0,0.226458186929023,0.124033731553057,0.234871406959153,0.324311490978158,0.125051931865393,0.999940624640616,0.528964862298196,0.471035137701804,34674,1950,157400,0.938334504567815,0.000822606468139609,0.116697056525137,"low","low","old"
"17031660500",4481,0.0444097299709886,0.0528899799151975,0.00714126311091274,0.895559027002901,0.355054675295693,0.158859470468432,0.164785553047404,0.0946866485013624,0.999928758538084,0.4477050413845,0.5522949586155,31415,1948,185300,1,0.00108807082945014,0.0805535841022001,"medium","low","old"
"17031827902",4186,0.171285236502628,0.430482560917344,0.129240324892499,0.229096989966555,0.211896798853321,0.113295395757889,0.186586985391766,0.0960384153661465,0.999936233538289,0.594289508632138,0.405710491367862,58625,1964,105700,0.960105112279025,0.000840809146877748,0.186046511627907,"low","medium","medium"
"17031827700",2826,0.0905874026893135,0.723991507430998,0.000707714083510262,0.154635527246992,0.059447983014862,0.137201365187713,0.238866396761134,0.191489361702128,0.999806222413608,0.464574898785425,0.535425101214575,46303,1954,68800,0.969922151450814,0.000913337846987136,0.155222158107328,"low","medium","medium"
"17031826901",2081,0.0283517539644402,0.685247477174435,0,0.286400768861124,0.0980297933685728,0.146641438032167,0.474784747847478,0.227920227920228,0.999719733887326,0.43050430504305,0.56949569495695,21048,1959,67000,1,0.00105024630541872,0.0537974683544304,"low","low","medium"
"17031826100",5307,0.145468249481816,0.630111173921236,0,0.221782551347277,0.107216883361598,0.131663685152057,0.212953876349362,0.184147317854283,0.999909651285387,0.530421982335623,0.469578017664377,44602,1954,90100,0.99736197475033,0.000709729381443299,0.1279103190572,"low","low","medium"
"17031826202",5703,0.114501139751008,0.650008767315448,0,0.228651586884096,0.0636507101525513,0.193105756358768,0.267535070140281,0.109723461195361,0.999945031347773,0.650801603206413,0.349198396793587,41694,1957,94700,0.993161493950552,0.00073396169048343,0.201466369142493,"low","low","medium"
"17031826000",2888,0.163434903047091,0.415512465373961,0,0.409626038781163,0.21398891966759,0.128274616079494,0.196356275303644,0.309090909090909,0.999687252791729,0.571862348178138,0.428137651821862,52750,1947,86300,0.988573407202216,0.00114561664190193,0.047248471372985,"low","medium","old"
"17031823605",4297,0.821968815452641,0.0560856411449849,0.0148941121712823,0.106120549220386,0.0758668838724692,0.0379523389232127,0.0278357689631176,0.0705045278137128,0.999950938713451,0.857341684064022,0.142658315935978,83352,1974,278300,0.999069117989295,0.001058936272161,0.409386776293251,"medium","medium","medium"
"17031825000",4376,0.654707495429616,0.0886654478976234,0.0918647166361974,0.112659963436929,0.167504570383912,0.0392530487804878,0.0571108622620381,0.0208333333333333,0.999988335335767,0.597984322508399,0.402015677491601,67193,1976,170200,0.947897623400366,0.000956191327670988,0.304478509167418,"medium","medium","medium"
"17031823801",5268,0.762908124525437,0.0453682611996963,0.087129840546697,0.0821943811693242,0.154897494305239,0.040234375,0.019672131147541,0.127859477124183,0.999940116243364,0.885714285714286,0.114285714285714,105781,1986,430300,0.977600607441154,0.00090249187432286,0.529918739226791,"high","high","medium"
"17031822900",1966,0.709562563580875,0.0773143438453713,0.0188199389623601,0.155645981688708,0.297558494404883,0.0764444444444444,0.118537200504414,0.0998864926220204,0.999874055595867,0.809583858764187,0.190416141235813,51678,1960,192700,0.961342828077314,0.00113232104121475,0.269125683060109,"medium","medium","medium"
"17031822801",3171,0.570482497634816,0.0504572690003154,0.0589719331441186,0.317565436770735,0.166824345632293,0.0684729064039409,0.0246652572233968,0.0552596537949401,0.999961058842903,0.742071881606765,0.257928118393235,67198,1972,216400,0.997477136549984,0.00124098939929329,0.426748790145183,"medium","medium","medium"
"17031822500",4195,0.737783075089392,0.0746126340882002,0.0171632896305125,0.153277711561383,0.0839094159713945,0.06318407960199,0.0772058823529412,0.0198198198198198,0.999987855650048,0.85906862745098,0.14093137254902,83333,1959,223500,0.982836710369487,0.00106752094627896,0.315423514538559,"medium","medium","medium"
"17031825200",2018,0.463330029732408,0.111000991080278,0.033201189296333,0.383052527254708,0.207135777998018,0.0729253981559095,0.101694915254237,0,1,0.974576271186441,0.0254237288135593,78138,1966,167300,0.990584737363726,0.0010977130977131,0.17831004657352,"low","medium","medium"
"17031821900",5012,0.660614525139665,0.142657621707901,0.0341181165203512,0.136073423782921,0.0849960095770152,0.0358744394618834,0.0752427184466019,0.0636363636363636,0.999961387192683,0.882281553398058,0.117718446601942,86121,1956,201800,0.973463687150838,0.000863197026022305,0.35081001472754,"medium","medium","medium"
"17031821102",4593,0.39168299586327,0.0095797953407359,0.0363596777705204,0.513825386457653,0.287829305464838,0.0559284116331096,0.131212723658052,0.0277061855670103,0.999981639710488,0.85222001325381,0.14777998674619,72074,1959,221900,0.951447855432179,0.00113132250580046,0.217262881522809,"medium","medium","medium"
"17031820901",4986,0.511231448054553,0.0144404332129964,0.0196550340954673,0.428399518652226,0.304853590052146,0.0454176804541768,0.208839779005525,0.0784114052953157,0.999956680658251,0.679558011049724,0.320441988950276,60500,1968,174700,0.973726434015243,0.000962219598583235,0.108214610488027,"medium","medium","medium"
"17031820700",6607,0.364007870440442,0.00484334796428031,0.00378386559709399,0.617072801574088,0.190555471469653,0.0338541666666667,0.10371650821089,0.106218617226728,0.999954099506595,0.800777873811582,0.199222126188418,67246,1956,184500,0.989707885575904,0.00107180934462214,0.134459311252468,"medium","medium","medium"
"17031820104",4106,0.709206039941549,0.04164637116415,0.011690209449586,0.228446176327326,0.151242084754019,0.0713994288045696,0.0716400236826525,0.024263431542461,0.99998563464595,0.688573120189461,0.311426879810539,66023,1971,295000,0.990988796882611,0.000949667616334283,0.404172560113154,"medium","medium","medium"
"17031820000",1965,0.738422391857506,0.00661577608142494,0.185241730279898,0.0300254452926209,0.112977099236641,0.0283768444948922,0.0300500834724541,0.0978915662650602,0.999836601717944,0.884808013355593,0.115191986644407,233977,1972,922200,0.96030534351145,0.00105974842767296,0.747717842323651,"high","high","medium"
"17031819700",5531,0.933104321099259,0.00813596094738745,0.00777436268305912,0.0126559392514916,0.033809437714699,0.0387096774193548,0.024515393386545,0.0477741585233442,0.999972763479292,0.968643101482326,0.0313568985176739,136753,1944,604400,0.961670583981197,0.000874915254237288,0.79635079458505,"high","high","old"
"17031819100",3976,0.431086519114688,0.0606136820925553,0,0.494969818913481,0.1579476861167,0.0726760563380282,0.0684855233853007,0.0780287474332649,0.999956556036996,0.501670378619154,0.498329621380846,45114,1958,196300,0.986670020120724,0.00104002052334531,0.195798949737434,"medium","low","medium"
"17031818800",5123,0.78450126878782,0.018153425727113,0.0238141713839547,0.151278547725942,0.0673433535038064,0.0314232902033272,0.0568647540983607,0.094199535962877,0.999951744369721,0.91547131147541,0.0845286885245902,95000,1946,260900,0.977747413624829,0.000955343511450382,0.497213259020241,"medium","high","old"
"17031818600",4869,0.77449168207024,0.0685972478948449,0.0264941466420209,0.125282398849866,0.093037584719655,0.0602224779439969,0.0800214822771214,0.0671342685370741,0.999963946375884,0.724489795918367,0.275510204081633,94589,1957,315100,0.994865475456973,0.000882830626450116,0.607187112763321,"medium","high","medium"
"17031500300",1709,0.461088355763604,0.308952603861908,0.00292568753657109,0.159742539496782,0.131655939145699,0.234101382488479,0.157290470723307,0.127254509018036,0.999853919724863,0.530424799081516,0.469575200918484,44538,0,160100,0.932709186658865,0.000894678492239468,0.423666910153397,"low","low","old"
"17031510300",4805,0.00749219562955255,0.992507804370447,0,0,0,0.295328980411853,0.453268503511615,0.122332859174964,0.999933914222197,0.458670988654781,0.541329011345219,26673,1946,88500,1,0.000595285524568393,0.148900169204738,"low","low","old"
"17031530400",2174,0.0197792088316467,0.941582336706532,0,0.0294388224471021,0.0243790248390064,0.0971428571428571,0.240866035182679,0.104242424242424,0.999858961133952,0.847090663058187,0.152909336941813,71417,1960,135300,0.990800367985281,0.00083150800336984,0.161966738973247,"low","medium","medium"
"17031815300",3360,0.379166666666667,0.0125,0.0285714285714286,0.569940476190476,0.218154761904762,0.0364077669902913,0.102941176470588,0.0817704426106527,0.999933198545567,0.756535947712418,0.243464052287582,80192,0,212700,0.990178571428571,0.000903682719546742,0.423820224719101,"medium","medium","old"
"17031815100",4502,0.155930697467792,0.112394491337183,0.0255442025766326,0.703909373611728,0.366059529098179,0.0847029077117573,0.187845303867403,0.00685871056241427,0.999995263343871,0.647099447513812,0.352900552486188,69435,0,227100,0.997778764993336,0.000906819144430326,0.162305399138788,"medium","medium","old"
"17031815000",3532,0.176670441676104,0.135617214043035,0.0167044167610419,0.65515288788222,0.340883352208381,0.0251153254741158,0.147796024200519,0.0758785942492013,0.999934422110379,0.39066551426102,0.60933448573898,62196,0,232000,0.984144960362401,0.00106308411214953,0.19299674267101,"medium","medium","old"
"17031814300",4700,0.0580851063829787,0.0163829787234043,0.024468085106383,0.901063829787234,0.396170212765957,0.0835969272480795,0.266993693062369,0.0660994764397906,0.999953681559345,0.590749824807288,0.409250175192712,44441,0,182100,1,0.000931771475544595,0.059963436928702,"medium","low","old"
"17031814000",4370,0.0945080091533181,0.0240274599542334,0.0022883295194508,0.878947368421053,0.425400457665904,0.0219831618334892,0.13984962406015,0.106182795698925,0.999920169684893,0.553383458646617,0.446616541353383,58690,0,159700,0.999771167048055,0.00102690166975881,0.125083166999335,"low","medium","old"
"17031843300",1713,0.0863981319322825,0.642732049036778,0.0116754232340922,0.257443082311734,0.123175715119673,0.247883917775091,0.348571428571429,0.245689655172414,0.999298521973491,0.311428571428571,0.688571428571429,52143,1949,163300,0.998248686514886,0.00114392991239049,0.137380191693291,"low","medium","old"
"17031841500",2369,0.0126635711270578,0.951456310679612,0.00464330941325454,0.031236808780076,0.029126213592233,0.231166150670795,0.510050251256281,0.273722627737226,0.999656245559838,0.271356783919598,0.728643216080402,30691,1941,136200,1,0.000696991404011461,0.175792507204611,"low","low","old"
"17031838700",3932,0.0190742624618515,0.838504577822991,0,0.142421159715158,0.0628179043743642,0.168447517284727,0.537037037037037,0.21536066424494,0.999857585982892,0.251322751322751,0.748677248677249,24455,1955,160700,1,0.000622112211221122,0.125987708516242,"low","low","medium"
"17031282800",1627,0.315304240934235,0.140135218192993,0.116779348494161,0.400122925629994,0.231714812538414,0.0701186623516721,0.104347826086957,0.203601108033241,0.999646036451022,0.325217391304348,0.674782608695652,70194,0,254400,0.972341733251383,0.000749462365591398,0.62603305785124,"medium","medium","old"
"17031832900",1926,0.673416407061267,0.0228452751817238,0.279854620976116,0.0145379023883697,0.282450674974039,0.0843653250773994,0,0.182746878547106,0.999746249296669,0.283333333333333,0.716666666666667,63587,1980,543900,0.990654205607477,0.00126321974148061,0.912967798085292,"high","medium","medium"
"17031640400",3361,0.568580779529902,0.0374888426063672,0,0.354358821779232,0.192799761975603,0.0572307692307692,0.144524236983842,0.106655974338412,0.999904267716411,0.916517055655296,0.0834829443447038,65741,1960,246600,0.960428443915501,0.00100297973778308,0.186711522287637,"medium","medium","medium"
"17031640100",1502,0.181757656458056,0.0206391478029294,0,0.7762982689747,0.351531291611185,0.062111801242236,0.163755458515284,0.0614754098360656,0.999865792228475,0.46943231441048,0.53056768558952,42375,1957,225400,0.978695073235686,0.00109483960948396,0.173713235294118,"medium","low","medium"
"17031630900",4401,0.0783912747102931,0.0686207680072711,0.0147693705975915,0.834583049306976,0.282890252215406,0.166281755196305,0.235766423357664,0.0452961672473868,0.999966938197318,0.484671532846715,0.515328467153285,34875,1957,183200,0.996364462622131,0.000814097279472382,0.0312965722801788,"medium","low","medium"
"17031690900",4230,0.00591016548463357,0.934042553191489,0,0.0174940898345154,0,0.212582445459158,0.359794403198172,0.22350332594235,0.999872373043465,0.359794403198172,0.640205596801828,34583,0,184100,0.957446808510638,0.000875831485587583,0.16202203499676,"medium","low","old"
"17031842500",2145,0.000932400932400932,0.987878787878788,0,0.0111888111888112,0,0.337192474674385,0.728637413394919,0.0747863247863248,0.99991364911441,0.0635103926096998,0.9364896073903,19312,1961,72100,1,0.000656370656370656,0.0918580375782881,"low","low","medium"
"17031681000",2307,0.00563502384048548,0.942782834850455,0,0.0151712180320763,0.0264412657130472,0.220302375809935,0.525961538461538,0.308510638297872,0.99970344312755,0.360576923076923,0.639423076923077,18006,1941,95900,0.963589076723017,0.000731981981981982,0.119745222929936,"low","low","old"
"17031680900",3317,0.0201989749773892,0.91377750979801,0.0226107928851372,0.00542659029243292,0.0615013566475731,0.290840415486308,0.507518796992481,0.15093479252166,0.999918945994279,0.130504833512352,0.869495166487648,19167,1970,154400,0.96201386795297,0.000860347728547392,0.07374749498998,"low","low","medium"
"17031834600",1683,0.0148544266191325,0.808080808080808,0,0.177064765300059,0.0314913844325609,0.205923836389281,0.406905055487053,0.300258843830889,0.999629904168577,0.208384710234279,0.791615289765721,27431,1965,112700,1,0.00134075104311544,0.0367591897974494,"low","low","medium"
"17031671600",1693,0.0507974010632014,0.94034258712345,0.00708800945067927,0,0.00826934435912581,0.398505603985056,0.566517189835576,0.31525076765609,0.999528995092679,0.207772795216741,0.792227204783259,19566,0,107800,0.99822799763733,0.00101547619047619,0.0143769968051118,"low","low","old"
"17031671300",1745,0,0.94269340974212,0,0.0573065902578797,0,0.357264957264957,0.482168330955777,0.154402895054282,0.999779787598257,0.524964336661912,0.475035663338088,24750,0,72800,1,0.000802685950413223,0.0252525252525253,"low","low","old"
"17031840400",3153,0.154138915318744,0,0.452584839835078,0.393276244846178,0.470980019029496,0.0586264656616415,0.120213713268032,0.00354924578527063,0.999996839506173,0.717720391807658,0.282279608192342,46813,0,238500,1,0.000960820895522388,0.267234387672344,"medium","medium","old"
"17031809300",4268,0.578725398313027,0.0688847235238988,0.174320524835989,0.123945641986879,0.192361761949391,0.0108459869848156,0.0765822784810127,0.171907756813417,0.99989120945894,0.35,0.65,38151,1957,605800,0.945876288659794,0.00149008168028005,0.677756653992395,"high","low","medium"
"17031809000",3771,0.859718907451604,0.0657650490586051,0.00928135773004508,0.035799522673031,0.0594006894722885,0.003125,0.00646551724137931,0.131628197130381,0.999905448454396,0.798850574712644,0.201149425287356,162917,0,653700,0.970564836913286,0.000824383164005806,0.825986968187045,"high","high","old"
"17031808800",3765,0.807171314741036,0.0180610889774236,0.0881806108897742,0.0467463479415671,0.146613545816733,0.0381944444444444,0.00860927152317881,0.0826245443499393,0.999945284752631,0.751655629139073,0.248344370860927,142237,0,749500,0.960159362549801,0.000972236773179675,0.887627251370399,"high","high","old"
"17031808400",4088,0.592710371819961,0.0149217221135029,0.272260273972603,0.0577299412915851,0.469911937377691,0.0228136882129278,0.0573378839590444,0.077455919395466,0.999947131860447,0.910580204778157,0.089419795221843,109813,1958,359400,0.937622309197652,0.000930122757318225,0.438922731644758,"high","high","medium"
"17031808002",4894,0.592970984879444,0.0245198201879853,0.298733142623621,0.0555782590927667,0.285042909685329,0.0853443201883461,0.109464082098062,0.11324570273003,0.999935439913582,0.663055872291904,0.336944127708096,73011,1958,359500,0.971802206783817,0.000830901608679387,0.506336405529954,"high","medium","medium"
"17031808001",3651,0.574637085729937,0.00191728293618187,0.305121884415229,0.0739523418241578,0.417693782525336,0.0664451827242525,0.0316742081447964,0.0661971830985915,0.999950080031269,0.870286576168929,0.129713423831071,95403,1958,373400,0.955628594905505,0.00092766631467793,0.555877034358047,"high","high","medium"
"17031807700",5432,0.562039764359352,0.0876288659793814,0.250368188512518,0.0789764359351988,0.484904270986745,0.069919323857088,0.194599627560521,0.0769230769230769,0.999964189794091,0.67364990689013,0.32635009310987,57250,1958,287100,0.979013254786451,0.000788018433179723,0.470966084275437,"medium","medium","medium"
"17031807300",8154,0.346701005641403,0.0865832720137356,0.367427029678685,0.136620063772382,0.389502084866323,0.0377728722099583,0.17867332382311,0.0543001686340641,0.999980635122283,0.588088445078459,0.411911554921541,67010,1957,270600,0.937331371106206,0.00096861419604056,0.519466276731859,"medium","medium","medium"
"17031807200",5336,0.453148425787106,0.136619190404798,0.258620689655172,0.125937031484258,0.406671664167916,0.0599369085173502,0.0951853901494189,0.0699948533196088,0.999961266108386,0.863862755949087,0.136137244050913,79676,1955,318600,0.974325337331334,0.000794820047090481,0.528262017960909,"medium","medium","medium"
"17031806801",4272,0.542602996254682,0.0720973782771536,0.271067415730337,0.0625,0.372659176029963,0.0518358531317495,0.0594184576485461,0.0180012414649286,0.999988621342203,0.699115044247788,0.300884955752212,65461,1964,309100,0.948267790262172,0.000914836396234872,0.463984425697599,"medium","medium","medium"
"17031806502",3981,0.603114795277569,0.0467219291635268,0.0585280080381814,0.251695553880934,0.388344637025873,0.0925666199158485,0.121448863636364,0,1,0.950284090909091,0.0497159090909091,66600,1956,236700,0.960060286360211,0.00078600269179004,0.284955752212389,"medium","medium","medium"
"17031812200",3772,0.737274655355249,0.0943796394485684,0.024390243902439,0.0824496288441145,0.080593849416755,0.048989898989899,0.0494417862838915,0.0301624129930394,0.999975947617611,0.924242424242424,0.0757575757575758,215132,0,602600,0.938494167550371,0.00107366684991754,0.757709251101322,"high","high","old"
"17031834200",4674,0.000427899015832264,0.9933675652546,0,0.00213949507916132,0.0528455284552846,0.120038259206121,0.371183717193358,0.289032749428789,0.999845212634809,0.43813604713444,0.56186395286556,54830,1942,165000,0.995934959349594,0.000775161412837068,0.256839394914709,"low","medium","old"
"17031510100",3597,0.111759799833194,0.129830414234084,0,0.757575757575758,0.188212399221574,0.128109452736318,0.283898305084746,0.165487977369165,0.999859775617017,0.520338983050847,0.479661016949153,35417,0,98000,0.999165971643036,0.000804816859006523,0.14743049705139,"low","low","old"
"17031491100",4175,0.0301796407185629,0.925269461077844,0,0.0366467065868263,0.00838323353293413,0.169222343921139,0.289811320754717,0.147361647361647,0.999888796030067,0.776603773584906,0.223396226415094,45875,1951,125800,0.992095808383234,0.00102571567200388,0.236968244457759,"low","medium","medium"
"17031490700",2785,0,0.978456014362657,0,0.0215439856373429,0.00394973070017953,0.208430913348946,0.29035752979415,0.152433425160698,0.999834877296921,0.717226435536295,0.282773564463705,45647,1950,125700,1,0.000871639784946237,0.11518915866742,"low","low","old"
"17031480300",1133,0.0176522506619594,0.931156222418358,0,0.0317740511915269,0.0088261253309797,0.0691699604743083,0.133962264150943,0.136807817589577,0.999741938655132,0.449056603773585,0.550943396226415,49000,1954,186500,0.980582524271845,0.000686011904761905,0.361567635903919,"medium","medium","medium"
"17031460400",3492,0.00229095074455899,0.982531500572738,0,0,0.0257731958762887,0.13510101010101,0.321039396479464,0.265394088669951,0.999777590056676,0.43419949706622,0.56580050293378,48542,0,152000,0.984822451317297,0.000965109735509285,0.154077253218884,"low","medium","old"
"17031460302",3593,0.096576676871695,0.839409963818536,0,0.0584469802393543,0.0551071527971055,0.208566108007449,0.304878048780488,0.311337732453509,0.999728873414184,0.506968641114983,0.493031358885017,31885,0,133100,0.994433620929585,0.00071258341277407,0.165417057169634,"low","low","old"
"17031825303",4057,0.754251910278531,0.0813408922849396,0.00788760167611536,0.138033029332019,0.0887355188562978,0.0863939899833055,0.174237710018668,0.0915771622385529,0.999943016836414,0.575606720597386,0.424393279402614,66799,1962,188400,0.981513433571605,0.000909176470588235,0.300992282249173,"medium","medium","medium"
"17031820202",3206,0.602932002495321,0.0252651278852152,0.00530255770430443,0.364940736119775,0.212102308172177,0.0608868299139643,0.131818181818182,0.120586275816123,0.999908655105397,0.788636363636364,0.211363636363636,62181,1978,99900,0.998440424204616,0.00101889168765743,0.166812993854258,"low","medium","medium"
"17031823806",4037,0.762942779291553,0.0307158781273223,0.0594500866980431,0.10329452563785,0.238048055486748,0.126329787234043,0.0684931506849315,0.0754405286343612,0.999955070197078,0.645026801667659,0.354973198332341,51172,1972,159400,0.956403269754768,0.000896195396899953,0.189761982393218,"low","medium","medium"
"17031823001",6887,0.600551764193408,0.0842166400464644,0.00580804414113547,0.183969798170466,0.217946856396109,0.103467561521253,0.210720887245841,0.0805574439157036,0.999970219946429,0.542329020332717,0.457670979667283,56250,1972,168600,0.874546246551474,0.000996810669759351,0.245012589579702,"low","medium","medium"
"17031823704",3946,0.795742524075013,0.0613279270146984,0.00785605676634567,0.126710593005575,0.239229599594526,0.0679886685552408,0.0697305863708399,0.0686346863468635,0.99994561731077,0.959587955625991,0.0404120443740095,93611,1967,246100,0.991637100861632,0.00117410468319559,0.210147671336615,"medium","high","medium"
"17031580700",5968,0.0841152815013405,0.0390415549597855,0.0851206434316354,0.773458445040214,0.336963806970509,0.182291666666667,0.377818403412553,0.0908587257617729,0.9999446351643,0.500304692260817,0.499695307739183,51826,0,184000,0.981735924932976,0.00092827140549273,0.107307249712313,"medium","medium","old"
"17031580501",4580,0.0921397379912664,0.000218340611353712,0.102620087336245,0.800655021834061,0.415720524017467,0.0938903863432165,0.224350205198358,0.0885286783042394,0.999939450534925,0.398768809849521,0.601231190150479,41711,0,188000,0.995633187772926,0.00107333635129018,0.0979847116052815,"medium","low","old"
"17031570500",2497,0.187825390468562,0,0.0228273928714457,0.789347216659992,0.334401281537845,0.173799126637555,0.0920162381596752,0.0785536159600998,0.999893714117971,0.576454668470907,0.423545331529093,43380,1959,216900,1,0.00152222222222222,0.0868761552680222,"medium","low","medium"
"17031570300",5790,0.13972366148532,0.0177892918825561,0.0430051813471503,0.798100172711572,0.427979274611399,0.0773279352226721,0.205528846153846,0.130616509926855,0.999921510662306,0.688701923076923,0.311298076923077,45038,1951,207400,0.998618307426598,0.0012581903276131,0.0680066079295154,"medium","low","medium"
"17031561000",5999,0.586764460743457,0,0,0.403900650108351,0.184697449574929,0.0145339652448657,0.027124773960217,0.0238305383936452,0.999989226816608,0.882911392405063,0.117088607594937,99274,1956,246000,0.990665110851809,0.00100971524288107,0.292059219380888,"medium","high","medium"
"17031560800",5873,0.398263238549293,0.0417163289630513,0.00357568533969011,0.548952835007662,0.175549123105738,0.0783890686803308,0.0726342710997442,0.0523509452253999,0.999973222739943,0.818925831202046,0.181074168797954,85304,1955,213200,0.992508087859697,0.000994227504244482,0.218263394035366,"medium","medium","medium"
"17031520200",3039,0.108588351431392,0.0822639025995393,0.00427772293517604,0.804870023033893,0.265218821980915,0.0461876832844575,0.438223938223938,0.189358372456964,0.999817255050028,0.511583011583012,0.488416988416988,41267,0,105200,1,0.000966990291262136,0.125337655321448,"low","low","old"
"17031835100",4903,0.00795431368549867,0.184784825616969,0.00550683255149908,0.799306547012033,0.347542321027942,0.106976744186047,0.364285714285714,0.145183175033921,0.999884788533121,0.587301587301587,0.412698412698413,39324,1943,148800,0.997552518866,0.000795970695970696,0.0629949604031678,"low","low","old"
"17031620400",4687,0.0776616172391722,0.00704075101344143,0.025176018775336,0.887134627693621,0.360785150416044,0.0709188224799286,0.25103220478943,0.108903605592347,0.999910079427814,0.752270850536746,0.247729149463254,56078,1956,184600,0.99701301472157,0.000973473684210526,0.147470817120623,"medium","medium","medium"
"17031612000",1190,0.0394957983193277,0.89327731092437,0.00588235294117647,0.061344537815126,0.0159663865546218,0.256239600665557,0.40461215932914,0.219312602291326,0.999540436448191,0.39622641509434,0.60377358490566,32354,0,115700,1,0.000685552407932011,0.181472081218274,"low","low","old"
"17031611300",2832,0.0730932203389831,0.0264830508474576,0,0.900423728813559,0.369703389830508,0.21795989537925,0.310546875,0.110338835794961,0.999892258840077,0.169921875,0.830078125,31750,0,101400,1,0.00103448275862069,0.0381069452980946,"low","low","old"
"17031842600",4155,0.554753309265945,0.0777376654632972,0.0498194945848375,0.296028880866426,0.10734055354994,0.0388660265203475,0.126835781041389,0.125,0.999916562369629,0.537383177570093,0.462616822429907,83958,0,250400,0.978339350180505,0.00114506969540527,0.261270855520057,"medium","medium","old"
"17031610300",5803,0.0332586593141479,0.046699982767534,0.0508357745993452,0.85955540237808,0.379286575909013,0.169724770642202,0.351861295257522,0.0950622981079834,0.999951525910225,0.310045894951555,0.689954105048445,29867,1944,178000,0.990349819059107,0.00101703163017032,0.109476661951909,"medium","low","old"
"17031811701",3471,0.214635551714203,0.0169979832901181,0.0201670988187842,0.748199366176894,0.35609334485739,0.0373487638085218,0.136084284460053,0.0181034482758621,0.999984106092589,0.43459174714662,0.56540825285338,60942,1967,193600,1,0.00110236220472441,0.160368217054264,"medium","medium","medium"
"17031460100",2784,0.028735632183908,0.783405172413793,0.0132902298850575,0.158405172413793,0.159841954022989,0.211160431198478,0.324570273003033,0.359455958549223,0.999636678098759,0.356926188068756,0.643073811931244,43393,0,78300,0.983836206896552,0.000938718662952646,0.253757225433526,"low","low","old"
"17031430500",3427,0.0137146192004669,0.971403559964984,0,0.0107966151152612,0,0.192913385826772,0.45577035735208,0.233153638814016,0.999863431870265,0.110720562390158,0.889279437609842,21973,1946,222700,0.995914794280712,0.000819968135953266,0.189177298724153,"medium","low","old"
"17031421200",1133,0.0167696381288614,0.911738746690203,0,0.0220653133274493,0.030008826125331,0.158607350096712,0.537585421412301,0.408355795148248,0.999070669026288,0.207289293849658,0.792710706150342,19716,1945,97500,0.950573698146514,0.000839285714285714,0.1875,"low","low","old"
"17031834400",4570,0.0111597374179431,0.955579868708972,0,0.0192560175054705,0.00131291028446389,0.116632443531828,0.281150159744409,0.102294455066922,0.99994553307593,0.337060702875399,0.662939297124601,43971,1976,226500,0.985995623632385,0.000908939014202172,0.31413112667091,"medium","low","medium"
"17031420600",1988,0.0422535211267606,0.89486921529175,0,0.0296780684104628,0.0150905432595573,0.195991091314031,0.43312101910828,0.193493150684932,0.999794635441561,0.139065817409766,0.860934182590234,25667,1952,213200,0.966800804828974,0.000721212121212121,0.180687637161668,"medium","low","medium"
"17031411200",1678,0.602502979737783,0.0631704410011919,0.177592371871275,0.0792610250297974,0.268772348033373,0.0713391739674593,0.0648030495552732,0.0619785458879619,0.999921253284268,0.607369758576874,0.392630241423126,80313,0,565600,0.922526817640048,0.00101440576230492,0.892358258011504,"high","medium","old"
"17031410700",2227,0.453524921418949,0.222721149528514,0.176919622810956,0.0911540188594522,0.243825774584643,0.0891566265060241,0.0630541871921182,0.130248500428449,0.999871692819103,0.257142857142857,0.742857142857143,38926,1955,283200,0.944319712617872,0.000921484037963762,0.752959747434886,"medium","low","medium"
"17031410500",2728,0.393695014662757,0.374633431085044,0.175219941348974,0.0366568914956012,0.13599706744868,0.0092378752886836,0.116228070175439,0.0800268997982515,0.999941504226197,0.309210526315789,0.690789473684211,57794,1964,261400,0.980205278592375,0.000901045296167247,0.675454012888108,"medium","medium","medium"
"17031400800",2166,0.00969529085872576,0.929824561403509,0,0.018005540166205,0.0120036934441367,0.319124423963134,0.554773869346734,0.160337552742616,0.999838882693881,0.0924623115577889,0.907537688442211,12896,1967,,0.957525392428439,0.000760975609756098,0.0998233215547703,,"low","medium"
"17031836100",1834,0.0392584514721919,0.797709923664122,0,0.0512540894220284,0.0458015267175573,0.156748911465893,0.515544041450777,0.189075630252101,0.999755143349966,0.169689119170984,0.830310880829015,21638,1974,185600,0.888222464558342,0.000735099337748344,0.248201438848921,"medium","low","medium"
"17031390100",1587,0.072463768115942,0.746061751732829,0.0422180214240706,0.0107120352867045,0.0913673597983617,0.0511363636363636,0.185922974767596,0.0528301886792453,0.999929845308906,0.326693227091633,0.673306772908366,55529,1951,407400,0.871455576559546,0.000930656934306569,0.491588785046729,"high","medium","medium"
"17031381700",0,,,,,,,,,,,,,,,,,,,,
"17031837300",2688,0.0394345238095238,0.902901785714286,0.0260416666666667,0.0260416666666667,0.0301339285714286,0.14103819784525,0.422782037239869,0.112730806608358,0.999876542290119,0.248630887185104,0.751369112814896,15925,0,197800,0.994419642857143,0.00110328638497653,0.135321100917431,"medium","low","old"
"17031260800",2328,0.0571305841924399,0.897766323024055,0,0.00601374570446735,0,0.27212389380531,0.457104557640751,0.234871794871795,0.999685257545916,0.24798927613941,0.75201072386059,28629,0,185600,0.960910652920962,0.00125581395348837,0.0540350877192982,"medium","low","old"
"17031260100",1200,0.075,0.85,0.0025,0.0566666666666667,0.0025,0.117647058823529,0.496197718631179,0.275482093663912,0.999476543933668,0.161596958174905,0.838403041825095,19167,1948,250600,0.984166666666667,0.000967213114754098,0.141447368421053,"medium","low","old"
"17031820501",5352,0.683856502242152,0.0539985052316891,0.0168161434977578,0.241031390134529,0.23822869955157,0.038433908045977,0.0859704641350211,0.0590570719602978,0.999968852725478,0.757911392405063,0.242088607594937,68973,1966,218000,0.995702541106129,0.000977096416697451,0.245831091984938,"medium","medium","medium"
"17031824005",5468,0.917520117044623,0.00420629114850037,0.0285296269202634,0.0411485003657645,0.19239209948793,0.0420116528672186,0.0230245944531659,0.0377643504531722,0.999980238825649,0.878074306645735,0.121925693354265,137813,1991,369500,0.991404535479151,0.00100513384671801,0.401380408813379,"high","high","medium"
"17031822102",4151,0.446880269814503,0.171765839556733,0.0356540592628282,0.30426403276319,0.198506384003854,0.0646551724137931,0.115949918345128,0.12063188128291,0.999934336439758,0.707675557974959,0.292324442025041,58388,1971,151900,0.958564201397254,0.000978551000953289,0.37672052663076,"low","medium","medium"
"17031823302",6060,0.407755775577558,0.358415841584158,0.020957095709571,0.20016501650165,0.0831683168316832,0.0500957243139757,0.0950308306129851,0.052251632863527,0.999981048007765,0.540079796880667,0.459920203119333,46955,1971,160100,0.987293729372937,0.000797153024911032,0.21220633299285,"low","medium","medium"
"17031740400",4440,0.738963963963964,0.10045045045045,0.036036036036036,0.097972972972973,0.0373873873873874,0.0411300373909431,0.0431930016402406,0.063971340839304,0.999965025093796,0.706396938217605,0.293603061782395,85824,1957,259900,0.973423423423423,0.000786001609010459,0.373424190800681,"medium","medium","medium"
"17031827300",2794,0.0418754473872584,0.648174659985684,0.0730136005726557,0.167859699355762,0.139584824624195,0.0847784200385356,0.423365487674169,0.311946902654867,0.999665763517021,0.469453376205788,0.530546623794212,21778,1946,71300,0.93092340730136,0.000964838255977496,0.161622665808113,"low","low","old"
"17031830006",2901,0.158566011720097,0.717683557394002,0.0330920372285419,0.0751465012064805,0.0324026197862806,0.108621860149355,0.210847975553858,0.0884401114206128,0.999932441454137,0.59511077158136,0.40488922841864,55634,1972,135200,0.984488107549121,0.00076782449725777,0.282485875706215,"low","medium","medium"
"17031825302",6016,0.676695478723404,0.147772606382979,0.0452127659574468,0.12001329787234,0.0839428191489362,0.0494194700803811,0.113224637681159,0.0632159524819686,0.999971370406415,0.695652173913043,0.304347826086957,76389,1982,240300,0.98969414893617,0.000922044728434505,0.314940791131267,"medium","medium","medium"
"17031828300",3227,0.498605515959095,0.384567709947319,0.00557793616361946,0.10040285094515,0.0455531453362256,0.169753086419753,0.0759943181818182,0.0736842105263158,0.999947670202666,0.824573863636364,0.175426136363636,55917,1958,111400,0.989154013015184,0.000968883465527761,0.284683239775461,"low","medium","medium"
"17031520400",4278,0.109630668536699,0.0119214586255259,0.00116877045348294,0.877279102384292,0.22463768115942,0.121687929342493,0.155375552282769,0.0885906040268456,0.99993476817003,0.715758468335788,0.284241531664212,42149,1942,138400,1,0.000752560426054896,0.135976287513894,"low","low","old"
"17031600700",2786,0.323402727925341,0,0.427494615936827,0.241206030150754,0.268126346015793,0.0813464235624123,0.131511528608027,0.0936532507739938,0.999920029238896,0.353543979504697,0.646456020495303,51161,0,326500,0.992103374012922,0.001720703125,0.318507157464213,"medium","medium","old"
"17031450300",3335,0.0116941529235382,0.936431784107946,0,0,0.00869565217391304,0.105067985166873,0.172881355932203,0.162407722884725,0.999889905191432,0.55864406779661,0.44135593220339,50022,1945,153600,0.948125937031484,0.000782469267771245,0.204954055133839,"low","medium","old"
"17031440600",1759,0,0.981807845366686,0,0.0136441159749858,0.038089823763502,0.0799136069114471,0.224285714285714,0.127182044887781,0.99981834436921,0.8,0.2,67813,1958,165000,0.995451961341671,0.000654750705550329,0.283265306122449,"low","medium","medium"
"17031440300",4572,0.000437445319335083,0.980971128608924,0,0.000218722659667542,0.000437445319335083,0.245101805608913,0.286636860407352,0.131204143288735,0.999934825835982,0.678589170392449,0.321410829607551,59128,1953,180200,0.981627296587926,0.00104563758389262,0.360355029585799,"medium","medium","medium"
"17031440201",5918,0.00490030415680973,0.95606623859412,0,0,0.00456235214599527,0.144644253322909,0.406212182331585,0.148987298317885,0.999939903854475,0.27349737797499,0.72650262202501,35222,0,248700,0.960966542750929,0.000651688529165504,0.295981452859351,"medium","low","old"
"17031252102",6452,0.0193738375697458,0.812151270923745,0,0.0984190948543087,0.0711407315561066,0.183579638752053,0.423474178403756,0.120924473792819,0.999943231169459,0.49906103286385,0.50093896713615,35949,1948,121400,0.929944203347799,0.000708234048186391,0.0922043010752688,"low","low","old"
"17031251600",4300,0.000697674418604651,0.727906976744186,0,0.25953488372093,0.0832558139534884,0.102649006622517,0.52233676975945,0.15406976744186,0.999867655174308,0.322164948453608,0.677835051546392,30938,0,178000,0.988139534883721,0.000807482135350988,0.0748151370160939,"medium","low","old"
"17031816700",2818,0.126330731014904,0.028388928317956,0.0514549325762952,0.773243435060326,0.394251242015614,0.0301857585139319,0.178728070175439,0.0480167014613779,0.999947352879912,0.608552631578947,0.391447368421053,49375,1958,170900,0.979418026969482,0.000940771349862259,0.0705196182396607,"medium","medium","medium"
"17031300700",4572,0.0137795275590551,0.0192475940507437,0.00809273840769904,0.958880139982502,0.462160979877515,0.0772532188841202,0.120567375886525,0.105020196191575,0.999932293303919,0.365570599613153,0.634429400386847,40582,0,222000,1,0.00116888045540797,0.153072224218469,"medium","low","old"
"17031300600",2757,0.0322814653608995,0.116430903155604,0,0.841494377947044,0.34095030830613,0.0950479233226837,0.251225490196078,0.0923248053392658,0.999886869656125,0.318627450980392,0.681372549019608,43937,0,180100,0.990206746463547,0.000838,0.0722495894909688,"medium","low","old"
"17031825503",6411,0.0948369989081267,0.86195601310248,0.023241304008735,0.00062392762439557,0.0602090157541725,0.164646464646465,0.130625248904819,0.0829072315558802,0.999966983475011,0.755874153723616,0.244125846276384,51708,1963,118400,0.980658243643737,0.000754995893785929,0.306276783463575,"low","medium","medium"
"17031530600",2368,0.00548986486486487,0.944679054054054,0,0.0118243243243243,0,0.0699062233589088,0.329128440366972,0.292207792207792,0.999665011575711,0.474770642201835,0.525229357798165,35000,1954,120300,0.961993243243243,0.000940983606557377,0.18258064516129,"low","low","medium"
"17031829401",965,0,0.721243523316062,0,0.278756476683938,0.016580310880829,0.202764976958525,0.230031948881789,0.328326180257511,0.998952133743348,0.792332268370607,0.207667731629393,30208,1966,80600,1,0.00087378640776699,0.0921501706484642,"low","low","medium"
"17031828701",4571,0.172391161671407,0.754539488077007,0.00481295121417633,0.0527236928462043,0.0430977904178517,0.146897810218978,0.140483383685801,0.106009453072248,0.999919938847558,0.736404833836858,0.263595166163142,62021,1964,148300,0.984467293808795,0.000692336171788227,0.293537414965986,"low","medium","medium"
"17031829700",4131,0.195110142822561,0.68240135560397,0.00847252481239409,0.0793996610990075,0.0430888404744614,0.16012896292316,0.343060498220641,0.188330444829578,0.999865974943893,0.645551601423488,0.354448398576512,42064,1967,134500,0.965383684337933,0.00109164556962025,0.131763879128602,"low","low","medium"
"17031830003",8436,0.0480085348506401,0.929706021811285,0,0.00379326695116169,0.019203413940256,0.102100745425796,0.114726601811473,0.0539511266264678,0.999981901995901,0.823549144582355,0.176450855417645,99861,1996,204900,0.981507823613087,0.000932203389830509,0.460834553440703,"medium","high","medium"
"17031823903",4529,0.88474276882314,0.030470302495032,0,0.074409361890042,0.11327003753588,0.0631043256997455,0.027511961722488,0.0494599204093235,0.999970419582916,0.950358851674641,0.0496411483253589,93000,1973,334800,0.989622433208214,0.00101199466903598,0.415915915915916,"medium","high","medium"
"17031830004",6613,0.098896113715409,0.839407228186905,0.0140632088310903,0.0251020716769998,0.0807500378043248,0.0764025937411897,0.12443716741711,0.114534251540413,0.999953119573424,0.768317642243144,0.231682357756856,99866,1983,194900,0.977468622410404,0.000922383720930233,0.375142013178823,"medium","high","medium"
"17031750500",5355,0.212324929971989,0.686834733893557,0.00168067226890756,0.0429505135387488,0.0532212885154062,0.155396327810121,0.146506777893639,0.120586886749198,0.99993713279156,0.597497393117831,0.402502606882169,50613,1951,214600,0.943790849673203,0.000768494055482166,0.278575089697591,"medium","medium","medium"
"17031823101",4061,0.762127554789461,0.0206845604530904,0.025855700566363,0.16424525978823,0.259049495198227,0.0640709709216363,0.191025641025641,0.0882524839275278,0.99994343109514,0.648717948717949,0.351282051282051,56154,1969,178500,0.972913075597144,0.000952403846153846,0.184844192634561,"medium","medium","medium"
"17031823904",4000,0.9175,5e-04,0.01075,0.06075,0.0685,0.019578313253012,0.010989010989011,0.078740157480315,0.999951931396489,0.903540903540904,0.0964590964590965,101615,1974,269400,0.9895,0.00114822771213749,0.432288401253918,"medium","high","medium"
"17031824105",7220,0.789612188365651,0.0132963988919668,0.0699445983379501,0.117174515235457,0.134072022160665,0.00270137524557957,0.039327987781596,0.0810526315789474,0.999969053026634,0.885070637647957,0.114929362352043,102298,1982,306600,0.990027700831025,0.0010389720417961,0.462735462735463,"medium","high","medium"
"17031827805",2755,0.132123411978221,0.802903811252269,0,0.0515426497277677,0.0304900181488203,0.15251690458302,0.123456790123457,0.0517073170731707,0.999946806001487,0.95679012345679,0.0432098765432099,63261,1966,150500,0.986569872958258,0.000695384615384615,0.312008390141584,"low","medium","medium"
"17031825501",5460,0.0679487179487179,0.913369963369963,0,0.00805860805860806,0.030952380952381,0.0718349928876245,0.200313807531381,0.106124357176251,0.999944498709656,0.569560669456067,0.430439330543933,57976,1972,140500,0.989377289377289,0.00107762557077626,0.238636363636364,"low","medium","medium"
"17031828202",4978,0.330052229811169,0.486339895540378,0.0112494977902772,0.140417838489353,0.0166733627963037,0.0674157303370786,0.152533039647577,0.0585795749092794,0.999967743565341,0.635462555066079,0.364537444933921,62500,1971,146500,0.968059461631177,0.000628926701570681,0.249355854566275,"low","medium","medium"
"17031810701",4568,0.586033274956217,0,0.0560420315236427,0.353327495621716,0.360551663747811,0.042648709315376,0.135237068965517,0.0696741854636592,0.99996246143858,0.511314655172414,0.488685344827586,47031,1959,228600,0.995402802101576,0.000801261829652997,0.174174174174174,"medium","medium","medium"
"17031810502",5900,0.748474576271186,0.0171186440677966,0.0784745762711864,0.150508474576271,0.36728813559322,0.0577243910577244,0.129156626506024,0.0486015589179276,0.999976578110565,0.709397590361446,0.290602409638554,83068,1964,280800,0.994576271186441,0.000931892599869024,0.260217983651226,"medium","medium","medium"
"17031810400",5700,0.919824561403509,0.0124561403508772,0.0242105263157895,0.0136842105263158,0.168771929824561,0.0107772697583279,0.00978108989287378,0.0393736017897092,0.999981661443999,0.904983698183512,0.0950163018164881,117629,1957,415500,0.970175438596491,0.000873767258382643,0.569965870307167,"high","high","medium"
"17031810100",4233,0.657689581856839,0.131112686038271,0.0510276399716513,0.0897708480982755,0.135837467517127,0.0681736634373879,0.0916157690172127,0.0862506341958397,0.999952111880169,0.5247084952804,0.4752915047196,80422,0,363400,0.929600755965037,0.000924090909090909,0.739072405739072,"high","medium","old"
"17031805107",6210,0.305636070853462,0.110789049919485,0.220450885668277,0.344605475040258,0.501127214170692,0.0483453981385729,0.200071454090747,0.128580323785803,0.999954064159578,0.190067881386209,0.809932118613791,58328,1976,168500,0.981481481481482,0.00108459214501511,0.314077780304753,"low","medium","medium"
"17031804902",6064,0.776550131926121,0.00296833773087071,0.0809696569920844,0.118898416886544,0.252143799472296,0.0392868933641466,0.0930875576036866,0.0532286212914485,0.999975471283105,0.88294930875576,0.11705069124424,107862,1965,337900,0.97938654353562,0.000878562577447336,0.517181383210091,"medium","high","medium"
"17031804901",6076,0.855661619486504,0.0185977616853193,0.0376892692560895,0.0194206714944042,0.103522053982883,0.0238678090575275,0.0267141585040071,0.0676629306766293,0.999969874936631,0.873107747105966,0.126892252894034,116765,1956,340100,0.931369321922317,0.000867240319606638,0.555504375863657,"medium","high","medium"
"17031804809",4348,0.84820607175713,0.0377184912603496,0.0892364305427783,0.00413983440662373,0.153633854645814,0.0359897172236504,0.0117570215545395,0,1,0.911169170476813,0.0888308295231875,94196,1974,298400,0.979300827966881,0.000962093862815885,0.5,"medium","high","medium"
"17031804804",6041,0.574739281575898,0.0478397616288694,0.178943883463003,0.187055123323953,0.231584174805496,0.0105204872646733,0.118584758942457,0.0330827067669173,0.999987137526734,0.654354587869362,0.345645412130638,69600,1981,215800,0.988578049991723,0.000932501599488164,0.411432604093155,"medium","medium","medium"
"17031805301",2921,0.561793906196508,0.0345771995891818,0.322834645669291,0.0362889421431017,0.473810338925026,0.0293542074363992,0.1003861003861,0.0512820512820513,0.999950502400634,0.882239382239382,0.117760617760618,81818,1962,336000,0.955494693598083,0.00117174721189591,0.473367299675776,"medium","medium","medium"
"17031805201",4092,0.739247311827957,0.0175953079178886,0.208944281524927,0.0219941348973607,0.340664711632454,0.0389041095890411,0.0441640378548896,0.0276073619631902,0.999978228106547,0.873028391167192,0.126971608832808,103190,1960,374500,0.987781036168133,0.000915730337078652,0.371733149931224,"high","high","medium"
"17031803901",3706,0.781705342687534,0.0191581219643821,0.0995682676740421,0.0847274689692391,0.235024284943335,0.0626891482922611,0.0247599797877716,0.0549188156638013,0.999972249978946,0.802425467407782,0.197574532592218,75274,1978,177300,0.985159201295197,0.00101194353963084,0.534551495016611,"medium","medium","medium"
"17031803701",2598,0.715165511932256,0.0150115473441109,0.147421093148576,0.0908391070053888,0.200538876058507,0.0393290919606709,0.0512422360248447,0.143047238855622,0.999888950812441,0.642080745341615,0.357919254658385,89808,1979,273100,0.968437259430331,0.00104405979543666,0.510526315789474,"medium","medium","medium"
"17031380100",1913,0.0392054364871929,0.916884474647151,0,0.0104547830632514,0.0412963930998432,0.181395348837209,0.396109637488948,0.0834683954619125,0.999926204919624,0.436781609195402,0.563218390804598,19816,2001,282800,0.966544694197595,0.00102006335797254,0.404255319148936,"medium","low","new"
"17031400300",1274,0.00470957613814757,0.923861852433281,0,0.0714285714285714,0,0.219155844155844,0.492063492063492,0.155495978552279,0.999753241891018,0.152380952380952,0.847619047619048,32273,1964,231500,1,0.000627075351213282,0.258351893095768,"medium","low","medium"
"17031691300",2352,0,0.880527210884354,0,0.0999149659863946,0,0.199481865284974,0.339138405132906,0.0479930191972077,0.999956011999926,0.465627864344638,0.534372135655362,50561,0,161300,0.980442176870748,0.000883106485188151,0.240871934604905,"low","medium","old"
"17031470100",2180,0.0252293577981651,0.888990825688073,0,0.0715596330275229,0.0688073394495413,0.159340659340659,0.268145161290323,0.237509607993851,0.999760632302555,0.556451612903226,0.443548387096774,39611,1954,102600,0.985779816513761,0.000989051094890511,0.217896571760604,"low","low","medium"
"17031520100",2219,0.0955385308697611,0,0,0.904461469130239,0.25597115817936,0.0803474484256243,0.37246963562753,0.19281045751634,0.999609847708351,0.59919028340081,0.40080971659919,65000,0,153100,1,0.00113982642237223,0.139331210191083,"low","medium","old"
"17031802506",2541,0.401416765053129,0.00669027941755215,0.118063754427391,0.446280991735537,0.436048799685163,0.0235368956743003,0.141772151898734,0.0306748466257669,0.999961172587847,0.648101265822785,0.351898734177215,83958,1965,238600,0.972451790633609,0.00112992455993294,0.260793465577596,"medium","medium","medium"
"17031832500",3192,0.805764411027569,0.0441729323308271,0.0316416040100251,0.0776942355889724,0.0971177944862155,0.012993762993763,0.10479704797048,0.0930388219544846,0.999931341377094,0.486346863468635,0.513653136531365,140592,1977,802100,0.959273182957393,0.00122439024390244,0.742540904716073,"high","high","medium"
"17031832300",1950,0.613846153846154,0.0528205128205128,0.0774358974358974,0.198461538461538,0.117948717948718,0.0222222222222222,0.0324947589098532,0.0800385728061716,0.999916109163204,0.419287211740042,0.580712788259958,110943,1985,495200,0.942564102564103,0.000975683890577508,0.748256182625238,"high","high","medium"
"17031833000",4686,0.727912932138284,0.0830132309005548,0.101579172001707,0.0384122919334187,0.0874946649594537,0.109053497942387,0.0514734774066798,0.0778985507246377,0.999969392468981,0.324557956777996,0.675442043222004,145236,2005,591300,0.950917626973965,0.00109196428571429,0.83604372167422,"high","high","new"
"17031837800",2409,0.227895392278954,0.600249066002491,0.0776255707762557,0.0713989207139892,0.0527189705271897,0.091963545981773,0.249272550921435,0.197040498442368,0.999808920612934,0.131910766246363,0.868089233753637,65396,1983,428600,0.977168949771689,0.00120201096892139,0.436120789779326,"high","medium","medium"
"17031842900",2711,0.122832902987827,0.624492807082258,0.123570638140907,0.0638140907414238,0.0652895610475839,0.0776053215077605,0.400455927051672,0.0498194945848375,0.999962144674277,0.206686930091185,0.793313069908815,20089,1974,269800,0.934710438952416,0.000874827109266943,0.321951219512195,"medium","low","medium"
"17031841000",1025,0.310243902439024,0.375609756097561,0.24390243902439,0.0429268292682927,0.197073170731707,0.00461538461538462,0.184764991896272,0.0594512195121951,0.999903653984402,0.502431118314425,0.497568881685575,82159,2003,345100,0.972682926829268,0.000877289377289377,0.621500559910414,"medium","medium","new"
"17031835600",793,0,0.866330390920555,0.00126103404791929,0.126103404791929,0.0554854981084489,0.282352941176471,0.554083885209713,0.270531400966184,0.999403156873821,0.152317880794702,0.847682119205298,18190,0,183000,0.993694829760404,0.000652083333333333,0.0390243902439024,"medium","low","old"
"17031843600",2993,0.0344136318075509,0.87437353825593,0.00300701637153358,0.0608085532910124,0.0461075843635149,0.110853163087638,0.380176510522743,0.0862282878411911,0.999941464195249,0.195519348268839,0.804480651731161,41060,1970,279600,0.972602739726027,0.000527040816326531,0.485645933014354,"medium","low","medium"
"17031251000",997,0.00702106318956871,0.714142427281846,0,0.278836509528586,0.128385155466399,0.151260504201681,0.357142857142857,0.12280701754386,0.999649245878639,0.614285714285714,0.385714285714286,36923,0,188500,1,0.00101821862348178,0.060702875399361,"medium","low","old"
"17031252101",1289,0.0108611326609775,0.972847168347556,0,0.000775795190069822,0.0364623739332816,0.176600441501104,0.323151125401929,0.161725067385445,0.999740059439742,0.282958199356913,0.717041800643087,19265,0,258700,0.984484096198604,0.00098613251155624,0.226415094339623,"medium","low","old"
"17031271800",459,0,0.938997821350762,0,0.0610021786492375,0.0610021786492375,0.100529100529101,0.259615384615385,0.240875912408759,0.998843282274177,0.25,0.75,31429,0,170000,1,0.000545454545454545,0.146428571428571,"medium","low","old"
"17031271300",1122,0,0.915329768270945,0.0124777183600713,0.017825311942959,0.0196078431372549,0.193814432989691,0.470108695652174,0.104622871046229,0.999715779524228,0.385869565217391,0.614130434782609,24091,1946,255600,0.945632798573975,0.0007952,0.14336917562724,"medium","low","old"
"17031570200",2252,0.115896980461812,0,0.077708703374778,0.80639431616341,0.301953818827709,0.0386435331230284,0.305960264900662,0.0207522697795071,0.999972514305445,0.670198675496689,0.329801324503311,47198,1954,201600,1,0.001,0.199170124481328,"medium","medium","medium"
"17031340400",1750,0.1,0.0468571428571429,0.800571428571429,0.0388571428571429,0.644,0.0579868708971554,0.165829145728643,0.0968229954614221,0.999837843726959,0.420435510887772,0.579564489112228,50927,1951,247500,0.986285714285714,0.00107591933570581,0.322738386308068,"medium","medium","medium"
"17031242800",1637,0.728772144166158,0.00427611484422724,0.0177153329260843,0.247403787416005,0.199144777031155,0.037109375,0.0932896890343699,0.0362776025236593,0.999940629380196,0.612111292962357,0.387888707037643,122650,0,485400,0.998167379352474,0.00097944377267231,0.56015625,"high","high","old"
"17031243500",4031,0.604564624162739,0.162986851897792,0.0528404862317043,0.136194492681717,0.0667328206400397,0.0456418383518225,0.0430327868852459,0.0757575757575758,0.999961191272693,0.45952868852459,0.54047131147541,141894,1997,475200,0.956586454973952,0.000947342995169082,0.747236331042725,"high","high","medium"
"17031010300",6135,0.4960065199674,0.292094539527302,0.0241238793806031,0.150448247758761,0.168541157294214,0.0341977771444856,0.139044481054366,0.0715815234016519,0.999976415210818,0.337726523887974,0.662273476112026,44375,0,221700,0.962673186634067,0.000867011564211808,0.444768006212386,"medium","low","old"
"17031010400",5193,0.677065280184864,0.185827074908531,0.0440978239938379,0.0791450028885037,0.0849220103986135,0.0513401283503209,0.232158988256549,0.067396798652064,0.999969559734835,0.22583559168925,0.77416440831075,37198,0,207700,0.986135181975737,0.0010772,0.599197665937272,"medium","low","old"
"17031020500",6744,0.124555160142349,0.14635231316726,0.430160142348754,0.249406880189798,0.548487544483986,0.114897760467381,0.319067998097955,0.124479600333056,0.999940812062462,0.223965763195435,0.776034236804565,41673,1946,163700,0.950474495848161,0.00100714285714286,0.239373601789709,"low","low","old"
"17031081202",3011,0.898372633676519,0.0209232813018931,0.0378611756891398,0.0149452009299236,0.153105280637662,0.0238863783085862,0.0154610712313639,0.246358718268831,0.99986398387106,0.787962451684152,0.212037548315848,193906,1956,840700,0.972102291597476,0.000767018779342723,0.869857890800299,"high","high","medium"
"17031210502",4536,0.26168430335097,0.0354938271604938,0.017636684303351,0.61794532627866,0.322089947089947,0.0351157222665603,0.159381304640215,0.112768496420048,0.999924169505629,0.327505043712172,0.672494956287828,63993,0,368200,0.932760141093474,0.000950967741935484,0.287559483344663,"high","medium","old"
"17031221200",3148,0.582592121982211,0.0898983481575604,0.0308132147395172,0.246188055908513,0.1356416772554,0.0399820305480683,0.116520351157223,0.0164835164835165,0.999986844932449,0.421388667198723,0.578611332801277,104906,0,381900,0.949491740787802,0.000992405063291139,0.678264428980761,"high","high","old"
"17031220901",2894,0.207671043538355,0.13441603317208,0.0082930200414651,0.636143745680719,0.17968210089841,0.0405330372015547,0.166666666666667,0.12182296231376,0.999878434977143,0.414171656686627,0.585828343313373,56316,0,339000,0.986523842432619,0.000963364993215739,0.346053319393623,"medium","medium","old"
"17031301100",2148,0.115921787709497,0.0297951582867784,0,0.854283054003724,0.404096834264432,0.023109243697479,0.227150537634409,0.104693140794224,0.999859303211283,0.298387096774194,0.701612903225806,33850,0,153900,1,0.00110794896957802,0.144098479362781,"low","low","old"
"17031010202",3154,0.288839568801522,0.324667089410273,0.0627774254914394,0.262523779327838,0.33576410906785,0.0694864048338369,0.272189349112426,0.0618556701030928,0.999947715607763,0.241758241758242,0.758241758241758,43839,1951,170000,0.938807863031072,0.000804347826086957,0.361721611721612,"medium","low","medium"
"17031410100",2148,0.325418994413408,0.371508379888268,0.079608938547486,0.127094972067039,0.255586592178771,0.0306620209059233,0.0801556420233463,0.128813559322034,0.999899766032819,0.119066147859922,0.880933852140078,41806,1952,202100,0.903631284916201,0.000690007867820614,0.674091441969519,"medium","low","medium"
"17031061902",4607,0.766225309311917,0.0607770783590189,0.0961580204037334,0.0538311265465596,0.163446928586933,0.0782983970406905,0.0432098765432099,0.0889844525305987,0.999967690059024,0.322076978939724,0.677923021060276,75670,1958,418300,0.976991534621229,0.00112402028584601,0.793139025019345,"high","medium","medium"
"17031540101",4219,0.00734771272813463,0.931974401516947,0,0.0606778857549182,0.0113771035790472,0.320299022426682,0.653061224489796,0.133701657458564,0.999914738355972,0.0331632653061225,0.966836734693878,17258,1948,85600,1,0.000584898572501878,0.0383177570093458,"low","low","old"
"17031140302",3842,0.456272774596564,0.0458094742321707,0.0882352941176471,0.343571056741281,0.371421134825612,0.0523076923076923,0.0853846153846154,0.087719298245614,0.999932528169489,0.503076923076923,0.496923076923077,88190,0,286600,0.933888599687663,0.000862336403296171,0.392150170648464,"medium","medium","old"
"17031220702",4155,0.341516245487365,0.0269554753309266,0.022864019253911,0.606016847172082,0.237545126353791,0.0547445255474453,0.110616656071202,0.0648038049940547,0.999958804109763,0.325492689129053,0.674507310870947,63594,0,418000,0.997352587244284,0.000979514054311577,0.396119929453263,"high","medium","old"
"17031220601",1488,0.543010752688172,0.0463709677419355,0.0275537634408602,0.305779569892473,0.145161290322581,0.0145379023883697,0.186797752808989,0.0801033591731266,0.999887507937948,0.353932584269663,0.646067415730337,82656,0,436700,0.922715053763441,0.000915057915057915,0.567364016736402,"high","medium","old"
"17031760801",5012,0.458100558659218,0.0574620909816441,0.352154828411812,0.0947725458898643,0.554070231444533,0.0492411467116357,0.0646371976647206,0.0279691933522497,0.999988336585848,0.152627189324437,0.847372810675563,69534,1973,170900,0.962490023942538,0.00112553011026293,0.683890577507599,"medium","medium","medium"
"17031070103",1469,0.750170183798502,0.0183798502382573,0.118447923757658,0.0918992511912866,0.164737916950306,0.0152365677626303,0,0.0139009556907037,0.999987752611947,0.0643171806167401,0.93568281938326,64283,1966,406400,0.978897208985705,0.000940554821664465,0.851540616246499,"high","medium","medium"
"17031070102",3394,0.758986446670595,0.0492044784914555,0.0415439010017678,0.135238656452563,0.167648791985857,0.0125414976023608,0.0132450331125828,0.074430823117338,0.999964792713997,0.322138126773888,0.677861873226112,84365,1970,599000,0.984973482616382,0.000959584295612009,0.913907284768212,"high","medium","medium"
"17031806104",4130,0.391041162227603,0.171428571428571,0.265133171912833,0.138014527845036,0.490556900726392,0.0893700787401575,0.240305843801202,0.123923444976077,0.999932323834892,0.326597487711633,0.673402512288367,45603,1978,156800,0.965617433414044,0.000937148217636023,0.382264829239065,"low","low","medium"
"17031802505",6335,0.288082083662194,0.040568271507498,0.171586424625099,0.490765588003157,0.46835043409629,0.0168179391350774,0.177109440267335,0.0706521739130435,0.999970488684681,0.369256474519632,0.630743525480368,62130,1976,210100,0.991002367797948,0.000958268933539413,0.331856228458887,"medium","medium","medium"
"17031803015",4391,0.749943065360966,0.0617171487132772,0.0767478934183557,0.0772033705306308,0.228194033249829,0.0343685300207039,0.0419254658385093,0.0547945205479452,0.999971639251276,0.797619047619048,0.202380952380952,90526,1977,375800,0.965611478023229,0.000940344675209898,0.517110266159696,"high","high","medium"
"17031770201",6163,0.710043809832874,0.0233652441992536,0.144734707123154,0.101249391530099,0.278111309427227,0.01686196056016,0.0662415869642225,0.0129370629370629,0.999995417285282,0.50938717676231,0.49061282323769,75646,1979,281200,0.979393152685381,0.000816386678455644,0.424161073825503,"medium","medium","medium"
"17031802609",6371,0.367132318317376,0.0108303249097473,0.142991681054779,0.449380003139225,0.57149584052739,0.0145326985717865,0.14148033924441,0.00765110941086458,0.999997050467678,0.457208943716268,0.542791056283732,52218,1974,117600,0.970334327421127,0.00108953755329616,0.347105612019443,"low","medium","medium"
"17031823603",2143,0.0205319645356976,0.38497433504433,0,0.571161922538497,0.242183854409706,0.158798283261803,0.206963249516441,0.215477996965099,0.999583388343675,0.570599613152805,0.429400386847195,51125,1957,152600,0.976668222118525,0.000980591497227357,0.0582677165354331,"low","medium","medium"
"17031824114",5166,0.775067750677507,0.0454897406116918,0.137630662020906,0.0340689121176926,0.237708091366628,0.0284775465498357,0.0141843971631206,0.0408163265306122,0.999977732996359,0.927986906710311,0.072013093289689,123393,1993,325100,0.992257065427797,0.00103867403314917,0.533925686591276,"medium","high","medium"
"17031830008",4601,0.0665072810258639,0.837209302325581,0,0.0180395566181265,0.0293414475114106,0.0708940527766837,0.0973509933774834,0.0332906530089629,0.999977953695978,0.920529801324503,0.0794701986754967,95724,1980,168500,0.921756139969572,0.000979776247848537,0.327368421052632,"low","high","medium"
"17031490200",3114,0.018946692357097,0.965960179833012,0,0,0.0327552986512524,0.104950495049505,0.153957879448076,0.102931596091205,0.999925254972791,0.612926652142338,0.387073347857662,57731,1950,149700,0.984906872190109,0.000826392961876833,0.312301407172038,"low","medium","old"
"17031844700",1453,0.0406056434962147,0.78596008258775,0,0.173434273916036,0.0584996558843772,0.214007782101167,0.303738317757009,0.239336492890995,0.999627340651231,0.297507788161994,0.702492211838006,31905,0,116200,1,0.000952956989247312,0.147119341563786,"low","low","old"
"17031803613",3776,0.135328389830508,0,0.0209216101694915,0.84375,0.405190677966102,0.0689473684210526,0.138834951456311,0.11587982832618,0.999887507968186,0.540776699029126,0.459223300970874,62115,1977,155900,1,0.00105552531301034,0.148021494870542,"low","medium","medium"
"17031804513",3990,0.631328320802005,0.0411027568922306,0.180952380952381,0.124561403508772,0.240350877192982,0.0528592023065834,0.0145137880986938,0,1,0.812772133526851,0.187227866473149,93750,1995,267700,0.977944862155388,0.000971343873517787,0.503785271851342,"medium","high","medium"
"17031824127",3940,0.818020304568528,0.00736040609137056,0.0690355329949239,0.0926395939086294,0.112944162436548,0.0585,0.0287817938420348,0.020327868852459,0.99998639384721,1,0,97821,1992,282100,0.987055837563452,0.000911693352741388,0.442160278745645,"medium","high","medium"
"17031824125",4858,0.873816385343763,0,0.015232606010704,0.110951008645533,0.132358995471387,0.0543226233852269,0.0956521739130435,0.0336134453781513,0.999977516595563,0.958528428093645,0.0414715719063545,96775,1983,223900,1,0.00132217973231358,0.343321198543825,"medium","high","medium"
"17031824129",4305,0.958652729384437,0.0120789779326365,0.016260162601626,0.00394889663182346,0.108943089430894,0.0491423273064441,0.0206686930091185,0.0562248995983936,0.99996582189791,0.925835866261398,0.0741641337386018,84507,1997,289600,0.990940766550523,0.00104707560627675,0.335580753907447,"medium","medium","medium"
"17031804313",6554,0.383887702166616,0.0140372291730241,0.230393652731157,0.224137931034483,0.339639914555996,0.0211608222490931,0.0599909788001804,0.0377604166666667,0.99998296807689,0.787550744248985,0.212449255751015,106220,2000,262000,0.852456515105279,0.0012908074099965,0.376262004432406,"medium","high","medium"
"17031820204",3781,0.731288019042581,0,0.0298862734726263,0.196508860089923,0.177201798466014,0.0835983643798273,0.00406917599186165,0.104735883424408,0.999946729245135,0.850457782299084,0.149542217700916,85667,1989,354200,0.957683152605131,0.00107178082191781,0.546567837576539,"medium","medium","medium"
"17031320101",8886,0.571573261309926,0.0436641908620302,0.263335584064821,0.0920549178483007,0.392865181183885,0.040377358490566,0,0.182804275003988,0.999964318221311,0.45246925629514,0.54753074370486,112125,2000,560500,0.970627954085078,0.000801703163017032,0.787664307381193,"high","high","medium"
"17031380600",3764,0.111849096705632,0.842454835281615,0.0148777895855473,0.0273645058448459,0.0292242295430393,0.124223602484472,0.429760665972945,0.0687984496124031,0.999964206042121,0.18210197710718,0.81789802289282,24592,1992,230000,0.996546227417641,0.000487747035573123,0.257920389926889,"medium","low","medium"
"17031330102",9396,0.517347807577693,0.237228607918263,0.177522349936143,0.0351213282247765,0.128778203490847,0.0113365155131265,0.117001828153565,0.0265171738743549,0.999995152276905,0.56709323583181,0.43290676416819,125500,2002,390400,0.967220093656875,0.00073134328358209,0.735858159450006,"high","high","new"
"17031806006",4794,0.417605340008344,0.0081351689612015,0.387567793074677,0.170629954109303,0.548393825615353,0.0381584404811282,0.126617895329207,0,1,0.766460326392797,0.233539673607203,62565,1967,208900,0.983938256153525,0.000904648390941597,0.320257775287195,"medium","medium","medium"
"17031828508",4065,0.162853628536285,0.645510455104551,0,0.131857318573186,0.035670356703567,0.10146252285192,0.31375080697224,0.13463687150838,0.999913088979935,0.659780503550678,0.340219496449322,42180,1989,,0.940221402214022,0.000821236559139785,0.267095736122285,,"low","medium"
"17031824126",5733,0.809872667015524,0.00383743240886098,0.110762253619396,0.0659340659340659,0.094540380254666,0.041289933694997,0.0171149144254279,0,1,0.981418092909535,0.0185819070904645,136620,1998,331800,0.990406418977848,0.00133523421588595,0.49796990685455,"medium","high","medium"
"17031824508",2980,0.854697986577181,0.0496644295302013,0,0.0634228187919463,0.0604026845637584,0.059748427672956,0.0427774333539988,0.0375894988066826,0.999976696452053,0.815251084934904,0.184748915065096,60966,1982,165300,0.967785234899329,0.000925064599483204,0.316309719934102,"low","medium","medium"
"17031242500",3245,0.570107858243451,0.107241910631741,0.0323574730354391,0.26040061633282,0.209861325115562,0.037125748502994,0.0454254638515675,0.0784198113207547,0.99994982989316,0.26423544465771,0.73576455534229,69950,0,454400,0.970107858243451,0.00108681672025723,0.629508196721312,"high","medium","old"
"17031242100",3813,0.661421452924207,0.010752688172043,0.0763178599527931,0.126147390506163,0.0954628901127721,0.0228855721393035,0.0126071608673727,0.0516499282639885,0.999973954320219,0.54059505799294,0.45940494200706,158885,1997,590000,0.874639391555206,0.000936515997968512,0.838061842524705,"high","high","medium"
"17031241400",5503,0.717245139015083,0.0852262402326004,0.0467017990187171,0.0961293839723787,0.101944393966927,0.0364421002157756,0.0702659785629218,0.0337552742616034,0.999986599911894,0.299325129019452,0.700674870980548,137049,1959,619400,0.945302562238779,0.00116142969363708,0.814019715224535,"high","high","medium"
"17031060500",1233,0.706407137064071,0.0275750202757502,0.150040551500406,0.102189781021898,0.209245742092457,0.0352760736196319,0.291420118343195,0.0950468540829987,0.99985941791095,0.220414201183432,0.779585798816568,48393,1964,778000,0.986212489862125,0.000663967611336032,0.557550158394931,"high","medium","medium"
"17031040800",1629,0.728667894413751,0.0270104358502149,0.0190300798035605,0.155310006138735,0.0914671577655003,0.0179372197309417,0.0567465321563682,0.0842956120092379,0.999893711661578,0.431273644388398,0.568726355611602,79922,0,396900,0.930018416206261,0.000948564593301435,0.698016164584864,"high","medium","old"
"17031830700",4148,0.389826422372228,0.379218900675024,0.102459016393443,0.115718418514947,0.246624879459981,0.040638055450057,0.161290322580645,0.0683470673776054,0.999964440875642,0.278876170655567,0.721123829344433,59226,1946,284500,0.987222757955641,0.00135815804434338,0.476401647133354,"medium","medium","old"
"17031020701",1764,0.687641723356009,0.0578231292517007,0.0975056689342404,0.132086167800454,0.159297052154195,0.066017316017316,0.106849315068493,0.0942928039702233,0.999870848457659,0.736986301369863,0.263013698630137,74167,1942,424400,0.975056689342404,0.00086864406779661,0.598200899550225,"high","medium","old"
"17031200300",1980,0.0707070707070707,0.0616161616161616,0.00353535353535354,0.864141414141414,0.302020202020202,0.0606326889279438,0.245723172628305,0.0930888575458392,0.999855248238305,0.396578538102644,0.603421461897356,54943,0,254800,1,0.00107764952780693,0.248882265275708,"medium","medium","old"
"17031170300",5536,0.580382947976879,0.000541907514450867,0.0545520231213873,0.362174855491329,0.35025289017341,0.0226027397260274,0.0389105058365759,0.0722021660649819,0.999959866999235,0.735408560311284,0.264591439688716,82196,1958,271800,0.997651734104046,0.000948609644491376,0.259387483355526,"medium","medium","medium"
"17031160602",3703,0.389413988657845,0.0372670807453416,0.0791250337564137,0.451255738590332,0.271401566297597,0.0263157894736842,0.0803750837240455,0.100060277275467,0.999932984881632,0.500334896182184,0.499665103817816,66250,0,327400,0.957061841749932,0.0008542814221332,0.464783565663977,"medium","medium","old"
"17031140701",2999,0.206068689563188,0.0446815605201734,0.18539513171057,0.545181727242414,0.463821273757919,0.0388206388206388,0.131178707224335,0.0598748882931189,0.999943087946112,0.325095057034221,0.67490494296578,75585,0,295000,0.981327109036345,0.00115600287562904,0.288199341795957,"medium","medium","old"
"17031120400",3816,0.546907756813417,0.00655136268343815,0.177148846960168,0.2458071278826,0.285115303983228,0.0725581395348837,0.128266033254157,0.0439061317183952,0.999965237842085,0.842438638163104,0.157561361836896,97829,0,367000,0.976415094339623,0.00112353923205342,0.441534489118406,"high","high","old"
"17031090200",6166,0.846578008433344,0.00210833603632825,0.0204346415828738,0.10071359065845,0.0807654881608823,0.0165405102326885,0.0219568567026194,0.0731881470903249,0.999971808134137,0.775808936825886,0.224191063174114,114511,1953,418300,0.969834576710996,0.000869051227644741,0.505963999132509,"high","high","medium"
"17031838300",1869,0.500802568218299,0.237025147137507,0.185125735687533,0.0395933654360621,0.092027822364901,0.0153609831029186,0.0936123348017621,0.115009746588694,0.999873353324904,0.232378854625551,0.767621145374449,89968,2006,477700,0.962546816479401,0.000846837944664032,0.678025034770515,"high","medium","new"
"17031071200",1994,0.824473420260782,0.0531594784353059,0.0260782347041123,0.0702106318956871,0.13691073219659,0.022239263803681,0.00901916572717024,0.0808290155440415,0.999908882017399,0.502818489289741,0.497181510710259,115250,1958,552800,0.973921765295888,0.000631751227495908,0.897308781869688,"high","high","medium"
"17031822302",4391,0.716693236164883,0.0680938282851287,0.039854247324072,0.162605329082214,0.255750398542473,0.0247770069375619,0.129813664596273,0.029535864978903,0.999981655078791,0.773913043478261,0.226086956521739,57071,1972,196600,0.987246640856297,0.000974370503597122,0.234277198211624,"medium","medium","medium"
"17031824116",5192,0.681625577812018,0.098613251155624,0.0585516178736518,0.150231124807396,0.223998459167951,0.0529500756429652,0.138475417230492,0.0443965517241379,0.999979974892793,0.51511050969779,0.48488949030221,62815,1983,252000,0.98902157164869,0.00115435684647303,0.350230414746544,"medium","medium","medium"
"17031825600",5221,0.131009385175254,0.699865926067803,0.0176211453744493,0.12794483815361,0.072016855008619,0.140651085141903,0.327763496143959,0.129753914988814,0.999916617547693,0.676735218508997,0.323264781491003,49349,1959,87700,0.976441294771117,0.00100038314176245,0.165672630881378,"low","medium","medium"
"17031823803",6703,0.90660898105326,0.0270028345516933,0.0319260032821125,0.0344621811129345,0.266000298373862,0.0290356031800899,0.139270302079247,0.0628676470588235,0.999975336957022,0.862298940761083,0.137701059238917,57891,1976,231500,1,0.000800429760945474,0.307905982905983,"medium","medium","medium"
"17031824505",6145,0.673881204231082,0.0636289666395443,0.0893409275834011,0.165174938974776,0.134255492270138,0.064113475177305,0.119057815845824,0.0546558704453441,0.999976593322855,0.725481798715203,0.274518201284797,61836,1975,207400,0.992026037428804,0.00093117536140792,0.303525566191922,"medium","medium","medium"
"17031829902",6890,0.141509433962264,0.830624092888244,0.00435413642960813,0.0188679245283019,0.0624092888243832,0.174547577349679,0.110504201680672,0.0559301864339548,0.999976500473907,0.916806722689076,0.0831932773109244,81221,1982,176600,0.995355587808418,0.000756756756756757,0.510823529411765,"medium","medium","medium"
"17031829402",3231,0.245125348189415,0.622098421541318,0,0.0445682451253482,0.0396162178891984,0.104582843713279,0.0749336870026525,0.0827250608272506,0.999945145541785,0.624005305039788,0.375994694960212,42130,1954,20100,0.911792014856082,0.00089612676056338,0.205697528278173,"low","low","medium"
"17031829500",4042,0.316922315685304,0.29737753587333,0,0.354280059376546,0.123206333498268,0.0731857318573186,0.192307692307692,0.0697674418604651,0.999955279280891,0.683974358974359,0.316025641025641,45321,1965,102500,0.968579910935181,0.000714891811624947,0.118968386023295,"low","low","medium"
"17031826800",5436,0.103384841795438,0.380610743193525,0,0.48822663723326,0.132634289919058,0.121089436878911,0.271554252199413,0.173533688802714,0.999898231068349,0.438709677419355,0.561290322580645,48293,1965,68300,0.972222222222222,0.000901364113326338,0.130832282471627,"low","medium","medium"
"17031827600",3136,0.00573979591836735,0.959183673469388,0,0.00478316326530612,0.00988520408163265,0.205906480721903,0.305776892430279,0.207576953433307,0.999793292783089,0.602589641434263,0.397410358565737,39643,1961,92500,0.969706632653061,0.00107407407407407,0.178668110449377,"low","low","medium"
"17031826201",3638,0.10197910940077,0.774601429356789,0,0.115997800989555,0.0786146234194612,0.0639645345155161,0.150117647058824,0.109014675052411,0.999948701608106,0.487529411764706,0.512470588235294,36309,1975,86100,0.992578339747114,0.000684259259259259,0.235491753207086,"low","low","medium"
"17031823102",3833,0.764936081398382,0.0086094442995043,0,0.210279154709105,0.178972084529089,0.0461705594785443,0.17508896797153,0.0363511659807956,0.99997412795338,0.671174377224199,0.328825622775801,62467,1961,181900,0.983824680406992,0.00109339158929547,0.17723052079128,"medium","medium","medium"
"17031821800",5246,0.53183377811666,0.303088067098742,0.000571864277544796,0.130575676706062,0.0651925276401067,0.0417881438289602,0.0752997601918465,0,1,0.769304556354916,0.230695443645084,73179,1954,191800,0.966069386199009,0.000781929347826087,0.419633225458468,"medium","medium","medium"
"17031820400",5625,0.0787555555555556,0.158222222222222,0.000177777777777778,0.762844444444444,0.351111111111111,0.0925460636515913,0.223529411764706,0.0705303444505194,0.999958513283307,0.450588235294118,0.549411764705882,43232,1950,178700,1,0.00100391877449234,0.0738960648843497,"medium","low","old"
"17031818700",3795,0.741765480895916,0.0263504611330698,0.0129117259552042,0.162055335968379,0.104084321475626,0.00941176470588235,0.0582241630276565,0.0912698412698413,0.9999335780357,0.908296943231441,0.091703056768559,101765,1952,271300,0.943083003952569,0.000802850356294537,0.484147706079821,"medium","high","medium"
"17031500100",3282,0.0127970749542962,0.97684338817794,0,0.0103595368677636,0.0036563071297989,0.0781932977173385,0.130722891566265,0.0399074609600925,0.999975959938806,0.518674698795181,0.481325301204819,61531,1962,130900,1,0.000632835820895522,0.297701568770522,"low","medium","medium"
"17031822000",4216,0.659867172675522,0.00877609108159393,0.00782732447817837,0.306451612903226,0.116935483870968,0.0456852791878173,0.0888252148997135,0.0547128927410618,0.999968646889787,0.734670487106017,0.265329512893983,51487,,122800,0.98292220113852,0.000871282734132268,0.173533519553073,"low","medium",
"17031817101",4552,0.0441564147627417,0.86115992970123,0.0070298769771529,0.0685413005272408,0.070079086115993,0.114891736632788,0.257631257631258,0.0575373993095512,0.999964874616431,0.628815628815629,0.371184371184371,51905,1955,158500,0.980887521968366,0.00105137449301487,0.151960784313725,"low","medium","medium"
"17031816100",5432,0.49300441826215,0.318298969072165,0.0351620029455081,0.116715758468336,0.114322533136966,0.0667996011964108,0.15643153526971,0.1090573012939,0.999954750055412,0.612033195020747,0.387966804979253,60109,1943,235000,0.963181148748159,0.00085076660988075,0.422127255460589,"medium","medium","old"
"17031711000",3635,0.0572214580467675,0.925997248968363,0.0154057771664374,0,0.0288858321870702,0.192462987886945,0.462147887323944,0.19375443577005,0.999829470603043,0.519366197183099,0.480633802816901,50446,0,162000,0.998624484181568,0.000903141361256545,0.15309046254605,"low","medium","old"
"17031700501",6485,0.0320740169622205,0.8982266769468,0.0148033924441018,0.0348496530454896,0.0164996144949884,0.0641696502340953,0.116484440706476,0.0540970564836913,0.999977251545055,0.764928511354079,0.235071488645921,64022,1959,173600,0.979953739398612,0.000775253216534355,0.258885383806519,"medium","medium","medium"
"17031700200",6506,0.0848447586842914,0.169074700276668,0.0166000614817092,0.719335997540732,0.263295419612665,0.150159744408946,0.141530054644809,0.0140086206896552,0.999992345074615,0.886338797814208,0.113661202185792,73946,1957,178700,0.9898555179834,0.00105107187894073,0.192327107521454,"medium","medium","medium"
"17031813100",4724,0.490897544453853,0.215918712955123,0.0988569009314141,0.150296359017782,0.100762066045724,0.035996835443038,0.0622857142857143,0.0342163355408389,0.999980448190543,0.66,0.34,101538,0,332700,0.955969517358171,0.000880573248407643,0.575022734161867,"medium","high","old"
"17031811800",5136,0.396417445482866,0.0142133956386293,0.0101246105919003,0.577492211838006,0.219236760124611,0.0300514037168841,0.153610771113831,0.0700056915196357,0.999957158694991,0.779069767441861,0.22093023255814,80084,1955,195800,0.998247663551402,0.00100781860828772,0.165483342435827,"medium","medium","medium"
"17031560100",1314,0.105783866057839,0.169710806697108,0.0677321156773212,0.65296803652968,0.34855403348554,0.0794573643410853,0.144171779141104,0.0632183908045977,0.99980611615405,0.797546012269939,0.202453987730061,53125,1960,180600,0.996194824961948,0.00112621359223301,0.128865979381443,"medium","medium","medium"
"17031611200",2248,0.0814056939501779,0.149021352313167,0.00622775800711744,0.759786476868327,0.453291814946619,0.0834088848594742,0.334987593052109,0.0892655367231638,0.999889260978232,0.359801488833747,0.640198511166253,29861,0,121400,0.99644128113879,0.000870216306156406,0.0718771807397069,"low","low","old"
"17031842400",3098,0.00710135571336346,0.958037443511943,0.0200129115558425,0.00290510006455778,0.0209812782440284,0.178200692041523,0.284900284900285,0.107438016528926,0.999923483051496,0.658831908831909,0.341168091168091,53715,1953,161300,0.988056810845707,0.000586277521761393,0.337219730941704,"low","medium","medium"
"17031431302",3538,0.0135669869983041,0.87591859807801,0,0.108818541548898,0.0378745053702657,0.259597806215722,0.517492711370262,0.376363636363636,0.999725757710249,0.118804664723032,0.881195335276968,26389,0,265700,0.998304126625212,0.000743716116313455,0.181541582150101,"medium","low","old"
"17031480400",5309,0.00489734413260501,0.98851007722735,0,0.00376718779431155,0.0192126577509889,0.0497813656239489,0.153436807095344,0.144861585134623,0.999935763955743,0.882483370288248,0.117516629711752,74597,1951,185700,0.997174609154266,0.000783338931810548,0.420993227990971,"medium","medium","medium"
"17031310900",4983,0.182219546457957,0.0182620911097732,0.0124423038330323,0.76580373269115,0.258278145695364,0.0983040201005025,0.12636695018226,0.113624124932687,0.999930974312303,0.364520048602673,0.635479951397327,59333,0,240200,0.978727674091913,0.00102643350955673,0.350310559006211,"medium","medium","old"
"17031301803",3547,0.0346771919932337,0,0,0.965322808006766,0.436425148012405,0.0979967514889009,0.303370786516854,0.129420617005267,0.999888153723603,0.340535868625756,0.659464131374244,33227,0,156800,1,0.00119492574257426,0.126338329764454,"low","low","old"
"17031430600",2222,0.0121512151215122,0.902790279027903,0.00405040504050405,0.036003600360036,0.0373537353735374,0.190605239385727,0.327114427860696,0.0966292134831461,0.999879828853931,0.378109452736318,0.621890547263682,58800,0,271800,0.954995499549955,0.000821311475409836,0.231854838709677,"medium","medium","old"
"17031410600",2483,0.435360451067257,0.185259766411599,0.155457108336689,0.159887233185663,0.216673378977044,0.0555192684519922,0.0499153976311337,0.064873417721519,0.99994511856398,0.314720812182741,0.685279187817259,33250,1959,381800,0.935964559001208,0.000819047619047619,0.801705756929638,"high","low","medium"
"17031260600",2097,0.0185979971387697,0.965188364329995,0,0.0162136385312351,0.00906056270863138,0.467760844079719,0.455909943714822,0.394318181818182,0.999260737941187,0.382739212007505,0.617260787992495,29577,0,169200,1,0.00143271461716937,0.102347417840376,"low","low","old"
"17031251200",4527,0.00773138944113099,0.682571239231279,0,0.30969737132759,0.148442677269715,0.145754716981132,0.345932621199671,0.0991857883049593,0.999918506404849,0.593262119967132,0.406737880032868,51192,0,159800,1,0.00099164100307963,0.0635118306351183,"low","medium","old"
"17031290900",3611,0,0.99584602603157,0.0041539739684298,0,0,0.250950570342205,0.548497854077253,0.299037304452467,0.99974338148846,0.200858369098712,0.799141630901288,29720,1948,122700,1,0.000998339789706696,0.0536997885835095,"low","low","old"
"17031281900",6487,0.479882842608294,0.0357638353630338,0.35517188222599,0.0968090026206259,0.362262987513489,0.0132355935654653,0.00424515786680817,0.131766873992168,0.999965040523351,0.334836826744495,0.665163173255505,109670,1988,369700,0.967627562817944,0.00112062765609676,0.884915084915085,"high","high","medium"
"17031808301",5435,0.603127874885005,0.00202391904323827,0.349954001839926,0.0285188592456302,0.357865685372585,0.0393928442356343,0.0388802488335925,0.0801144492131617,0.999968852273005,0.7900466562986,0.2099533437014,64714,1975,3e+05,0.983624655013799,0.000941071428571429,0.561189214104632,"medium","medium","medium"
"17031730400",4284,0.046218487394958,0.908963585434174,0,0.0242763772175537,0.00980392156862745,0.051329911339244,0.204022988505747,0.0504774897680764,0.999963738750437,0.755028735632184,0.244971264367816,84000,1949,160100,0.979458450046685,0.00105763688760807,0.286227154046997,"low","medium","old"
"17031660900",4883,0.0305140282613148,0.782920335859103,0.00430063485562154,0.148474298586934,0.100962523039115,0.173031588873173,0.498659517426273,0.20042872454448,0.999865682437368,0.254691689008043,0.745308310991957,39016,1946,175000,0.966209297562974,0.000703768318213538,0.0594631328576283,"medium","low","old"
"17031681100",2381,0.00251994960100798,0.965140697186056,0.000419991600167997,0.0247795044099118,0.00125997480050399,0.267688679245283,0.528801843317972,0.42969776609724,0.999505201437488,0.205069124423963,0.794930875576037,22762,0,65500,0.992860142797144,0.000660390516039052,0.100930565497495,"low","low","old"
"17031580600",4691,0.12555958217864,0.0257940737582605,0.0842037945001066,0.764442549562993,0.437646557237263,0.150691244239631,0.22289972899729,0.118279569892473,0.999919871211183,0.5210027100271,0.4789972899729,41983,1951,179100,1,0.00110076130765786,0.186986301369863,"medium","low","medium"
"17031561100",5684,0.490323715693174,0.00175932441942294,0.00703729767769177,0.500879662209711,0.189303307529909,0.0532047293092719,0.117562380038388,0.0704727921498662,0.999966185024417,0.916506717850288,0.0834932821497121,88070,1957,244500,1,0.00103072525902108,0.268649439297903,"medium","medium","medium"
"17031810900",6314,0.509185936015204,0.0554323725055432,0.0435540069686411,0.389768767817548,0.25245486221096,0.055156564205688,0.0937984496124031,0.0779127948534668,0.999969802154242,0.498062015503876,0.501937984496124,48130,1957,240500,0.997941083306937,0.00103611738148984,0.238275172260502,"medium","medium","medium"
"17031805105",7124,0.334783829309377,0.012914093206064,0.132790567097136,0.510948905109489,0.424340258281864,0.0240837696335079,0.108587943848059,0.104289940828402,0.99995694242347,0.524772914946325,0.475227085053675,68119,1976,148300,0.991437394722066,0.00119132574592433,0.297469746974697,"low","medium","medium"
"17031804805",6518,0.635471003375269,0.0184105553850875,0.175360540042958,0.146670757901197,0.20113531758208,0.0330364837690319,0.0111158614792646,0.0530364372469636,0.999977325679914,0.90166737922189,0.0983326207781103,90597,1974,270400,0.975912856704511,0.000989014342386329,0.3918481777011,"medium","high","medium"
"17031804711",7987,0.342681858019281,0.133592087141605,0.309127331914361,0.129209966195067,0.331663953925128,0.0624685138539043,0.0920087976539589,0.0260621206711889,0.999990446527974,0.539589442815249,0.460410557184751,75818,1981,194800,0.914611243270314,0.000853132250580046,0.407876509004552,"medium","medium","medium"
"17031805802",4988,0.902967121090617,0.00360866078588613,0.0336808340016038,0.0443063352044908,0.113071371291099,0.034965034965035,0.0135795763172189,0.0466079751424133,0.9999746839787,0.841390548614883,0.158609451385117,105057,1958,382900,0.984562951082598,0.000995998399359744,0.634103539046505,"high","high","medium"
"17031805600",4500,0.908666666666667,0.00777777777777778,0.0486666666666667,0.0322222222222222,0.0546666666666667,0.0261282660332542,0.0259403372243839,0.0416407706650093,0.999972996338384,0.976653696498054,0.0233463035019455,137895,1945,563900,0.997333333333333,0.000947209000432713,0.739806496199032,"high","high","old"
"17031805401",4212,0.709164292497626,0.0220797720797721,0.119895536562203,0.123456790123457,0.365147198480532,0.0445969125214408,0.0797836375929682,0.043956043956044,0.999970280772403,0.824881676808655,0.175118323191346,84625,1958,338200,0.974596391263058,0.000891333632689717,0.450322977545371,"medium","medium","medium"
"17031803603",6370,0.710675039246468,0.0142857142857143,0.229827315541601,0.0131868131868132,0.236734693877551,0.0136861313868613,0.0213457076566125,0.106550580431177,0.999950559019737,0.926682134570766,0.0733178654292343,177039,1983,527000,0.967974882260597,0.000927966101694915,0.715355805243446,"high","high","medium"
"17031803017",5767,0.701404543089995,0.00537541182590602,0.118605860932894,0.147390324258713,0.248309346280562,0.014067644417839,0.0317460317460317,0.020979020979021,0.99999167506098,0.557539682539683,0.442460317460317,95795,1980,345000,0.972776140107508,0.000880952380952381,0.593631178707224,"medium","high","medium"
"17031804607",7409,0.674719935213929,0.00634363611823458,0.169928465379943,0.0977189904170603,0.244162505061412,0.028911995942176,0.0981400870597546,0.0376999238385377,0.99998508137657,0.731301939058172,0.268698060941828,101815,1977,329600,0.948711027129167,0.000769102196752627,0.45298980965199,"medium","high","medium"
"17031804202",7499,0.605814108547806,0.00333377783704494,0.311508201093479,0.0633417789038538,0.290172022936391,0.0242105263157895,0.066616484757245,0.0598018400566171,0.999977493227659,0.858487015430937,0.141512984569063,151411,1984,561500,0.983997866382184,0.000970310036784025,0.67927326659251,"high","high","medium"
"17031351000",3197,0.0353456365342509,0.747263059117923,0.131373162339693,0.0165780419142947,0.307475758523616,0.0667008722421755,0.0422289943404441,0.0696638315107331,0.999969672738878,0.0539834566826295,0.946016543317371,51074,1957,214100,0.930559899906162,0.00101069182389937,0.54872174879585,"medium","medium","medium"
"17031802200",4778,0.962118041021348,0.00167434072833822,0.0261615738802846,0.00669736291335287,0.0711594809543742,0.0446355446355446,0.00684570826750922,0.0500250125062531,0.999973657875334,0.866245392311743,0.133754607688257,148427,1965,543400,0.996651318543324,0.00100251466890193,0.785800240673887,"high","high","medium"
"17031801606",6972,0.808089500860585,0.0160642570281124,0.143144004589788,0.0143430866322433,0.200946643717728,0.0155440414507772,0.0178041543026706,0.0801774138519277,0.999970261487576,0.853115727002967,0.146884272997033,141708,1974,557400,0.981640849110729,0.000962837837837838,0.609922703577207,"high","high","medium"
"17031831000",2116,0.858695652173913,0.00803402646502836,0.0335538752362949,0.0860113421550095,0.0680529300567108,0.0567964262922782,0.012,0.113475177304965,0.99988653769785,0.65,0.35,159375,1994,645600,0.986294896030246,0.00100568720379147,0.854681217690982,"high","high","medium"
"17031250300",5433,0.0237437879624517,0.612184796613289,0.00515369041045463,0.337014540769372,0.105466593042518,0.0761487964989059,0.326129666011788,0.118869013271783,0.999922161256937,0.475442043222004,0.524557956777996,39844,1941,225300,0.978096815755568,0.000823766364551863,0.206313049137651,"medium","low","old"
"17031010600",6363,0.538896746817539,0.209020902090209,0.0458903033160459,0.145214521452145,0.233537639478234,0.0192070918492982,0.0984238178633975,0.0787350758309132,0.999972422800512,0.292469352014011,0.70753064798599,57118,1941,232000,0.939022473675939,0.000919457013574661,0.590719155487134,"medium","medium","old"
"17031062100",3710,0.803504043126685,0.0283018867924528,0.0792452830188679,0.0703504043126685,0.103234501347709,0.0380589914367269,0.0386058981233244,0.0450588837685612,0.999975840324311,0.328150134048257,0.671849865951743,94607,1965,450000,0.981401617250674,0.0012188995215311,0.865028203062047,"high","high","medium"
"17031063302",3867,0.756658908714766,0.0312904059994828,0.08714765968451,0.103956555469356,0.207913110938712,0.00867244829886591,0.00339750849377123,0.121393034825871,0.999954176114713,0.252170630426576,0.747829369573424,85152,1957,333000,0.979053529868115,0.000712577502214349,0.875730544447862,"medium","medium","medium"
"17031010503",1973,0.684744044602129,0.118094272681196,0.102889001520527,0.0385200202736949,0.225544855549924,0.0426008968609865,0.330812854442344,0.191131498470948,0.999819379039588,0.14461247637051,0.85538752362949,17188,1959,336700,0.944247339077547,0.000783905967450271,0.349953831948292,"medium","low","medium"
"17031030706",2774,0.550468637346792,0.200072098053353,0.186373467916366,0.0418168709444845,0.287671232876712,0.149719276356831,0.0536663124335813,0.10038240917782,0.999946664689027,0.371413390010627,0.628586609989373,48256,0,283100,0.978731074260995,0.000827404479578393,0.568596352101507,"medium","medium","old"
"17031350100",2562,0.0616705698672912,0.348555815768931,0.519516003122561,0.0265417642466823,0.572599531615925,0.0539152759948652,0.0547588005215124,0.100820633059789,0.999934280308241,0,1,54352,1962,,0.956284153005464,0.000805496828752643,0.767537826685007,,"medium","medium"
"17031980000",0,,,,,,,,,,,,,,,,,,,,
"17031802004",5610,0.517647058823529,0.0180035650623886,0.380392156862745,0.07825311942959,0.508377896613191,0.109547356409281,0.188893946290396,0.0883817427385892,0.999959773241954,0.671370050068275,0.328629949931725,35609,1974,158800,0.994295900178253,0.000711409395973154,0.423026829903621,"low","low","medium"
"17031804609",5707,0.428771683896969,0.0269844051165236,0.445768354652182,0.00806027685298756,0.405642193797091,0.0636627906976744,0.0655594405594406,0.0684039087947883,0.999970104080508,0.657342657342657,0.342657342657343,101923,1991,392400,0.909584720518661,0.000957133058984911,0.696977205153617,"high","high","medium"
"17031824003",6189,0.836968815640653,0.000646307965745678,0.0156729681693327,0.136047826789465,0.164323800290839,0.0487323016134343,0.0338983050847458,0.0427728613569322,0.999978031884069,0.870056497175141,0.129943502824859,99958,1989,347000,0.989335918565196,0.00129137356534617,0.385474860335196,"medium","high","medium"
"17031260300",1777,0.0118176702307259,0.888013505908835,0,0.0990433314575127,0.0343275182892515,0.292217327459618,0.612431444241316,0.186011904761905,0.999660057273551,0.0987202925045704,0.90127970749543,18344,1952,179200,0.998874507597074,0.00141112618724559,0.0154589371980676,"medium","low","medium"
"17031431200",2589,0.00811123986095017,0.969100038624952,0,0.00347624565469293,0.0181537273078409,0.076551724137931,0.247773279352227,0.12037037037037,0.999902543611734,0.681781376518219,0.318218623481781,49701,0,187700,0.980687524140595,0.000912112259970458,0.342269028243179,"medium","medium","old"
"17031650302",4766,0.031682752832564,0,0,0.964960134284515,0.347880822492656,0.10787824529991,0.319244604316547,0.0446735395189003,0.999959827567559,0.737410071942446,0.262589928057554,47500,1953,182600,0.996642887117079,0.00118223443223443,0.0829827915869981,"medium","medium","medium"
"17031671800",1235,0.00404858299595142,0.967611336032389,0,0.0251012145748988,0.0275303643724696,0.289473684210526,0.46031746031746,0.194029850746269,0.999486956864912,0.492063492063492,0.507936507936508,29643,0,85200,0.996761133603239,0.000741889985895628,0.0894308943089431,"low","low","old"
"17031191302",4942,0.0645487656819102,0.0123431808984217,0,0.923108053419668,0.40692027519223,0.0453869047619048,0.289223454833597,0.108757062146893,0.99991382908839,0.538827258320127,0.461172741679873,57424,0,236800,1,0.00110208421948107,0.0895334174022699,"medium","medium","old"
"17031813302",2830,0.0455830388692579,0.0335689045936396,0,0.920848056537102,0.374558303886926,0.0444271239282931,0.226285714285714,0.144672531769306,0.999834687296501,0.427428571428571,0.572571428571429,41458,0,178600,1,0.00102576950608447,0.0911764705882353,"medium","low","old"
"17031840200",2190,0.199543378995434,0.00593607305936073,0.618264840182648,0.160730593607306,0.477625570776256,0.0305635148042025,0.196358907672302,0.0253485424588086,0.999967038092428,0.668400520156047,0.331599479843953,52625,1962,290700,0.984474885844749,0.000756214915797915,0.268610421836228,"medium","medium","medium"
"17031161100",2040,0.660294117647059,0.0583333333333333,0.0573529411764706,0.190686274509804,0.109313725490196,0.02,0.0534045393858478,0.0566750629722922,0.999924338084341,0.747663551401869,0.252336448598131,137292,0,549000,0.966666666666667,0.00104204204204204,0.63150289017341,"high","high","old"
"17031150401",4700,0.579148936170213,0.0131914893617021,0.0925531914893617,0.281489361702128,0.34468085106383,0.0309859154929577,0.129707112970711,0.0847921225382932,0.999949319889262,0.59175134488942,0.40824865511058,71250,1944,278200,0.966382978723404,0.000842414739317914,0.410671462829736,"medium","medium","old"
"17031140702",6083,0.246424461614335,0.0230149597238205,0.073154693407858,0.62748643761302,0.33437448627322,0.0556364695601515,0.160113690194221,0.0439311594202899,0.99997918984121,0.297963050686878,0.702036949313122,55568,0,314100,0.970080552359033,0.00103308823529412,0.346990389479009,"medium","medium","old"
"17031831900",3384,0.787825059101655,0.0118203309692671,0.057919621749409,0.106973995271868,0.0703309692671395,0.014336917562724,0.0177595628415301,0.0985221674876847,0.999932707966031,0.422814207650273,0.577185792349727,113889,0,612800,0.964539007092199,0.00101308744794765,0.851898206090947,"high","high","old"
"17031060400",3981,0.844762622456669,0.00653102235619191,0.0359206229590555,0.104245164531525,0.0776186887716654,0.0515129682997118,0.00365408038976857,0.026674570243035,0.999983755093229,0.498781973203411,0.50121802679659,144453,1970,605600,0.991459432303441,0.000873411764705882,0.876997398736529,"high","high","medium"
"17031040600",2635,0.721062618595825,0.0941176470588235,0.00721062618595825,0.125996204933586,0.0994307400379507,0.00933125972006221,0.0580319596299411,0.0818532818532818,0.999931162617925,0.353238015138772,0.646761984861228,84362,0,781000,0.948387096774194,0.000755496335776149,0.792074363992172,"high","medium","old"
"17031032100",7166,0.643734300865197,0.0874965113033771,0.0413061680156294,0.201507116941111,0.246441529444599,0.0560550985268797,0.186232790988736,0.103053435114504,0.999974205062113,0.31188986232791,0.68811013767209,64712,1960,293600,0.974044097125314,0.000761986722399803,0.513541666666667,"medium","medium","medium"
"17031030601",3981,0.373775433308214,0.241396634011555,0.222808339613163,0.12082391358955,0.372268274302939,0.0219449225473322,0.1863488624052,0.119694802098236,0.999935164116154,0.245937161430119,0.754062838569881,40846,1963,228800,0.958804320522482,0.00135422826729746,0.425938337801609,"medium","low","medium"
"17031030102",3192,0.419799498746867,0.151002506265664,0.258771929824561,0.116541353383459,0.402882205513784,0.0671794871794872,0.145993413830955,0.120656370656371,0.999933782447263,0.350713501646542,0.649286498353458,48357,1961,221300,0.946115288220551,0.00100502512562814,0.483894853757867,"medium","medium","medium"
"17031804506",4997,0.650590354212528,0.00480288172903742,0.164698819291575,0.141484890934561,0.233740244146488,0.0283605283605284,0.0580503833515882,0.0297555791710946,0.999983704767636,0.828587075575027,0.171412924424973,107625,1989,304600,0.961576946167701,0.00107689110556941,0.486088379705401,"medium","high","medium"
"17031280100",6725,0.688773234200744,0.0187360594795539,0.19182156133829,0.0596282527881041,0.2,0.00653033167210861,0.00224164985429276,0.0606443461781428,0.999986405845826,0.302398565344093,0.697601434655907,124688,2004,415700,0.958959107806691,0.000876918783142618,0.921890224098733,"high","high","new"
"17031670400",1693,0,0.850561134081512,0,0.149438865918488,0.060838747784997,0.2,0.458110516934046,0.205382436260623,0.999634033381203,0.38680926916221,0.61319073083779,28990,1942,96300,1,0.000870718232044199,0.0860403863037752,"low","low","old"
"17031833100",7573,0.616004225538096,0.0940182226330384,0.222500990360491,0.045556582596065,0.129275056120428,0.0172755083678244,0.039181432493137,0.0709482958497566,0.999982294225192,0.603693536311455,0.396306463688545,131852,2002,489000,0.97808002112769,0.00106969117245149,0.825282462747667,"high","high","new"
"17031760802",2343,0.884763124199744,0,0.00725565514297909,0.107981220657277,0.364489970123773,0.0229885057471264,0.0638655462184874,0.026982829108749,0.999977325867818,0.831932773109244,0.168067226890756,59688,1972,326100,1,0.00112036199095023,0.260633036597428,"medium","medium","medium"
"17031824509",4723,0.852424306584798,0.0317594749100148,0.0239254710988778,0.0810925259369045,0.077916578445903,0.0423801369863014,0,0,1,0.924626380766732,0.0753736192332684,91250,1972,222200,0.989201778530595,0.00118051708217913,0.318271767810026,"medium","high","medium"
"17031804305",7418,0.387301159342141,0.0727959018603397,0.0835804799137234,0.445268266379078,0.333243461849555,0.0296296296296296,0.137224584460765,0.0167236792094261,0.999993535534944,0.824893699265559,0.175106300734441,75274,1977,188400,0.988945807495282,0.00100649175006762,0.217591738889913,"medium","medium","medium"
"17031770400",4516,0.612931798051373,0.0298937112488928,0.0695305580159433,0.267714791851196,0.259521700620018,0.062453531598513,0.068125,0.063231850117096,0.999960481655438,0.579375,0.420625,88068,1964,241500,0.980070859167405,0.00105646630236794,0.218492925304376,"medium","medium","medium"
"17031802404",7413,0.458518818292189,0.0248212599487387,0.138270605692702,0.35505193578848,0.441251854849589,0.0240179573512907,0.0867564903056195,0.0567265964042157,0.999981358679282,0.639829116003943,0.360170883996057,54491,1978,151900,0.97666261972211,0.00104271149076881,0.269994726665495,"low","medium","medium"
"17031801605",5349,0.67339689661619,0.00186950831931202,0.204150308468873,0.101327350906712,0.18358571695644,0.00492206726825267,0.00666984278227727,0.0753303964757709,0.999964112580723,0.967127203430205,0.0328727965697951,131960,1975,561200,0.980744064311086,0.000912406149445835,0.803673047077082,"high","high","medium"
"17031801200",3604,0.907047724750278,0.00527192008879023,0.0310765815760266,0.0374583795782464,0.0657602663706992,0.0173448965977318,0,0.0870967741935484,0.99993845129788,0.952650176678445,0.0473498233215548,246806,1948,927800,0.980854605993341,0.000834096692111959,0.910046728971963,"high","high","old"
"17031800500",5498,0.915605674790833,0,0.0194616224081484,0.0260094579847217,0.0751182248090215,0.0342691990090834,0,0.0535152151101784,0.999970336126584,0.901330376940133,0.098669623059867,250001,1944,1072200,0.961076755183703,0.000952414772727273,0.909170305676856,"high","high","old"
"17031812000",5057,0.85445916551315,0.0456792564761716,0.0268934150682223,0.0460747478742337,0.0929404785445917,0.0623796688486715,0.0202156334231806,0.0650986980260395,0.999970756157103,0.852201257861635,0.147798742138365,123494,0,513700,0.973106584931778,0.000945,0.852459016393443,"high","high","old"
"17031730201",5069,0.0159794831327678,0.927599131978694,0.00532649437758927,0.0475438942592227,0.00789110278161373,0.14005016722408,0.257420924574209,0.18225228810187,0.999911320619911,0.433576642335766,0.566423357664234,,1943,152200,0.996449003748274,0.000681818181818182,0.180845511482255,"low",,"old"
"17031661100",6881,0.0340066850748438,0.341374800174393,0.00261589885191106,0.58087487283825,0.230199098968173,0.105889014722537,0.252998909487459,0.0377754459601259,0.999979403125461,0.781352235550709,0.218647764449291,53500,1955,158800,0.958872256939398,0.000975028702640643,0.097737120847376,"low","medium","medium"
"17031650100",4375,0.1648,0.00502857142857143,0.000228571428571429,0.827428571428571,0.399542857142857,0.0966782350024789,0.119825708061002,0.0549073438572409,0.999960126975646,0.461873638344227,0.538126361655773,43301,1954,176600,0.997485714285714,0.000792298238426874,0.0925306577480491,"medium","low","medium"
"17031820603",5809,0.568084007574453,0.0767774143570322,0.0256498536753314,0.311757617490102,0.243931829919091,0.0680684248039914,0.176245210727969,0.0950965824665676,0.999947952034547,0.732348111658456,0.267651888341544,66354,1986,190600,0.982268893096919,0.00111313204801746,0.147558968732858,"medium","medium","medium"
"17031750200",2700,0.280740740740741,0.627037037037037,0,0.0825925925925926,0.0311111111111111,0.0802833530106257,0.132475397426192,0.0964432284541724,0.999926997586778,0.588947766843301,0.411052233156699,69682,0,194000,0.99037037037037,0.000950867052023121,0.483103284150405,"medium","medium","old"
"17031824701",3890,0.598457583547558,0.0717223650385604,0.00077120822622108,0.313110539845758,0.090745501285347,0.0309663641217298,0.115189873417722,0.0435835351089588,0.999972416244993,0.692405063291139,0.307594936708861,63900,1961,165400,0.984061696658098,0.000963654719838465,0.152741020793951,"low","medium","medium"
"17031823604",3510,0.843589743589744,0.00142450142450142,0.0213675213675214,0.13019943019943,0.101139601139601,0.0634285714285714,0.0408653846153846,0.076239822353812,0.999938914130466,0.950320512820513,0.0496794871794872,87750,1966,294100,0.996581196581197,0.000925397696105321,0.411648177496038,"medium","medium","medium"
"17031828402",3735,0.304953145917001,0.594377510040161,0.0123159303882195,0.0698795180722892,0.0431057563587684,0.0968992248062016,0.205938092229943,0.0807200929152149,0.999949010753595,0.639924194567277,0.360075805432723,47656,1968,122700,0.981526104417671,0.000825513196480938,0.312763510923726,"low","medium","medium"
"17031827400",3817,0.0356300759758973,0.801676709457689,0.0138852501964894,0.139638459523186,0.06366256222164,0.111047510017172,0.414134275618375,0.248539564524695,0.999824384510864,0.507420494699647,0.492579505300353,28379,1966,76600,0.990830495153262,0.000701738742755239,0.132471728594507,"low","low","medium"
"17031810302",2963,0.526493418832265,0.283833952075599,0.0539993250084374,0.0543368207897401,0.167735403307459,0.0292628024760833,0.0575868372943327,0.136543014996054,0.999875204775978,0.686471663619744,0.313528336380256,102024,1951,316800,0.918663516706041,0.000734777517564403,0.632642998027613,"medium","high","medium"
"17031806005",3465,0.189321789321789,0.012987012987013,0.494949494949495,0.298701298701299,0.642424242424242,0.00374707259953162,0.110229976209358,0.0802334062727936,0.999936377239015,0.498017446471055,0.501982553528945,87516,1967,182400,0.995959595959596,0.000863905325443787,0.486861861861862,"medium","medium","medium"
"17031824124",2808,0.6502849002849,0.207264957264957,0.0441595441595442,0.0790598290598291,0.160968660968661,0.0276349614395887,0.141600703605981,0.0315161839863714,0.999972282048881,0.639401934916447,0.360598065083553,66953,1992,260300,0.980769230769231,0.000747355320472931,0.290466732869911,"medium","medium","medium"
"17031804315",2545,0.61335952848723,0,0.0982318271119843,0.237328094302554,0.174852652259332,0.0829457364341085,0.0792316926770708,0,1,0.851140456182473,0.148859543817527,93590,1991,234200,0.948919449901768,0.000890787518573551,0.302013422818792,"medium","high","medium"
"17031805002",6602,0.507573462587095,0.0366555589215389,0.142229627385641,0.265677067555286,0.455316570736141,0.0396066648456706,0.236382322713258,0.0470127326150832,0.999983894492822,0.424460431654676,0.575539568345324,49712,1973,259800,0.952135716449561,0.00109853782581055,0.344506878511916,"medium","medium","medium"
"17031804807",5555,0.594239423942394,0.0102610261026103,0.091989198919892,0.270567056705671,0.189018901890189,0.00553824852890273,0.103960396039604,0.0298826040554963,0.999983563194235,0.839383938393839,0.160616061606161,91163,1968,247600,0.967056705670567,0.00109227871939736,0.307877169559413,"medium","high","medium"
"17031805402",4305,0.815331010452962,0.0102206736353078,0.0947735191637631,0.0636469221835076,0.29732868757259,0.00905318747642399,0.0147783251231527,0.10077519379845,0.999937950159659,0.920566502463054,0.0794334975369458,92321,1956,313600,0.98397212543554,0.00109897610921502,0.420461634435434,"medium","high","medium"
"17031803702",6319,0.780028485519861,0.00379806931476499,0.139579047317614,0.0563380281690141,0.121221712296249,0.0503275759380584,0.0332946186604723,0.0496688741721854,0.999980771227603,0.731707317073171,0.268292682926829,98578,1967,331000,0.979743630321253,0.000814240597186334,0.667475192943771,"medium","high","medium"
"17031819600",3831,0.937614199947794,0.00704776820673453,0.00678673975463326,0.0180109631949883,0.0292351866353433,0.0226244343891403,0.00772200772200772,0.0189393939393939,0.999985375199263,0.934362934362934,0.0656370656370656,183720,1943,574500,0.96945967110415,0.000913586413586414,0.762,"high","high","old"
"17031821402",3137,0.0162575709276379,0.96684730634364,0,0,0.0420784188715333,0.124768375540457,0.150322118826056,0.128509045539613,0.999908019165948,0.620615604867573,0.379384395132427,57545,1959,110200,0.983104877271278,0.00104898758981058,0.177901023890785,"low","medium","medium"
"17031750600",3385,0.020384047267356,0.889807976366322,0,0.0360413589364845,0.044903988183161,0.0691489361702128,0.262063227953411,0.107646622123237,0.999910451761599,0.75873544093178,0.24126455906822,42174,1955,125800,0.946233382570162,0.000668309512074914,0.215213358070501,"low","low","medium"
"17031814800",5781,0.302542812662169,0.133194948970766,0.0624459436083723,0.498875627054143,0.30807818716485,0.05530253741054,0.176684881602914,0.0914356640463384,0.999958364363814,0.556921675774135,0.443078324225865,55226,0,243400,0.997059332295451,0.000962321792260692,0.194868238557559,"medium","medium","old"
"17031620100",4532,0.0842894969108561,0,0.0509708737864078,0.864739629302736,0.394527802294793,0.101640656262505,0.165654813529922,0.0145299145299145,0.999987398324867,0.779705117085863,0.220294882914137,67310,1956,213800,1,0.000943396226415094,0.121786197564276,"medium","medium","medium"
"17031840000",2502,0.383293365307754,0.008792965627498,0.446842525979217,0.158273381294964,0.347721822541966,0.0313807531380753,0.161825726141079,0.0242914979757085,0.999974801985604,0.612033195020747,0.387966804979253,86176,1985,406700,0.997202238209432,0.000926096997690531,0.397476340694006,"high","medium","medium"
"17031440800",1927,0.01141670991178,0.952257394914375,0.00778412039439543,0.0249091852620654,0.0259470679813181,0.258782201405152,0.42962962962963,0.176829268292683,0.999738099323574,0.241481481481481,0.758518518518518,26985,1950,126000,0.996367410482615,0.000883675464320626,0.120521172638436,"low","low","old"
"17031390300",3002,0.11892071952032,0.827781479013991,0.00899400399733511,0.0296469020652898,0.0239840106595603,0.184426229508197,0.442214111922141,0.106521739130435,0.999935209952809,0.173357664233577,0.826642335766423,26102,1968,620600,0.985343104596935,0.000760703812316716,0.309818875119161,"high","low","medium"
"17031381200",1980,0.0131313131313131,0.927777777777778,0,0.0161616161616162,0.0282828282828283,0.0345167652859961,0.142553191489362,0.202037351443124,0.99978511283382,0.226595744680851,0.773404255319149,52188,1954,165400,0.957070707070707,0.000852198316183349,0.436080467229072,"low","medium","medium"
"17031831400",2820,0.147517730496454,0.575531914893617,0.0294326241134752,0.238652482269504,0.174468085106383,0.0680272108843537,0.261508325171401,0.109075043630017,0.999893179831327,0.453476983349657,0.546523016650343,24780,0,202700,0.99113475177305,0.00129641693811075,0.161611138736947,"medium","low","old"
"17031300900",4016,0.0632470119521912,0,0,0.936752988047809,0.498505976095618,0.0483321987746766,0.140567200986436,0.118478260869565,0.999926960784642,0.527743526510481,0.472256473489519,31609,0,155800,1,0.00111257233035245,0.0689075630252101,"low","low","old"
"17031839000",10026,0.595451825254339,0.0905645322162378,0.152603231597846,0.124177139437463,0.194394574107321,0.0843292601047402,0.0607725017717931,0.121829780613039,0.99997841475002,0.316619418851878,0.683380581148122,99438,2000,311700,0.962796728505885,0.0011491961414791,0.780167562836063,"medium","high","medium"
"17031821401",3828,0.0154127481713689,0.855799373040752,0,0.100574712643678,0.0650470219435737,0.116946399566865,0.236081747709655,0.0990476190476191,0.999930203871806,0.5630725863284,0.4369274136716,46225,1959,118300,0.971786833855799,0.000784615384615385,0.180047694753577,"low","medium","medium"
"17031814600",5912,0.242219215155616,0.0720568335588633,0.0109945872801083,0.658660351826793,0.238836265223275,0.0348374253483743,0.156174334140436,0.107509454349001,0.999934925872721,0.734261501210654,0.265738498789346,74868,0,209700,0.98393098782138,0.00116160877513711,0.208275090858261,"medium","medium","old"
"17031816500",3995,0.151689612015019,0.0433041301627034,0.00125156445556946,0.803754693366708,0.322653316645807,0.0409422321929333,0.179273827534039,0.0876466528640442,0.999933705868075,0.565809379727685,0.434190620272315,41485,1967,73300,1,0.0011340811965812,0.0641838351822504,"low","low","medium"
"17031700302",5851,0.242693556656982,0.164929071953512,0,0.589471885147838,0.201504016407452,0.0720616570327553,0.102814474439977,0.0375898286346048,0.999978409524956,0.840896036760483,0.159103963239518,77396,1959,222400,0.997094513758332,0.000902764227642276,0.147175815433572,"medium","medium","medium"
"17031813500",6195,0.0542372881355932,0.0603712671509282,0.0114608555286521,0.873930589184826,0.406295399515739,0.0302589467558918,0.126344086021505,0.0984003877847794,0.999947099364332,0.53010752688172,0.46989247311828,60994,0,199800,1,0.000988125802310655,0.130586766541823,"medium","medium","old"
"17031670900",1337,0.0306656694091249,0.866866118175019,0,0.0568436798803291,0,0.177852348993289,0.570552147239264,0.234741784037559,0.999520185784064,0.40081799591002,0.59918200408998,32708,0,125300,0.954375467464473,0.000940493468795356,0.230563002680965,"low","low","old"
"17031640600",4123,0.410380790686393,0.0271646859083192,0.0152801358234295,0.547174387581858,0.135823429541596,0.151747247486836,0.190339275445658,0.0466008771929825,0.999973203203888,0.594594594594595,0.405405405405405,49632,1962,229300,1,0.00135734705546026,0.220598717034925,"medium","medium","medium"
"17031570400",1685,0.162611275964392,0.000593471810089021,0.0338278931750742,0.802967359050445,0.437388724035608,0.0714285714285714,0.134545454545455,0.0894039735099338,0.99983747373997,0.483636363636364,0.516363636363636,61275,0,175000,1,0.00100595238095238,0.11002661934339,"medium","medium","old"
"17031834300",6294,0.00651414045122339,0.953288846520496,0.0204957102001907,0,0.0131871623768669,0.185052219321149,0.184656900539707,0.134756504336224,0.999948053390828,0.728989976869699,0.271010023130301,58750,1953,184900,0.98029869717191,0.000774457287848886,0.386582903298183,"medium","medium","medium"
"17031490500",2025,0.0192592592592593,0.941728395061728,0.0133333333333333,0.011358024691358,0.0676543209876543,0.175956284153005,0.319775596072931,0.145083932853717,0.99979655762043,0.673211781206171,0.326788218793829,58295,1952,161700,0.985679012345679,0.000637025060630558,0.368683274021352,"low","medium","medium"
"17031330200",3904,0.499231557377049,0.201588114754098,0.203637295081967,0.0535348360655738,0.202356557377049,0.0214250124564026,0.169146005509642,0.0590979782270607,0.999967440190629,0.629201101928375,0.370798898071625,118516,1993,474000,0.957991803278688,0.00071453667105841,0.736467236467236,"high","high","medium"
"17031843900",3433,0.0538887270608797,0.87736673463443,0.0218467812408972,0.0250509758228954,0.059131954558695,0.031407739764442,0.26761951700345,0.112423447069116,0.999944594766771,0.417447018235584,0.582552981764416,50496,1961,162000,0.978153218759103,0.000601212686567164,0.397280411613377,"low","medium","medium"
"17031252202",4385,0.0157354618015964,0.962599771949829,0.0109464082098062,0.00866590649942988,0.015963511972634,0.23933128024637,0.500622665006227,0.143466666666667,0.999910676306542,0.287671232876712,0.712328767123288,32173,1949,165900,0.997947548460661,0.000951490876724522,0.0902801798685576,"low","low","old"
"17031808100",3632,0.816079295154185,0.0625,0.0795704845814978,0.0256057268722467,0.212004405286344,0.0471153846153846,0.0415183867141162,0.0533408197641774,0.999968363504005,0.814946619217082,0.185053380782918,38944,1985,270200,0.98375550660793,0.00065391621129326,0.263221517074645,"medium","low","medium"
"17031812302",2755,0.633030852994555,0.107803992740472,0.0562613430127042,0.14010889292196,0.113974591651543,0.0350761085373925,0.0404738400789733,0.0585501858736059,0.999942204539054,0.839091806515301,0.160908193484699,141250,0,439400,0.937205081669692,0.000911866759195004,0.678256070640177,"high","high","old"
"17031809500",3990,0.656641604010025,0.0914786967418546,0.17218045112782,0.0699248120300752,0.235338345864662,0.0538691748610517,0.0342465753424658,0.103871576959396,0.999945276136615,0.340885142255005,0.659114857744995,73083,1969,372000,0.990225563909774,0.00109889531825355,0.849692140528794,"high","medium","medium"
"17031805901",4113,0.720884998784342,0.00948212983223924,0.154631655725748,0.0977388767323122,0.283248237296377,0.0365682137834037,0.0298507462686567,0.0826251180358829,0.999957477300776,0.683479155944416,0.316520844055584,76764,1974,283000,0.982737661074641,0.000745014849384811,0.408784773060029,"medium","medium","medium"
"17031805202",4128,0.668604651162791,0.034156976744186,0.208091085271318,0.0392441860465116,0.321463178294574,0.0275862068965517,0.0270747498528546,0.0422773393461105,0.999975116958589,0.676280164802825,0.323719835197175,82672,1957,410800,0.950096899224806,0.00100291120815138,0.546922300706357,"high","medium","medium"
"17031804706",2170,0.634101382488479,0.0165898617511521,0.158064516129032,0.135023041474654,0.155760368663594,0.04921875,0.0568513119533528,0,1,0.941690962099125,0.0583090379008746,113750,1970,307400,0.943778801843318,0.000989000916590284,0.495765472312704,"medium","high","medium"
"17031804102",6686,0.796889021836674,0.0249775650613222,0.129823511815734,0.0233323362249477,0.133413102004188,0.0347331859804231,0.00697292863002461,0.0363636363636364,0.999985084867106,0.952009844134536,0.0479901558654635,137500,1979,469800,0.975022434938678,0.000897814362759012,0.650708855557839,"high","high","medium"
"17031802002",5146,0.766614846482705,0.0159347065682083,0.0856976292265837,0.111931597357171,0.178585308977847,0.0267821977156361,0.0120409391932571,0,1,0.910897049969898,0.0891029500301024,124408,1961,507400,0.980178779634668,0.00105019920318725,0.589447650453421,"high","high","medium"
"17031803616",5179,0.700907511102529,0.0127437729291369,0.0832206989766364,0.190770418999807,0.20390036686619,0.00741489720256151,0.0462205103514685,0.102420051858254,0.999950690899558,0.662012518054887,0.337987481945113,79898,1987,300200,0.98764240200811,0.000730949197860963,0.538633818589026,"medium","medium","medium"
"17031832400",3206,0.623830318153462,0.0524017467248908,0.0692451653150343,0.249220212102308,0.136618839675608,0.0303687635574837,0.0443808160343593,0.144519289650949,0.999896560958687,0.512526843235505,0.487473156764495,117853,1948,382900,0.994697442295696,0.000951308581862447,0.763542902332938,"high","high","old"
"17031242700",1704,0.413145539906103,0.128521126760563,0.0187793427230047,0.40962441314554,0.124413145539906,0.0318761384335155,0.162055335968379,0.0721271393643032,0.999904979860562,0.355731225296443,0.644268774703557,71705,0,428000,0.970070422535211,0.00129340511440108,0.553651266766021,"high","medium","old"
"17031241600",3325,0.673082706766917,0.0210526315789474,0.0688721804511278,0.197894736842105,0.116390977443609,0.0291806958473625,0.0763406940063091,0.0474759615384615,0.999970047609136,0.229022082018927,0.770977917981073,102917,1952,469400,0.960902255639098,0.000901086335048599,0.768859160163508,"high","high","medium"
"17031050700",1435,0.914285714285714,0,0.0222996515679443,0.0487804878048781,0.0355400696864112,0.01434034416826,0.0129682997118156,0.089238845144357,0.999871430300097,0.603746397694525,0.396253602305476,120278,0,530200,0.985365853658537,0.000888157894736842,0.875690607734807,"high","high","old"
"17031031700",6809,0.661183727419592,0.17506241738875,0.0330444999265678,0.0794536642678808,0.135702746365105,0.022239263803681,0.141275852024468,0.0773985487772104,0.999977455052773,0.426740460238858,0.573259539761142,69688,0,347200,0.94874430900279,0.00114591868893791,0.658086893026652,"medium","medium","old"
"17031020200",6980,0.416332378223496,0.0802292263610315,0.167048710601719,0.2689111747851,0.343839541547278,0.0327102803738318,0.125061789421651,0.0690289921767142,0.999965879072247,0.739990113692536,0.260009886307464,100689,1952,369300,0.932521489971347,0.000992009132420091,0.525712949976625,"high","high","medium"
"17031160502",3838,0.271235018238666,0.0130276185513288,0.0747785304846274,0.62402292860865,0.359562272016675,0.0589010989010989,0.147038801906059,0.0553054662379421,0.999962353040058,0.437712729748128,0.562287270251872,72540,0,336700,0.983064095883273,0.000799343647444913,0.34184068058778,"medium","medium","old"
"17031140500",3782,0.326811210999471,0.0256478053939714,0.194077207826547,0.405341089370703,0.410100475938657,0.0511649154865235,0.124711316397229,0.0688172043010753,0.999947025743833,0.454195535026944,0.545804464973056,74583,0,306800,0.951877313590693,0.00100849707912905,0.375448671931084,"medium","medium","old"
"17031080100",6944,0.815812211981567,0.0220334101382488,0.0884216589861751,0.0213133640552995,0.105414746543779,0.0276110444177671,0,0.142886726030234,0.999965479151133,0.511959410485625,0.488040589514375,117802,1964,617100,0.94758064516129,0.000929961089494163,0.833575698820488,"high","high","medium"
"17031813702",4596,0.033289817232376,0.167754569190601,0.00391644908616188,0.791993037423847,0.339860748476936,0.017536704730832,0.145662847790507,0.012924071082391,0.999989423948939,0.527823240589198,0.472176759410802,64896,0,221500,0.996953872932985,0.00121814671814672,0.0908474576271186,"medium","medium","old"
"17031824121",3277,0.863289594140983,0.0131217577052182,0.0314311870613366,0.0921574610924626,0.141592920353982,0.0957446808510638,0.0718188914910226,0.0146153846153846,0.9999885907745,0.933645589383294,0.0663544106167057,82104,1981,225200,1,0.0009231220657277,0.375710804224208,"medium","medium","medium"
"17031820605",5358,0.256625606569616,0.475177304964539,0.0951847704367301,0.160321015304218,0.239828294139604,0.0601825442099258,0.268828451882845,0.15360779105799,0.99991966765095,0.184623430962343,0.815376569037657,50212,1974,218000,0.987308697275103,0.000883304042179262,0.174436554492127,"medium","medium","medium"
"17031804308",5435,0.520699172033119,0.083900643974241,0.176632934682613,0.205335786568537,0.297332106715731,0.0314220926465824,0.0802919708029197,0,1,0.714872262773723,0.285127737226277,72500,1990,182200,0.98656853725851,0.000843622795115332,0.321466524973433,"medium","medium","medium"
"17031825802",6740,0.0201780415430267,0.911424332344214,0.00370919881305638,0.0606824925816024,0.0574183976261128,0.116031390134529,0.252299605781866,0.0562215791649442,0.999975374421955,0.713096802452913,0.286903197547087,59634,1972,140400,0.995994065281899,0.000794462193823216,0.233792636096679,"low","medium","medium"
"17031824115",4019,0.862154764866882,0.0261259019656631,0.0400597163473501,0.0651903458571784,0.0778800696690719,0.0249709639953542,0.0355227882037534,0.0818461538461538,0.999945146337611,0.857238605898123,0.142761394101877,64917,1975,219900,0.993530729037074,0.000820199275362319,0.348626925653048,"medium","medium","medium"
"17031827901",2006,0.108175473579262,0.836490528414756,0.0189431704885344,0.00149551345962114,0.0533399800598205,0.130925507900677,0.0830985915492958,0.0405405405405405,0.999942903907276,0.956338028169014,0.0436619718309859,83333,1979,213700,0.965104685942173,0.000876520112254443,0.390879478827362,"medium","medium","medium"
"17031826700",4957,0.0375226951785354,0.933629211216462,0.000403469840629413,0.0197700221908412,0.00766592697195885,0.222604047346315,0.274529740721912,0.215709728867624,0.999890347699136,0.415353329944077,0.584646670055923,43635,1958,79900,0.991325398426468,0.000822426470588235,0.188166828322017,"low","low","medium"
"17031823303",4001,0.693576605848538,0.0504873781554611,0,0.229942514371407,0.0537365658585354,0.0525646460364561,0.111931119311193,0.0127504553734062,0.99999215845302,0.667281672816728,0.332718327183272,69514,1967,173800,0.974006498375406,0.000875761837787154,0.175772825305536,"medium","medium","medium"
"17031820103",4156,0.736284889316651,0.0291145332050048,0.00697786333012512,0.210298363811357,0.132579403272377,0.0292044310171198,0.0738125802310655,0.0352941176470588,0.99997734703586,0.704749679075738,0.295250320924262,75433,1967,329100,0.982675649663138,0.00101064344460571,0.342424242424242,"medium","medium","medium"
"17031801100",4896,0.898488562091503,0,0.0641339869281046,0.0138888888888889,0.0955882352941176,0.0188383045525903,0.0125234815278647,0.0184388444990781,0.999988454206883,0.91296180338134,0.08703819661866,194766,0,702200,0.976511437908497,0.000961538461538462,0.897377792165749,"high","high","old"
"17031010201",7488,0.300480769230769,0.336538461538462,0.0544871794871795,0.233573717948718,0.331330128205128,0.0394317193389388,0.277029360967185,0.0664301838116736,0.999977054003625,0.278411053540587,0.721588946459413,39955,1943,179200,0.925080128205128,0.00108289290681502,0.346585117227319,"medium","low","old"
"17031834500",1079,0.00278035217794254,0.891566265060241,0,0,0,0.106589147286822,0.351415094339623,0.335423197492163,0.999209532885648,0.0778301886792453,0.922169811320755,40769,1944,,0.894346617238184,0.000896309314586995,0.0773722627737226,,"low","old"
"17031110501",5076,0.509062253743105,0.051812450748621,0.163514578408195,0.247044917257683,0.330575256107171,0.0288119132405309,0.0490730643402399,0.078391959798995,0.999957258119313,0.701199563794984,0.298800436205016,91721,0,311900,0.971434200157604,0.0010304,0.438948190575371,"medium","high","old"
"17031670300",1209,0.04383788254756,0.783291976840364,0.00661703887510339,0.134822167080232,0.0893300248138958,0.186311787072243,0.398584905660377,0.155378486055777,0.999633675549252,0.431603773584906,0.568396226415094,24375,0,,0.968569065343259,0.000840182648401826,0.144469525959368,,"low","old"
"17031650200",7290,0.16721536351166,0,0,0.83278463648834,0.27517146776406,0.110764872521246,0.177647632991703,0.0522664199814986,0.999974492392977,0.530502684236213,0.469497315763787,60788,1954,209800,1,0.00121378682052839,0.122042891885916,"medium","medium","medium"
"17031818000",3911,0.297877780618768,0.488110457683457,0.0595755561237535,0.151623625671184,0.0731270774737919,0.0619146722164412,0.106976744186047,0.0631808278867102,0.999963268309798,0.594767441860465,0.405232558139535,44973,1956,177000,0.997187420097162,0.000824160447761194,0.27201980898479,"medium","low","medium"
"17031816800",5210,0.300767754318618,0.255470249520154,0.0261036468330134,0.394625719769674,0.149520153550864,0.0564607805987116,0.120896300156331,0.0400200100050025,0.999979145817915,0.841063053673788,0.158936946326212,70261,1956,175900,0.976967370441459,0.00114138923140156,0.191872981700754,"medium","medium","medium"
"17031710200",4324,0.0201202590194265,0.97109158186864,0.00231267345050879,0,0.0043940795559667,0.0979748221127531,0.384053560559951,0.256224535989135,0.999844075116124,0.325015216068168,0.674984783931832,27029,1946,137700,0.993524514338575,0.000861386138613861,0.0842654735272185,"low","low","old"
"17031480500",2907,0.0171998624011008,0.818025455796354,0.00275197798417613,0.155830753353973,0.0829033367733058,0.105590062111801,0.22510460251046,0.133430021754895,0.999888355543906,0.647698744769874,0.352301255230126,49044,0,169900,0.993808049535604,0.000705985915492958,0.235121951219512,"low","medium","old"
"17031430200",5220,0.0467432950191571,0.892528735632184,0.00670498084291188,0.0411877394636015,0.046360153256705,0.172607260726073,0.397310513447433,0.0947989671707857,0.999961371106279,0.156071719641402,0.843928280358598,28056,1957,506300,0.987164750957854,0.000769491525423729,0.253861484803189,"high","low","medium"
"17031390600",1714,0.458576429404901,0.453908984830805,0.043757292882147,0.0186697782963827,0.144690781796966,0.0768482490272374,0.0871121718377088,0.127083333333333,0.999848372238697,0.420047732696897,0.579952267303103,66667,1963,433300,0.974912485414236,0.000778008298755187,0.789012738853503,"high","medium","medium"
"17031271400",1228,0.0643322475570033,0.769543973941368,0.0179153094462541,0.0333876221498371,0.0203583061889251,0.247787610619469,0.450617283950617,0.15625,0.999678601272739,0.160493827160494,0.839506172839506,26351,1952,238900,0.885179153094462,0.000816568047337278,0.20074812967581,"medium","low","medium"
"17031251300",3920,0.0181122448979592,0.905867346938775,0,0.0645408163265306,0.0311224489795918,0.14031746031746,0.368228404099561,0.245303867403315,0.999820454008728,0.447291361639824,0.552708638360176,30580,0,211900,0.988520408163265,0.000973816717019134,0.0837735849056604,"medium","low","old"
"17031820606",4163,0.796781167427336,0.0413163583953879,0.0180158539514773,0.0994475138121547,0.207782848907038,0.0286677908937605,0.0354780517137703,0.0348229831688915,0.99997906058088,0.716776909200241,0.283223090799759,90208,1979,237500,0.955560893586356,0.00099091343854615,0.292006525285481,"medium","high","medium"
"17031824800",7837,0.130151843817787,0.210029347964782,0.0145463825443409,0.636850835778997,0.237718514737782,0.1289890050952,0.214045416316232,0.064883995281164,0.999972715632901,0.698486122792262,0.301513877207738,45244,1972,121500,0.991578410105908,0.00139370800244349,0.143446379468378,"low","low","medium"
"17031825700",4121,0.136132006794467,0.639893229798593,0,0.220820189274448,0.0655180781363747,0.0964705882352941,0.203484754200373,0.087450312322544,0.999945584596342,0.598008711885501,0.401991288114499,46382,1967,101300,0.996845425867508,0.00101024390243902,0.13441603317208,"low","medium","medium"
"17031824601",4368,0.783195970695971,0.0398351648351648,0.013507326007326,0.141712454212454,0.0469322344322344,0.0364543361473523,0.125230202578269,0.0518044237485448,0.999968199646194,0.858195211786372,0.141804788213628,78914,1971,199500,0.978250915750916,0.00112865497076023,0.227500836400134,"medium","medium","medium"
"17031822701",4834,0.60612329333885,0.125775755068266,0.0413736036408771,0.214315266859743,0.141911460488209,0.0915283099191145,0.107555089192025,0.058300395256917,0.999969413110163,0.767051416579223,0.232948583420776,56880,1966,127000,0.987587918907737,0.00106934931506849,0.470932020916641,"low","medium","medium"
"17031828000",4847,0.387249845265112,0.36146069733856,0.00969671962038374,0.140499277903858,0.0720033010109346,0.099803536345776,0.174726989079563,0.0942063118228921,0.999951013158111,0.637025481019241,0.362974518980759,55299,1958,114700,0.898906540127914,0.000773508964507867,0.269698910954516,"low","medium","medium"
"17031801701",3488,0.811353211009174,0,0.146502293577982,0.0303899082568807,0.152522935779817,0.0345982142857143,0.00794351279788173,0.0667215815485997,0.999941114163643,0.963812886142983,0.0361871138570168,170446,1965,619800,0.988245412844037,0.000951874650251819,0.768411712511091,"high","high","medium"
"17031800700",4774,0.868454126518643,0.00586510263929619,0.0661918726434855,0.032258064516129,0.125890238793465,0.0363053924185798,0.00118623962040332,0.0575740637227501,0.99996585284832,0.929418742586002,0.0705812574139976,219792,1952,884900,0.972769166317553,0.000983381803074367,0.844827586206897,"high","high","medium"
"17031691200",2483,0.0036246476037052,0.989931534434152,0,0,0.0149013290374547,0.211009174311927,0.481231953801732,0.256795422031474,0.999752904745812,0.24157844080847,0.75842155919153,28573,1959,114900,0.993556182037857,0.000690265486725664,0.179468772433597,"low","low","medium"
"17031590500",1861,0.197205803331542,0.0322407307898979,0.319183234819989,0.426114991939817,0.432025792584632,0.0627027027027027,0.224350205198358,0.077020202020202,0.999894648306687,0.719562243502052,0.280437756497948,69550,0,264700,0.974744760881247,0.00113172966781214,0.24808362369338,"medium","medium","old"
"17031520300",5528,0.117221418234443,0.00253256150506512,0,0.880246020260492,0.305173661360347,0.10620186461289,0.205197617758527,0.12298195631529,0.999933419724882,0.678397401191121,0.321602598808879,42728,0,119500,1,0.000996388587937884,0.0763244537563604,"low","low","old"
"17031839700",4752,0.323863636363636,0.0117845117845118,0.283249158249158,0.368055555555556,0.302609427609428,0.0644135188866799,0.105147864184009,0.0702647657841141,0.999961521324157,0.545454545454545,0.454545454545455,63056,0,324400,0.986952861952862,0.00120305980528512,0.472887003938201,"medium","medium","old"
"17031431400",7068,0.0789473684210526,0.887238256932654,0.00226372382569327,0.0135823429541596,0.0660724391624222,0.116937914406269,0.385802469135802,0.187155042649272,0.999942239434423,0.149691358024691,0.850308641975309,36466,1946,66900,0.98203169213356,0.000751672862453532,0.216078264568269,"low","low","old"
"17031230700",6349,0.0469365254370767,0.0522916994802331,0,0.876358481650654,0.284611749881871,0.102877935825339,0.282828282828283,0.0743110236220473,0.999960495434345,0.481658692185008,0.518341307814992,42877,0,252600,0.975586706567963,0.000993406593406593,0.101813110181311,"medium","low","old"
"17031220602",4715,0.592576882290562,0.0477200424178155,0.0441145281018028,0.300106044538706,0.0861081654294804,0.027059896625114,0.194947209653092,0.0638898693963996,0.999975909377734,0.161387631975867,0.838612368024133,56635,0,437900,0.984517497348886,0.000731546088872567,0.559350041310934,"high","medium","old"
"17031250400",5471,0.0334490952293913,0.772070919393164,0,0.176567355145312,0.080789617985743,0.158620689655172,0.213670886075949,0.155982905982906,0.999921027550567,0.493670886075949,0.506329113924051,48101,0,213000,0.982087369767867,0.000931168372749735,0.181990265008112,"medium","medium","old"
"17031060300",2918,0.705620287868403,0.00411240575736806,0.0880740233036326,0.176833447566827,0.0654557916381083,0.0152905198776758,0.0540084388185654,0.0326530612244898,0.999972445433347,0.441350210970464,0.558649789029536,115221,0,534400,0.97464016449623,0.00110990600144613,0.708333333333333,"high","high","old"
"17031830800",2638,0.743366186504928,0.0170583775587566,0.0678544351781653,0.161865049279757,0.113722517058378,0.0790828263921385,0.0909090909090909,0.0419122462344466,0.99997135266879,0.165413533834586,0.834586466165414,76968,0,410000,0.990144048521607,0.000915758896151053,0.737030411449016,"high","medium","old"
"17031031100",4596,0.727154046997389,0.0441688424717145,0.0865970409051349,0.0898607484769365,0.109442993907746,0.0166910688140556,0.107260726072607,0.0640926640926641,0.999973559831076,0.151402640264026,0.848597359735974,71420,0,361100,0.947780678851175,0.00137151702786378,0.740035998971458,"high","medium","old"
"17031200401",3201,0.0793502030615433,0.0274914089347079,0,0.875976257419556,0.371758825367073,0.143176733780761,0.243414120126449,0.0538384845463609,0.999943271411628,0.435194942044257,0.564805057955743,54205,0,238500,0.982817869415808,0.00112408759124088,0.0810940499040307,"medium","medium","old"
"17031190800",6949,0.0732479493452295,0.0110807310404375,0.0115124478342208,0.884299899266081,0.334292703986185,0.0835878922521522,0.123109024517475,0.0910384068278805,0.99995251221512,0.453834115805947,0.546165884194053,58212,0,265700,0.980141027485969,0.00104743665291691,0.100725952813067,"medium","medium","old"
"17031171000",6951,0.605524384980578,0.0601352323406704,0.0273341965184866,0.275499928067904,0.295928643360668,0.0528535980148883,0.0759633027522936,0.10918600849951,0.999959933345401,0.692844036697248,0.307155963302752,76979,1952,299100,0.968493741907639,0.00114935064935065,0.243378119001919,"medium","medium","medium"
"17031150700",4088,0.413160469667319,0.0217710371819961,0.0726516634050881,0.471868884540117,0.300146771037182,0.0394736842105263,0.0805970149253731,0.135483870967742,0.999898902855272,0.637313432835821,0.362686567164179,75969,0,315500,0.979452054794521,0.000739574468085106,0.313790560471976,"medium","medium","old"
"17031831800",6252,0.47040946896993,0.0161548304542546,0.248080614203455,0.207133717210493,0.368841970569418,0.0511073253833049,0.140585774058577,0.139048991354467,0.999941823890366,0.454811715481172,0.545188284518829,57500,0,310400,0.941778630838132,0.000830746705710102,0.444108057755007,"medium","medium","old"
"17031490901",2928,0.000341530054644809,0.974043715846995,0,0.0225409836065574,0.000341530054644809,0.276487663280116,0.456750202101859,0.237831176833025,0.999807772466344,0.358124494745352,0.641875505254648,31406,1951,118800,0.996926229508197,0.000921259842519685,0.130887456618741,"low","low","medium"
"17031351100",2327,0.00988397077782553,0.897292651482596,0,0.0790717662226042,0.0550064460678986,0.343646408839779,0.649901380670611,0.0259365994236311,0.999974422153825,0.00690335305719921,0.993096646942801,12328,1971,,0.986248388483025,0.000604827586206897,0.127604166666667,,"low","medium"
"17031770202",4425,0.830282485875706,0.00293785310734463,0.00271186440677966,0.16135593220339,0.185536723163842,0.0902140672782875,0.0440871369294606,0.0922787193973635,0.999952139884374,0.910269709543568,0.0897302904564315,68558,1970,253100,0.99728813559322,0.000817995069843878,0.297537822604568,"medium","medium","medium"
"17031824507",3992,0.791583166332665,0.0345691382765531,0.0215430861723447,0.124248496993988,0.0846693386773547,0.0717192268565615,0.122516556291391,0.0278969957081545,0.999984604544028,0.764900662251656,0.235099337748344,66538,1974,215200,0.971943887775551,0.000899143672692674,0.203401133711237,"medium","medium","medium"
"17031351400",1778,0.0416197975253093,0.876265466816648,0.0224971878515186,0.0539932508436445,0.0506186726659168,0.329376854599407,0.713646532438479,0.0366379310344828,0.999959019653692,0.116331096196868,0.883668903803132,13750,1950,272200,0.99437570303712,0.0007534516765286,0.238523852385239,"medium","low","old"
"17031824400",1986,0.569989929506546,0.300604229607251,0.0115810674723061,0.117824773413897,0.0775427995971803,0.0721500721500721,0.154046997389034,0.137387387387387,0.999820675260535,0.570496083550914,0.429503916449086,38849,1984,217600,1,0.000863039399624765,0.178836633663366,"medium","low","medium"
"17031838100",1589,0.277533039647577,0.529893014474512,0.0906230333543109,0.1019509125236,0.157960981749528,0.0829081632653061,0.362173038229376,0.221613155833986,0.999777098835007,0.185110663983903,0.814889336016097,16319,1952,387000,1,0.00111866666666667,0.408950617283951,"high","low","medium"
"17031833900",2696,0.0077893175074184,0.515578635014837,0.0163204747774481,0.450296735905044,0.185830860534125,0.206335616438356,0.426270136307311,0.239396795475966,0.999703437671122,0.200743494423792,0.799256505576208,36116,0,,0.989985163204748,0.000771353482260184,0.126126126126126,,"low","old"
"17031804512",2894,0.642709053213545,0.127850725639254,0.165860400829302,0.0597788527988943,0.270214236351071,0.0639219934994583,0,0.0985324947589098,0.999923624054848,0.946511627906977,0.0534883720930233,113186,2001,196600,0.996199032480995,0.000931909212283044,0.480332167832168,"medium","high","new"
"17031804312",1952,0.480532786885246,0,0.486680327868852,0.0225409836065574,0.363217213114754,0,0.00604229607250755,0,1,0.930513595166163,0.0694864048338369,134722,1996,458000,0.989754098360656,0.000969727547931382,0.666666666666667,"high","high","medium"
"17031823901",4009,0.908206535295585,0.0124719381391868,0.0391618857570466,0.0162135195809429,0.155899226739835,0.0278884462151394,0.0206540447504303,0.0728723404255319,0.999958193176211,0.943775100401606,0.0562248995983936,113015,1975,330800,0.976053878772761,0.000868997668997669,0.387847642079807,"medium","high","medium"
"17031811702",5612,0.342658588738418,0.0422309337134711,0.0383107626514612,0.575017818959373,0.29312188168211,0.0585683297180043,0.150852878464819,0.0520464881253158,0.999972257439114,0.642324093816631,0.357675906183369,55673,1959,186900,0.998218104062723,0.00108469539375929,0.13857448761089,"medium","medium","medium"
"17031660800",5503,0.0194439396692713,0.484644739233146,0.00799563874250409,0.463565328002908,0.149009631110303,0.117391304347826,0.318518518518519,0.165636588380717,0.999918210843899,0.318518518518519,0.681481481481481,48859,1958,156500,0.975649645647828,0.000804854050508363,0.14152082076041,"low","medium","medium"
"17031822802",3615,0.740248962655602,0.040387275242047,0.0343015214384509,0.180636237897649,0.0749654218533887,0.107799619530755,0.0618716163959783,0.0393759286775631,0.999969547772937,0.918020108275329,0.0819798917246713,66705,1958,218600,0.995573997233748,0.000935224839400428,0.447507093635995,"medium","medium","medium"
"17031820902",5661,0.356474121180004,0.0446917505741035,0.0261437908496732,0.558735205794029,0.319908143437555,0.0861148197596796,0.104180064308682,0.100115740740741,0.999935621031902,0.843086816720257,0.156913183279743,89750,1967,186800,0.98604486839781,0.00107438622205936,0.181738623103851,"medium","medium","medium"
"17031530300",3794,0.00817079599367422,0.960727464417501,0,0,0.0100158144438587,0.15814696485623,0.236895847515317,0.113458056729028,0.999922771072508,0.677331518039483,0.322668481960517,45114,1963,117100,0.968898260411176,0.00083728813559322,0.149482560367957,"low","low","medium"
"17031814700",4967,0.263539359774512,0.0173142742097846,0.0835514395007046,0.614858063217234,0.324139319508758,0.0407258064516129,0.106102635228849,0.176940639269406,0.999877310034377,0.77877947295423,0.22122052704577,76295,0,221600,0.979263136702235,0.000978884462151394,0.247980855518995,"medium","medium","old"
"17031460500",6093,0.00328245527654686,0.98211061874282,0,0.0136221893976695,0.0162481536189069,0.0803086596170334,0.280537915577139,0.116209970287224,0.999956591361311,0.508778483376914,0.491221516623086,61896,1944,170700,0.999015263417036,0.000860458015267176,0.27601189115024,"medium","medium","old"
"17031430800",1888,0.00423728813559322,0.960275423728814,0,0.0259533898305085,0.0121822033898305,0.121317157712305,0.321823204419889,0.195555555555556,0.999729968578162,0.396408839779006,0.603591160220994,45658,1940,219900,0.990466101694915,0.000757914338919925,0.42393655371305,"medium","low","old"
"17031400400",1964,0.0371690427698574,0.959775967413442,0,0,0.0341140529531568,0.144638403990025,0.329084588644264,0.140438247011952,0.999837293862286,0.184241019698725,0.815758980301275,33652,1968,217600,0.996945010183299,0.000958125623130608,0.220532319391635,"medium","low","medium"
"17031251100",4763,0.015536426621877,0.837077472181398,0.000419903422212891,0.146966197774512,0.0344320806214571,0.117799688635184,0.485239852398524,0.0951585976627713,0.999941480301962,0.328413284132841,0.671586715867159,22727,1943,178300,1,0.000657848938391925,0.0798442064264849,"medium","low","old"
"17031817500",3419,0.115238373793507,0.630593740859901,0.0198888563907575,0.227551915764844,0.16408306522375,0.150411280846063,0.334924423229913,0.183235867446394,0.999854248877794,0.420843277645187,0.579156722354813,52128,1944,161200,0.993272886809008,0.00112360248447205,0.0990916597853014,"low","medium","old"
"17031823400",4969,0.281948078084122,0.229221171261823,0.00764741396659288,0.465284765546388,0.159790702354599,0.142914171656687,0.193619361936194,0.114466634193863,0.999937041018982,0.661166116611661,0.338833883388339,49076,1952,124000,0.984101428858925,0.0011271404109589,0.198513471663054,"low","medium","medium"
"17031740300",4865,0.871736896197328,0.0125385405960946,0,0.107502569373073,0.0335046248715313,0.0454368932038835,0.010487676979549,0.00573514077163712,0.999996992593852,0.887781856318825,0.112218143681175,113719,1953,243900,0.991778006166495,0.0010933734939759,0.429134967596506,"medium","high","medium"
"17031828505",7194,0.286071726438699,0.545037531276063,0.00834028356964137,0.121212121212121,0.0825688073394495,0.121514992109416,0.119249171880751,0.0513268156424581,0.999981109368404,0.762605815237394,0.237394184762606,62346,1975,164100,0.960661662496525,0.000905695364238411,0.348705348705349,"low","medium","medium"
"17031824107",7553,0.670462068052429,0.0530914868264266,0.0325698397987555,0.243876605322388,0.160333642261353,0.0715909090909091,0.0236949278045168,0.0336314847942755,0.999987548661223,0.870048130322103,0.129951869677897,74894,1979,284600,1,0.000859428852781881,0.39026260302856,"medium","medium","medium"
"17031140601",2803,0.242953977880842,0.145915090973956,0.166250445950767,0.437031751694613,0.470924009989297,0.107336956521739,0.221692491060787,0.0604703247480403,0.999927930909766,0.452920143027414,0.547079856972586,66250,0,369000,0.992151266500178,0.00116114109483423,0.26974358974359,"high","medium","old"
"17031804715",3609,0.174286505957329,0.0493211415904683,0.390412856747021,0.371293987254087,0.505957328899972,0.0377677564825254,0.256825938566553,0,1,0.585324232081911,0.414675767918089,46543,1974,174200,0.985314491548905,0.000912559618441971,0.28772378516624,"medium","medium","medium"
"17031660301",1585,0.0296529968454259,0.31608832807571,0,0.649211356466877,0.342586750788644,0.203735144312394,0.365724381625442,0.13587786259542,0.999759990723237,0.261484098939929,0.738515901060071,23086,1954,159400,0.994952681388013,0.000845168800931316,0.079734219269103,"low","low","medium"
"17031220902",3049,0.234175139389964,0.0147589373565103,0.0203345359134142,0.713020662512299,0.163660216464415,0.0235003092145949,0.169927909371782,0.11485870556062,0.999881724901508,0.3913491246138,0.6086508753862,61736,0,429900,0.982289275172188,0.00097987012987013,0.290611814345992,"high","medium","old"
"17031690300",2284,0.0319614711033275,0.956217162872154,0,0.00831873905429072,0.0271453590192644,0.0671296296296296,0.547297297297297,0.134502923976608,0.999818272322875,0.0864864864864865,0.913513513513514,,1962,115000,0.996497373029772,0.000972366148531952,0.106796116504854,"low",,"medium"
"17031671500",2360,0.00932203389830509,0.875423728813559,0,0.115254237288136,0.0169491525423729,0.264346190028222,0.471306471306471,0.258823529411765,0.999684075994084,0.516483516483517,0.483516483516484,32470,0,96900,1,0.000717612809315866,0.135838150289017,"low","low","old"
"17031560700",3656,0.403446389496718,0.012308533916849,0.00164113785557987,0.578774617067834,0.301695842450766,0.108324974924774,0.103531300160514,0.0474006116207951,0.999961959222741,0.673354735152488,0.326645264847512,68320,1958,231900,0.99617067833698,0.00105740011254924,0.151811151811152,"medium","medium","medium"
"17031590700",3064,0.100195822454308,0.00946475195822454,0.184399477806789,0.704308093994778,0.419712793733681,0.0531165311653117,0.155189136760427,0.0515179392824287,0.999950033593486,0.550921435499515,0.449078564500485,65491,0,316800,0.998368146214099,0.00118700927908637,0.200398803589232,"medium","medium","old"
"17031814200",7099,0.058740667699676,0.0288773066629103,0.00140864910550782,0.906043104662628,0.431469221017045,0.0506361983900286,0.308108108108108,0.105494505494505,0.999948162635412,0.513513513513513,0.486486486486487,55738,0,179000,0.995069728130723,0.00107694558221182,0.122936944561997,"medium","medium","old"
"17031841900",6391,0.486308871851041,0.173838209982788,0.194961664841183,0.114223126271319,0.178219370990455,0.127176158158749,0.0192307692307692,0.0882352941176471,0.999945266461112,0.678039702233251,0.321960297766749,112988,2000,359800,0.969331872946331,0.000939605462822458,0.673242125357938,"high","high","medium"
"17031808302",4153,0.525644112689622,0.0149289670117987,0.338068865880087,0.0847580062605345,0.36840837948471,0.0574920778632866,0.130537507383343,0.0833784515430428,0.999950753487628,0.811577082102776,0.188422917897224,69103,1959,286600,0.963399951842042,0.000899817017383349,0.520062695924765,"medium","medium","medium"
"17031811500",6387,0.563801471739471,0,0.0122123062470643,0.410677939564741,0.321747299201503,0.106113033448674,0.091050181065701,0.0652804642166344,0.999966229560441,0.851526125193999,0.148473874806001,79006,1957,213400,0.986691717551276,0.00104580397181294,0.179952267303103,"medium","medium","medium"
"17031804803",5189,0.596068606667951,0.0510695702447485,0.177683561379842,0.158604740797842,0.229331277702833,0.0314000738825268,0.0635869565217391,0.0376569037656904,0.999979534710268,0.683695652173913,0.316304347826087,79000,1979,334300,0.983426479090383,0.00109065269943594,0.422438465941614,"medium","medium","medium"
"17031821200",6189,0.0964614638875424,0.475359508805946,0,0.417676522863144,0.171594764905477,0.116229408175717,0.263232514177694,0.0991911451681567,0.999953125474655,0.492911153119093,0.507088846880907,48164,1953,124700,0.989497495556633,0.000802271403610949,0.186908517350158,"low","medium","medium"
"17031828503",4634,0.210185584807941,0.651920586965904,0.00992662926197669,0.127967198964178,0.0500647388864912,0.106205747605165,0.338492597577389,0.224830464267084,0.999848723786833,0.553835800807537,0.446164199192463,44000,1975,55300,1,0.00100519255733449,0.10936955764542,"low","low","medium"
"17031828201",3598,0.286548082267927,0.528904947192885,0,0.142023346303502,0.0519733185102835,0.0367327211213146,0.14388961892247,0.105232216343327,0.9999308640335,0.646517739816032,0.353482260183968,65000,1968,127100,0.957476375764314,0.000935449166218397,0.363186132893108,"low","medium","medium"
"17031826402",5080,0.0297244094488189,0.88996062992126,0.00334645669291339,0.0273622047244095,0.0214566929133858,0.138406764574989,0.377610208816705,0.151992129857354,0.999911845283623,0.667633410672854,0.332366589327146,54038,1961,108200,0.950393700787402,0.000911211437170805,0.212616822429907,"low","medium","medium"
"17031827802",3237,0.0676552363299351,0.858819894964473,0,0.0642570281124498,0.0617856039542787,0.0798569725864124,0.0655567117585848,0.102707749766573,0.999893135510973,0.885535900104058,0.114464099895942,78482,1964,156800,0.990732159406858,0.000915384615384615,0.251990632318501,"low","medium","medium"
"17031821600",4338,0.245965882895343,0.490548639926233,0.00968188105117566,0.225449515905947,0.12010142923006,0.0235732009925558,0.0982194141298105,0.046027397260274,0.999973563365623,0.750717978173464,0.249282021826536,71644,1956,189000,0.9716459197787,0.000850682593856655,0.271924083769634,"medium","medium","medium"
"17031819000",4445,0.929808773903262,0.00292463442069741,0.00359955005624297,0.0627671541057368,0.053318335208099,0.0230769230769231,0.0330806340454859,0.0698717948717949,0.999951848083797,0.84631288766368,0.15368711233632,151964,1948,536000,0.999100112485939,0.000844398340248963,0.729076479076479,"high","high","old"
"17031806004",8594,0.480102397021178,0.0296718640912264,0.240749360018618,0.24063299976728,0.492669304165697,0.0713810684992241,0.108160621761658,0.0168736071314868,0.999994535778844,0.572862694300518,0.427137305699482,54298,1971,309100,0.991156620898301,0.000907658157602664,0.423607728527358,"medium","medium","medium"
"17031802802",6701,0.7569019549321,0.035964781375914,0.092672735412625,0.109386658707656,0.174600805849873,0.0210201793721973,0.0170305676855895,0.0739991912656692,0.999967686986843,0.863318777292576,0.136681222707424,111667,1956,302500,0.994926130428294,0.000909116809116809,0.492063492063492,"medium","high","medium"
"17031804306",6518,0.388155876035594,0.0139613378336913,0.147898128260203,0.43464252838294,0.270328321571034,0.024217961654894,0.0601604278074866,0.0213693850850414,0.999990477191805,0.885026737967914,0.114973262032086,97167,1963,200300,0.984657870512427,0.0012830122591944,0.168143603726426,"medium","high","medium"
"17031802402",6333,0.534817621980104,0.0355281856939839,0.114637612505921,0.298910468972051,0.376914574451287,0.01513200257566,0.0995279307631786,0.0334600760456274,0.999986837279457,0.608969315499607,0.391030684500393,67816,1989,337600,0.983893889152061,0.00107096141268803,0.4312525499796,"medium","medium","medium"
"17031220500",2492,0.593097913322632,0.0589887640449438,0.0553772070626003,0.245184590690209,0.125200642054575,0.0304540420819491,0.0745033112582782,0.0525490196078431,0.999956501048195,0.423841059602649,0.576158940397351,83000,0,363300,0.952648475120385,0.000792805755395683,0.706417624521073,"high","medium","old"
"17031242200",3802,0.796948974224093,0.0370857443450815,0.0318253550762756,0.109416096791163,0.0881115202524987,0.0094722598105548,0.0272938443670151,0.107309486780715,0.999937687108005,0.461672473867596,0.538327526132404,138654,1943,604600,0.975276170436612,0.000892483822797412,0.838961038961039,"high","high","old"
"17031710700",3425,0.0037956204379562,0.992992700729927,0,0.00291970802919708,0.0108029197080292,0.150170648464164,0.330578512396694,0.162893081761006,0.999877630992715,0.354620586025545,0.645379413974455,31573,1952,142300,0.99970802919708,0.000882902693787796,0.112923462986198,"low","low","medium"
"17031691500",2072,0.0294401544401544,0.947393822393822,0,0.0226833976833977,0,0.364787111622555,0.479405034324943,0.207615593834995,0.999762509968877,0.310068649885584,0.689931350114417,19470,1941,135700,0.999517374517375,0.000559066967644846,0.163961038961039,"low","low","old"
"17031812900",4591,0.758004791984317,0.119146155521673,0.0272271836201263,0.0720975822260945,0.0535830973644086,0.0502354788069074,0.0355207706201084,0.0948228882833787,0.999942915427237,0.788079470198676,0.211920529801325,134531,0,421700,0.976475713352211,0.000826900119379228,0.793842960913179,"high","high","old"
"17031640300",6575,0.362585551330799,0.0346768060836502,0,0.593155893536122,0.135665399239544,0.171924746743849,0.204882301656495,0.0183996576807873,0.999991979289406,0.593286835222319,0.406713164777681,61505,1955,222200,0.99041825095057,0.000934961742201295,0.212085308056872,"medium","medium","medium"
"17031630500",5879,0.0197312468106821,0.00323184215002551,0,0.977036911039292,0.310767137268243,0.0865888038662908,0.35823754789272,0.109215017064846,0.999930263473315,0.457854406130268,0.542145593869732,42817,0,172600,1,0.00116617538688283,0.118834727430055,"medium","low","old"
"17031600900",3496,0.413901601830664,0.0758009153318078,0.349828375286041,0.151887871853547,0.304633867276888,0.0719459198454853,0.12295719844358,0.0918727915194346,0.999928508775548,0.376653696498054,0.623346303501946,61120,0,281600,0.99141876430206,0.00097737556561086,0.339854238588416,"medium","medium","old"
"17031480100",2064,0.00581395348837209,0.981104651162791,0,0.00290697674418605,0.0247093023255814,0.0641304347826087,0.150319829424307,0.0167714884696017,0.999982120268017,0.659914712153518,0.340085287846482,57024,1951,154300,0.989825581395349,0.000737373737373737,0.312025316455696,"low","medium","medium"
"17031310700",1322,0.251891074130106,0.027231467473525,0.0794251134644478,0.608169440242057,0.444024205748865,0.156862745098039,0.242753623188406,0.0935960591133005,0.999830470666964,0.204710144927536,0.795289855072464,46250,0,246700,0.966717095310136,0.00112540192926045,0.304060434372049,"medium","medium","old"
"17031381900",1300,0.0415384615384615,0.88,0.00384615384615385,0.0130769230769231,0.0276923076923077,0.0980392156862745,0.25607476635514,0.150793650793651,0.999718222129944,0.555140186915888,0.444859813084112,51929,1948,195400,0.938461538461538,0.000639344262295082,0.334816462736374,"medium","medium","old"
"17031842100",7608,0.0249737118822292,0.52089905362776,0.00354889589905363,0.446372239747634,0.130520504731861,0.0995329830706363,0.50264805007222,0.0494279176201373,0.999976202820715,0.483870967741935,0.516129032258065,39576,1951,179200,0.995793901156677,0.000751784480773659,0.0837390457643622,"medium","low","medium"
"17031062900",3759,0.776802341048151,0.0340516094706039,0.0646448523543496,0.0473530194200585,0.0696993881351423,0.0540727902946274,0.0167785234899329,0.068264721208963,0.999961822083331,0.447427293064877,0.552572706935123,113243,0,638900,0.922851822293163,0.00140499040307102,0.841121495327103,"high","high","old"
"17031031000",3847,0.628021835196257,0.0148167403171302,0.0558877047049649,0.264621783207694,0.192097738497531,0.0367571281346616,0.0369649805447471,0.021883920076118,0.999989356183294,0.393968871595331,0.606031128404669,81898,0,401100,0.963348063426046,0.000943911066195048,0.702649656526006,"high","medium","old"
"17031200100",3598,0.174541411895497,0.0355753196220122,0.0722623679822123,0.699555308504725,0.398276820455809,0.0462456489308802,0.0865384615384615,0.0969609261939219,0.999922312985906,0.603365384615385,0.396634615384615,58469,1942,272800,0.981934408004447,0.00111150234741784,0.26858699883223,"medium","medium","old"
"17031150300",7479,0.614654365556893,0.0175157106565049,0.0473325310870437,0.285064848241744,0.264607567856665,0.0598987007267122,0.0754654255319149,0.0716049382716049,0.999976195733455,0.540890957446808,0.459109042553192,76345,0,317400,0.964567455542185,0.00106545153272577,0.470555138784696,"medium","medium","old"
"17031100400",3386,0.744240992321323,0.000590667454223272,0.0915534554046072,0.1497341996456,0.161547548730065,0.023121387283237,0.0644904458598726,0,1,0.939490445859873,0.0605095541401274,106744,1952,345600,0.986119314825753,0.000957225433526012,0.452966101694915,"medium","high","medium"
"17031832600",4022,0.897563401292889,0,0.04425658876181,0.0355544505221283,0.0969666832421681,0.0417293233082707,0.00947567909033481,0.136388434260775,0.999913849220284,0.572962728995578,0.427037271004422,154191,1972,727600,0.977374440576827,0.000961951219512195,0.881811748053786,"high","high","medium"
"17031809401",2705,0.68354898336414,0.0195933456561922,0.129759704251386,0.161182994454713,0.165988909426987,0.0770465489566613,0.0647709320695103,0.172549019607843,0.999863723929459,0.500789889415482,0.499210110584518,104250,1960,364900,0.994085027726432,0.000766819072501633,0.796719681908549,"high","high","medium"
"17031803010",4627,0.683380159930841,0.00972552409768749,0.0983358547655068,0.197103955046466,0.148260211800303,0.0526889534883721,0.0124333925399645,0.0180232558139535,0.999989329151279,0.950858496151569,0.049141503848431,113021,1976,289200,0.988545493840501,0.00104012345679012,0.528014080375477,"medium","high","medium"
"17031802503",6971,0.627169703055516,0.00243867450867881,0.213168842346866,0.100272557739205,0.501793143021087,0.0627700127064803,0.0792233009708738,0,1,0.724660194174757,0.275339805825243,96917,1974,194700,0.943049777650265,0.000834473684210526,0.607350873669412,"medium","high","medium"
"17031770700",2283,0.75383267630311,0.00219010074463425,0.0197109067017083,0.209811651335961,0.210249671484888,0.0248075278015398,0.0493358633776091,0.112794612794613,0.999892995689483,0.357685009487666,0.642314990512334,58500,1970,374600,0.985545335085414,0.00112767940354147,0.312727272727273,"high","medium","medium"
"17031802300",5378,0.787653402751952,0.00502045370026032,0.12253625883228,0.0366307177389364,0.12253625883228,0.0365490862728432,0.0232,0.0682072307118897,0.999972717852051,0.5148,0.4852,93836,,737700,0.951840833023429,0.00084557309540151,0.737613212573255,"high","high",
"17031802801",4629,0.788939295744221,0.00907323395981854,0.0907323395981854,0.095701015338086,0.161373946856773,0.0508153204398938,0.0108932461873638,0.0295983086680761,0.999983879176733,0.874727668845316,0.125272331154684,115380,1962,365400,0.984445884640311,0.000916770186335404,0.657732593961799,"high","high","medium"
"17031804714",3086,0.695074530136099,0,0.205119896305898,0.0482825664290343,0.234607906675308,0.0586336740182894,0.0969551282051282,0.0414746543778802,0.999966768208253,0.862980769230769,0.137019230769231,82358,1968,266700,0.94847699287103,0.000997411003236246,0.5073402417962,"medium","medium","medium"
"17031804104",5076,0.60618597320725,0.00137903861308117,0.289204097714736,0.0807722616233255,0.30043341213554,0.0286448769739258,0.0149006622516556,0.032051282051282,0.999982311967369,0.815121412803532,0.184878587196468,132692,1982,325500,0.977541371158392,0.00103283940728875,0.689977349943375,"medium","high","medium"
"17031250800",2607,0.0061373225930188,0.95512082853855,0,0.0364403528960491,0.0632911392405063,0.111675126903553,0.28968253968254,0.140909090909091,0.999813647047508,0.691798941798942,0.308201058201058,47105,0,214400,0.997698504027618,0.000783173734610123,0.11374695863747,"medium","medium","old"
"17031800200",6561,0.914494741655235,0.0352080475537266,0.0423715896966926,0.00792562109434537,0.10562414266118,0.0384464495880738,0.0325335502236682,0.0603744745892243,0.999975448152792,0.94021960146401,0.0597803985359902,181771,1956,888600,1,0.000911156422953685,0.837974683544304,"high","high","medium"
"17031210501",3001,0.272909030323226,0.0463178940353216,0.0409863378873709,0.571476174608464,0.330556481172942,0.0816844241501776,0.17330383480826,0.148775894538606,0.999890295300056,0.286135693215339,0.713864306784661,51291,0,356700,0.931689436854382,0.000974342105263158,0.350877192982456,"medium","medium","old"
"17031060100",3109,0.725313605660984,0.0363460919909939,0.0952074622064973,0.0765519459633323,0.116114506272113,0.0143076136944302,0.0100931677018634,0.0459259259259259,0.999964344496573,0.549689440993789,0.450310559006211,101375,0,472500,0.933419105821808,0.00108238446081715,0.841116995666827,"high","high","old"
"17031040900",1810,0.82817679558011,0.018232044198895,0.0453038674033149,0.0607734806629834,0.121546961325967,0.0325925925925926,0.00474833808167141,0.106870229007634,0.999898519103779,0.375118708452042,0.624881291547958,73681,0,535100,0.952486187845304,0.000790306627101879,0.810074880871341,"high","medium","old"
"17031030800",4389,0.688311688311688,0.0457963089542037,0.0956937799043062,0.151059466848941,0.174527227158806,0.0341225626740947,0.0462565569861707,0.0741721854304636,0.999964630633282,0.399618502622794,0.600381497377206,84794,0,509500,0.980861244019139,0.000972584269662921,0.719715613891168,"high","medium","old"
"17031191301",5729,0.0321172979577588,0.021120614417874,0.0862279629952871,0.851632047477745,0.371094431838017,0.0162911611785095,0.191552647233789,0.0377790497996566,0.999977526352905,0.566329565734682,0.433670434265318,73828,1942,258100,0.991097922848665,0.00093155765340526,0.0455423682031466,"medium","medium","old"
"17031180100",6330,0.52132701421801,0.0037914691943128,0.0371248025276461,0.42306477093207,0.376145339652449,0.0393063583815029,0.104347826086957,0.0561555075593952,0.999974300199371,0.672768878718536,0.327231121281465,58353,1950,255000,0.985308056872038,0.000752006642679214,0.194438409732783,"medium","medium","old"
"17031150502",3734,0.604177825388324,0.0243706480985538,0.0899839314408141,0.277450455275844,0.36448848419925,0.0293960448957777,0.0631578947368421,0.081570996978852,0.9999463377502,0.678947368421053,0.321052631578947,66234,1952,303100,0.995982860203535,0.00096216500262743,0.361415025528811,"medium","medium","medium"
"17031838600",1735,0.022478386167147,0.822478386167147,0,0.121037463976945,0.0345821325648415,0.149006622516556,0.653543307086614,0.0578635014836795,0.999908884678375,0.0362204724409449,0.963779527559055,15820,1973,,0.965994236311239,0.000877705627705628,0.0271682340647858,,"low","medium"
"17031808600",2064,0.842538759689923,0.00872093023255814,0.0746124031007752,0.0465116279069767,0.164728682170543,0.0107212475633528,0.0230978260869565,0.125890736342043,0.999828982056023,0.764945652173913,0.235054347826087,155625,1969,783300,0.972383720930233,0.000963843958135109,0.693181818181818,"high","high","medium"
"17031807800",2589,0.59675550405562,0.00617999227500966,0.295867130166087,0.0768636539204326,0.429895712630359,0.0229007633587786,0.0693568726355612,0.0626477541371158,0.999921005289665,0.923076923076923,0.0769230769230769,121103,1959,389300,0.97566628041715,0.000948081264108352,0.514158800666296,"high","high","medium"
"17031811301",4323,0.247744621790423,0.0208188757807078,0.0261392551468887,0.691649317603516,0.274809160305344,0.0469220835126991,0.140437544107269,0.0565912117177097,0.999960064254266,0.761467889908257,0.238532110091743,68622,1959,193600,0.986352070321536,0.00101914992993928,0.134017094017094,"medium","medium","medium"
"17031809600",3150,0.312380952380952,0.324126984126984,0.0342857142857143,0.241904761904762,0.230793650793651,0.075577763897564,0.10705596107056,0.0260663507109005,0.999978859854287,0.806974858069749,0.193025141930251,43715,0,445900,0.912698412698413,0.000942046855733662,0.468866171003717,"high","low","old"
"17031805108",6191,0.466160555645292,0.1028912938136,0.178000323049588,0.245033112582781,0.382006137942174,0.0488206253428415,0.0811026767878546,0.0904796511627907,0.999963852824379,0.345984818218138,0.654015181781862,55485,1974,290500,0.992085285091261,0.000988118175979448,0.360746371803732,"medium","medium","medium"
"17031120200",4771,0.763990777614756,0.014043177530916,0.122615803814714,0.0884510584783064,0.170823726682037,0.0190723883831816,0.0529542920847269,0.020207536865101,0.999988736170986,0.866220735785953,0.133779264214047,124261,1955,510900,0.989100817438692,0.000799019607843137,0.604679064187163,"high","high","medium"
"17031550200",2591,0.372443072172906,0.0497877267464299,0,0.577769201080664,0.138942493245851,0.0568,0.121927236971485,0.0521901211556384,0.999948684913456,0.806293018682399,0.193706981317601,55625,1956,153700,1,0.000965857359635812,0.170268845545598,"low","medium","medium"
"17031824602",6751,0.696045030365872,0.039994074951859,0.0343652792178936,0.220559917049326,0.0881350910976152,0.0329317269076305,0.0593869731800766,0.0446559297218155,0.999982890741114,0.852490421455939,0.147509578544061,77163,1974,169800,0.99096430158495,0.00100683709869203,0.257982120051086,"low","medium","medium"
"17031821101",4507,0.666740625693366,0.00909696028400266,0.0266252496117151,0.273130685600178,0.191701797204349,0.0474117077890663,0.124728063814358,0.0268172194777699,0.999980553518508,0.878172588832487,0.121827411167513,71997,1962,188000,0.975593521189261,0.000974156811213316,0.157219973009447,"medium","medium","medium"
"17031819802",2514,0.917263325377884,0.00477326968973747,0.0035799522673031,0.0548926014319809,0.0413683373110581,0.00745573159366263,0.0148619957537155,0.0238341968911917,0.999974698944946,0.967091295116773,0.0329087048832272,161364,1960,591000,0.980509148766905,0.000971764705882353,0.754477180820335,"high","high","medium"
"17031822200",3583,0.801283840357243,0.00781468043538934,0.0312587217415574,0.0979626011722021,0.150432598381245,0.107293868921776,0.0381110190555095,0.0525902668759812,0.999956430840462,0.846727423363712,0.153272576636288,86151,1957,208100,0.938319843706391,0.000961138478379858,0.236378876781224,"medium","medium","medium"
"17031829301",4273,0.355019892347297,0.472501755207114,0.0147437397612918,0.084952024338872,0.0514860753568921,0.116428219042921,0.160027472527473,0.0684580934101088,0.999952984289283,0.921016483516483,0.0789835164835165,74087,1960,140000,0.927217411654575,0.000681621408894136,0.369983948635634,"low","medium","medium"
"17031822702",3400,0.628529411764706,0.0888235294117647,0.0108823529411765,0.262941176470588,0.176176470588235,0.0686445607911576,0.061074319352465,0.140960809102402,0.999896286836195,0.743193524650478,0.256806475349522,65104,1967,221300,0.991176470588235,0.000956271576524741,0.310188989317995,"medium","medium","medium"
"17031818200",4709,0.357825440645572,0.361223189636866,0.0214482905075388,0.24591208324485,0.137608834147377,0.0593103448275862,0.0845219228737454,0.0181535269709544,0.999990410273173,0.846804014791336,0.153195985208664,101069,1954,233200,0.986409004034827,0.000835867446393762,0.327080890973036,"medium","high","medium"
"17031630800",6302,0.0293557600761663,0.0179308156140908,0.00206283719454142,0.950650587115202,0.306728022849889,0.156744775174161,0.254297569650267,0.075109649122807,0.999955479368587,0.685240071132187,0.314759928867813,53103,1945,170000,1,0.00098801261829653,0.11892208553017,"medium","medium","old"
"17031810800",5338,0.591982015736231,0.0125515174222555,0.0354065192956163,0.325215436493069,0.271262645185463,0.0358825661471548,0.125450180072029,0.0490867579908676,0.999970537027762,0.816926770708283,0.183073229291717,79063,0,274100,0.965155488947171,0.000903030303030303,0.30163838502048,"medium","medium","old"
"17031320600",5094,0.628190027483314,0.0822536317235964,0.173930113859442,0.0963879073419709,0.237730663525717,0.05478374836173,0.0367092756473287,0.135449135732502,0.999955606973866,0.362504097017371,0.637495902982629,106723,2001,377700,0.980761680408324,0.00110495867768595,0.890955591722855,"high","high","new"
"17031807400",6725,0.44089219330855,0.191375464684015,0.188698884758364,0.127137546468401,0.364609665427509,0.021248774109186,0.12061902594447,0.0595034246575342,0.999972916789661,0.578060992262176,0.421939007737824,74583,1955,341600,0.948104089219331,0.000760010468463753,0.496836184673072,"medium","medium","medium"
"17031806001",5631,0.516426922393891,0.0651749245249512,0.223583732907121,0.157165689930741,0.551589415734328,0.0448699628465276,0.119287374128582,0.0559414990859232,0.999978334513135,0.399302865995352,0.600697134004648,49979,1974,172600,0.962351269756704,0.000880133555926544,0.342737234786664,"medium","medium","medium"
"17031802608",6039,0.863884749130651,0.0369266434840205,0.0668984931280013,0.0303030303030303,0.287795992714026,0.0435795076513639,0.0242047026279391,0.0092497430626927,0.999996801620512,0.859612724757953,0.140387275242047,66947,1975,242400,0.998012916045703,0.000842281879194631,0.456883509833585,"medium","medium","medium"
"17031829904",4786,0.328249059757626,0.499791057250313,0.0167154199749269,0.127037191809444,0.065608023401588,0.0947126436781609,0.0392156862745098,0.0142421159715158,0.999992651180955,0.964912280701754,0.0350877192982456,89071,1999,181700,0.971792728792311,0.00114522635589422,0.491862068965517,"medium","medium","medium"
"17031320102",4356,0.683884297520661,0.00068870523415978,0.206152433425161,0.0410927456382002,0.304866850321396,0.0296904611497157,0.0254123941150245,0.0769547325102881,0.999965692335099,0.211769950958538,0.788230049041462,176506,1994,,0.931818181818182,0.00093513993780542,0.935938877461064,,"high","medium"
"17031081403",9069,0.573822913220862,0.0190759730951593,0.323850479655971,0.0538096813320101,0.329474032418128,0.0275470048097945,0.00478784877001816,0.168108776266996,0.9999722463083,0.261845798249959,0.738154201750041,107833,2002,693700,0.970559047304003,0.00119216823785352,0.884924753502854,"high","high","new"
"17031243000",2134,0.613870665417057,0.0117150890346767,0.0304592314901593,0.298969072164948,0.152296157450797,0.0600750938673342,0.131628787878788,0.0434782608695652,0.999958829099592,0.481060606060606,0.518939393939394,89196,0,386200,0.955014058106842,0.00124395373291272,0.603543743078627,"high","medium","old"
"17031831600",8052,0.236835568802782,0.0526577247888723,0.0161450571286637,0.661326378539493,0.320417287630402,0.0416241062308478,0.218788627935723,0.0796359499431172,0.999967188571498,0.540997115780799,0.459002884219201,54755,1948,265700,0.966964729259811,0.000983251231527094,0.134256587805347,"medium","medium","old"
"17031804309",3124,0.371318822023047,0.0326504481434059,0.0838668373879641,0.501600512163892,0.250640204865557,0.0329545454545455,0.113247863247863,0,1,0.810897435897436,0.189102564102564,90111,1968,191600,0.98943661971831,0.000901399878271455,0.247854618879354,"medium","high","medium"
"17031820101",7155,0.83633822501747,0.0160726764500349,0.0767295597484277,0.0624737945492662,0.125227113906359,0.0304449648711944,0.0335305719921105,0.0376463144574502,0.999987624638866,0.946745562130177,0.0532544378698225,110833,1973,435400,0.991614255765199,0.000980897009966778,0.574597495527728,"high","high","medium"
"17031822301",3234,0.773964131106988,0,0.0176252319109462,0.200989486703772,0.195423623995053,0.0544648511716276,0.0823970037453183,0.116625310173697,0.999890812194652,0.929775280898876,0.0702247191011236,77045,1974,224100,0.992578849721707,0.00106381620931717,0.179453262786596,"medium","medium","medium"
"17031530100",2089,0.00382958353279081,0.368118717089516,0,0.577788415509813,0.272379128769746,0.168784029038113,0.473684210526316,0.169715447154472,0.999792313097333,0.356181150550796,0.643818849449204,33882,1950,90800,0.949736716132121,0.000937847866419295,0.0892983699503898,"low","low","old"
"17031210400",2351,0.236495108464483,0.0170140365801786,0.0131858783496385,0.700552956188856,0.247554232241599,0.0745501285347044,0.14625,0.180327868852459,0.999774640962078,0.34875,0.65125,47344,0,286200,0.967247979583156,0.000703623188405797,0.248294679399727,"medium","medium","old"
"17031081100",4404,0.69550408719346,0.0747048138056313,0.106721162579473,0.0790190735694823,0.21480472297911,0.0389454763331336,0.0870748299319728,0.0740157480314961,0.999974825209286,0.233673469387755,0.766326530612245,81976,1979,410400,0.955949137148047,0.00109017560512577,0.816843826655764,"high","medium","medium"
"17031220300",2072,0.635617760617761,0.0164092664092664,0.083011583011583,0.244208494208494,0.157818532818533,0.0261920752182673,0.0434298440979955,0.0873983739837398,0.999902683887847,0.512249443207127,0.487750556792873,92647,0,428600,0.979247104247104,0.00105148514851485,0.671976401179941,"high","high","old"
"17031804608",3237,0.557924003707136,0.00648748841519926,0.31263515600865,0.0401606425702811,0.391720729070127,0.034097261039687,0.043010752688172,0.05359565807327,0.999961581649451,0.811469534050179,0.188530465949821,101189,1982,247500,0.917207290701267,0.000906360424028269,0.553794829024187,"medium","high","medium"
"17031823002",5236,0.76585179526356,0.0805958747135218,0.0234912146676853,0.123567608861727,0.250763941940413,0.0311092918542775,0.106870229007634,0.0287303058387396,0.999986292980901,0.616889312977099,0.383110687022901,45441,1964,189300,0.993506493506494,0.00099314807765512,0.183971774193548,"medium","low","medium"
"17031813301",3216,0.0199004975124378,0.0282960199004975,0,0.951803482587065,0.352922885572139,0.023082145281738,0.218785796105384,0.192414431082331,0.999779642576021,0.378006872852234,0.621993127147766,53179,0,179300,1,0.000764125068568294,0.140485312899106,"medium","medium","old"
"17031301702",3961,0.0300429184549356,0,0,0.964655390053017,0.437515778843726,0.0997931747673216,0.157635467980296,0.0363924050632911,0.999970122070826,0.366995073891626,0.633004926108374,43030,0,154400,0.994698308507952,0.00127774583093732,0.065553235908142,"low","low","old"
"17031804611",3955,0.713021491782554,0.0106194690265487,0.143615676359039,0.1173198482933,0.206826801517067,0.0305164319248826,0.0386144236229415,0.0861442656979761,0.999951084581536,0.80465644520159,0.19534355479841,77083,1978,258600,0.984576485461441,0.000869976359338061,0.439378588314759,"medium","medium","medium"
"17031241500",2981,0.756122106675612,0.0161019792016102,0.0352230795035223,0.11640389131164,0.0959409594095941,0.044885627967199,0.0532724505327245,0.0607576840600429,0.99995376341337,0.449771689497717,0.550228310502283,158750,0,602200,0.923851056692385,0.00127383676582761,0.849740932642487,"high","high","old"
"17031420700",2452,0.00897226753670473,0.945758564437194,0,0.0216150081566069,0.0570962479608483,0.301499605367009,0.380995475113122,0.379910213243547,0.99965630801706,0.200904977375566,0.799095022624434,24979,0,118800,0.976345840130506,0.000983818770226537,0.140615191462649,"low","low","old"
"17031823705",4498,0.741440640284571,0.0453534904401956,0.00555802578923966,0.180969319697643,0.283459315251223,0.0265315967197299,0.0808210391276459,0.025625,0.999983563451691,0.703656189865298,0.296343810134702,64609,1968,252900,0.97332147621165,0.00090754877014419,0.290562036055143,"medium","medium","medium"
"17031580800",2206,0.0117860380779692,0,0.0122393472348141,0.975974614687217,0.515865820489574,0.103907637655417,0.28515625,0.0921985815602837,0.999819957066685,0.537109375,0.462890625,56000,0,197600,1,0.00107525870178739,0.0922087205146533,"medium","medium","old"
"17031828702",4207,0.201093415735679,0.669360589493701,0.000950796291894462,0.0560969812217732,0.0171143332541003,0.135820181731229,0.161825726141079,0.131531531531532,0.999909045941767,0.749654218533887,0.250345781466113,62286,1971,122000,0.927501782743047,0.000818063958513397,0.246677091477717,"low","medium","medium"
"17031063303",1160,0.826724137931034,0,0.144827586206897,0.0241379310344828,0.162068965517241,0.0475409836065574,0.0239808153477218,0.188715953307393,0.999773773068733,0.468824940047962,0.531175059952038,92200,1966,333500,0.995689655172414,0.000693430656934307,0.788719785138765,"medium","high","medium"
"17031030101",3791,0.367713004484305,0.264310208388288,0.183328936955948,0.161434977578475,0.457399103139013,0.129732225300092,0.160531697341513,0.166950596252129,0.999914654218956,0.29601226993865,0.70398773006135,46047,1960,228300,0.976787127407017,0.00110144124168514,0.430748391466305,"medium","medium","medium"
"17031808702",5304,0.596342383107089,0.0671191553544495,0.21606334841629,0.0923831070889894,0.160633484162896,0.0919097413318657,0.0153452685421995,0.214859437751004,0.999450789169768,0.739130434782609,0.260869565217391,60125,1945,229100,0.971907993966817,0.000853249475890985,0.823088455772114,"medium","medium","old"
"17031804108",3783,0.392545598731166,0.077451757864129,0.380385937086968,0.098598995506212,0.505418979645784,0.101769911504425,0.113066666666667,0.125058329444704,0.999933306672593,0.12,0.88,93048,1981,167000,0.948982289188475,0.00101330494944119,0.698977793443779,"low","high","medium"
"17031842200",3619,0.605692180160265,0.133462282398453,0.0980933959657364,0.0699088145896656,0.107488256424427,0.0394839718530102,0.104788999525842,0.0618327402135231,0.999970682348306,0.343290659080133,0.656709340919867,95296,2006,466400,0.90715667311412,0.000959393611261505,0.722145804676754,"high","high","new"
"17031802610",1977,0.738998482549317,0.00252908447142135,0.212443095599393,0.026302478502782,0.382903388973192,0.0150753768844221,0.0251322751322751,0.0169050715214564,0.999977639294296,0.925925925925926,0.0740740740740741,111042,1968,336100,0.980273141122914,0.000973053892215569,0.451732673267327,"medium","high","medium"
"17031834800",1692,0.00118203309692671,0.916666666666667,0.00236406619385343,0.0726950354609929,0.0449172576832151,0.256854256854257,0.523206751054852,0.320267686424474,0.999549755994629,0.180028129395218,0.819971870604782,17241,1973,118100,0.99290780141844,0.00101668653158522,0.169991326973114,"low","low","medium"
"17031330101",5082,0.540141676505313,0.0238095238095238,0.335104289649744,0.0529319165682802,0.532467532467532,0,0,0.0991288675277861,0.999966947118695,0.731243747915972,0.268756252084028,153561,2004,616900,0.951987406532861,0.000674464579901153,0.900586019254918,"high","high","new"
"17031803902",3518,0.661455372370665,0.011085844229676,0.0125071063104036,0.283968163729392,0.146674246731097,0.029064039408867,0.0211726384364821,0.054657428791378,0.999955492674157,0.877035830618892,0.122964169381107,86250,1956,240500,0.969016486640136,0.00106213364595545,0.319427402862986,"medium","medium","medium"
"17031990000",0,,,,,,,,,,,,,,,,,,,,
